{
  "type": "FeatureCollection",
  "name": "county_overlay",
  "crs": {
    "type": "name",
    "properties": {
      "name": "urn:ogc:def:crs:EPSG::4326"
    }
  },
  "features": [
    {
      "type": "Feature",
      "properties": {
        "name": "Cherokee"
      },
      "geometry": {
        "type": "Polygon",
        "coordinates": [
          [
            [
              -84.5997511840857,
              34.07681186261863
            ],
            [
              -84.61555174861019,
              34.0773552303523
            ],
            [
              -84.61541831667896,
              34.08166748917489
            ],
            [
              -84.62336863591541,
              34.081748416284164
            ],
            [
              -84.62428042077889,
              34.0774592794928
            ],
            [
              -84.65350201372074,
              34.078210745507455
            ],
            [
              -84.65923958676412,
              34.07824542855429
            ],
            [
              -84.65788302879649,
              34.142466870268706
            ],
            [
              -84.65771623888244,
              34.2026766395664
            ],
            [
              -84.65585931117266,
              34.213902385723856
            ],
            [
              -84.65374663892801,
              34.22720911469115
            ],
            [
              -84.65323514985825,
              34.250076803568035
            ],
            [
              -84.65399126413529,
              34.34693499234992
            ],
            [
              -84.6446843869312,
              34.34683094320943
            ],
            [
              -84.64429521046509,
              34.355166435464355
            ],
            [
              -84.6540357414457,
              34.355177996479966
            ],
            [
              -84.65322403053065,
              34.41259
            ],
            [
              -84.58282756747327,
              34.41218536445365
            ],
            [
              -84.58262741957641,
              34.38149086800868
            ],
            [
              -84.47571508466933,
              34.3806006698067
            ],
            [
              -84.4423237438762,
              34.38039257152572
            ],
            [
              -84.44212359597934,
              34.388196257062575
            ],
            [
              -84.4245217003831,
              34.3879997197972
            ],
            [
              -84.42453281971069,
              34.38058910879109
            ],
            [
              -84.40072633931173,
              34.38049662066621
            ],
            [
              -84.40078193594975,
              34.37327098590986
            ],
            [
              -84.39237572428155,
              34.37329410794108
            ],
            [
              -84.39213109907428,
              34.38069315793158
            ],
            [
              -84.25758723507265,
              34.380993744337445
            ],
            [
              -84.2580764854872,
              34.33515431744318
            ],
            [
              -84.25848790060853,
              34.29933829108291
            ],
            [
              -84.25852125859133,
              34.29504915429155
            ],
            [
              -84.25857685522935,
              34.28806630086301
            ],
            [
              -84.25868804850539,
              34.237093783037835
            ],
            [
              -84.25886595774705,
              34.20737041190412
            ],
            [
              -84.25902162833349,
              34.18591316693167
            ],
            [
              -84.27278735590654,
              34.18613282622827
            ],
            [
              -84.29966277072407,
              34.18619063130632
            ],
            [
              -84.32826168132011,
              34.18614438724387
            ],
            [
              -84.33705706945443,
              34.178976557565576
            ],
            [
              -84.34293919375665,
              34.176097864678646
            ],
            [
              -84.3521237583571,
              34.176826208662085
            ],
            [
              -84.35425866925695,
              34.17480303093031
            ],
            [
              -84.35649365410525,
              34.167727689376896
            ],
            [
              -84.36054108935289,
              34.162317134071344
            ],
            [
              -84.35682723393334,
              34.15468686376864
            ],
            [
              -84.3601852708696,
              34.15233997759978
            ],
            [
              -84.35885095155717,
              34.14090613316133
            ],
            [
              -84.36134168094034,
              34.13702163191632
            ],
            [
              -84.35972937843785,
              34.13163419864199
            ],
            [
              -84.36193100530333,
              34.124050172401724
            ],
            [
              -84.3792993950199,
              34.118766788267884
            ],
            [
              -84.38752769744644,
              34.119726352563525
            ],
            [
              -84.3883282890339,
              34.11823498154982
            ],
            [
              -84.3918975931946,
              34.11751819858199
            ],
            [
              -84.39354325367991,
              34.114604822648225
            ],
            [
              -84.39501100492356,
              34.115217556475564
            ],
            [
              -84.39984791243106,
              34.10957578085781
            ],
            [
              -84.40403989893755,
              34.11009602656027
            ],
            [
              -84.41117850725897,
              34.10788787257873
            ],
            [
              -84.4145031862124,
              34.1103619299193
            ],
            [
              -84.4184283088564,
              34.109043974139745
            ],
            [
              -84.41862845675327,
              34.09656963829639
            ],
            [
              -84.41853950213245,
              34.094257435174356
            ],
            [
              -84.41892867859856,
              34.07329731387314
            ],
            [
              -84.46052608316303,
              34.07419907309073
            ],
            [
              -84.48477733666614,
              34.07470775777758
            ],
            [
              -84.51183066072531,
              34.07519332043321
            ],
            [
              -84.51183066072531,
              34.07859225902259
            ],
            [
              -84.51543332286882,
              34.07869630816308
            ],
            [
              -84.51553339681725,
              34.0752973695737
            ],
            [
              -84.52199372615485,
              34.075401418714186
            ],
            [
              -84.53891734276729,
              34.07570200512005
            ],
            [
              -84.57168600121463,
              34.076303177931784
            ],
            [
              -84.58852066320622,
              34.07660376433765
            ],
            [
              -84.5997511840857,
              34.07681186261863
            ]
          ]
        ]
      }
    },
    {
      "type": "Feature",
      "properties": {
        "name": "Clayton"
      },
      "geometry": {
        "type": "Polygon",
        "coordinates": [
          [
            [
              -84.39307624192057,
              33.42004212682127
            ],
            [
              -84.40231640315902,
              33.42012305393054
            ],
            [
              -84.40213849391736,
              33.42527926689267
            ],
            [
              -84.402205209883,
              33.43636628086281
            ],
            [
              -84.39262034948882,
              33.43652813508135
            ],
            [
              -84.392531394868,
              33.44451679686797
            ],
            [
              -84.38374712606128,
              33.44441274772748
            ],
            [
              -84.38537054789138,
              33.447337684676846
            ],
            [
              -84.38756105542926,
              33.446054411944125
            ],
            [
              -84.38873970415523,
              33.44793885748858
            ],
            [
              -84.38840612432712,
              33.45140716217163
            ],
            [
              -84.38371376807847,
              33.455106687166875
            ],
            [
              -84.38478122352839,
              33.458713724037246
            ],
            [
              -84.38164557314423,
              33.463037543875444
            ],
            [
              -84.38652695796213,
              33.46734980269803
            ],
            [
              -84.38494801344245,
              33.47133835308353
            ],
            [
              -84.38707180501471,
              33.476436760967616
            ],
            [
              -84.39207550243626,
              33.47937325893259
            ],
            [
              -84.39747949565152,
              33.48574337853379
            ],
            [
              -84.40974411399812,
              33.49390545555456
            ],
            [
              -84.42042978782503,
              33.49398638266383
            ],
            [
              -84.42042978782503,
              33.509616875768764
            ],
            [
              -84.42754615749124,
              33.51714309693097
            ],
            [
              -84.4336061910351,
              33.52444965879659
            ],
            [
              -84.4339397708632,
              33.53524764737648
            ],
            [
              -84.43484043639909,
              33.54140966869669
            ],
            [
              -84.43945495735451,
              33.55071628626286
            ],
            [
              -84.45866915545325,
              33.55093594555946
            ],
            [
              -84.45892489998813,
              33.55975700047001
            ],
            [
              -84.45892489998813,
              33.56541033710337
            ],
            [
              -84.45862467814284,
              33.586451385513854
            ],
            [
              -84.45855796217722,
              33.59444004730047
            ],
            [
              -84.45853572352202,
              33.59994309073091
            ],
            [
              -84.45842453024598,
              33.61618631766318
            ],
            [
              -84.45843564957359,
              33.618984083440836
            ],
            [
              -84.45805759243507,
              33.62923870428705
            ],
            [
              -84.45772401260696,
              33.64886930879309
            ],
            [
              -84.45302053703071,
              33.6488808698087
            ],
            [
              -84.45293158240989,
              33.64410617036171
            ],
            [
              -84.4530094177031,
              33.64201362653627
            ],
            [
              -84.44822810683362,
              33.641204355443556
            ],
            [
              -84.44832818078206,
              33.646834570045705
            ],
            [
              -84.44830594212685,
              33.6487652596526
            ],
            [
              -84.44577073543327,
              33.64881150371504
            ],
            [
              -84.40494056447343,
              33.648510917309174
            ],
            [
              -84.39743501834111,
              33.64821033090331
            ],
            [
              -84.37987760005528,
              33.64810628176282
            ],
            [
              -84.36531128089477,
              33.64780569535696
            ],
            [
              -84.3502223533369,
              33.64790974449745
            ],
            [
              -84.32780578888837,
              33.6474010598106
            ],
            [
              -84.31833212177024,
              33.647216083560835
            ],
            [
              -84.28245005159394,
              33.647054229342295
            ],
            [
              -84.28127140286797,
              33.64741262082621
            ],
            [
              -84.28156050538567,
              33.64150494184942
            ],
            [
              -84.28146043143724,
              33.63936615396154
            ],
            [
              -84.27185333238786,
              33.63922742177422
            ],
            [
              -84.27205348028473,
              33.63121563795638
            ],
            [
              -84.26256869383899,
              33.6310075396754
            ],
            [
              -84.26274660308064,
              33.62448712687127
            ],
            [
              -84.26296898963271,
              33.606949066190666
            ],
            [
              -84.2532395779797,
              33.60692594415944
            ],
            [
              -84.2535620384802,
              33.600532702527026
            ],
            [
              -84.2532284586521,
              33.59876386713867
            ],
            [
              -84.2438548654824,
              33.598613573935744
            ],
            [
              -84.24389934279282,
              33.590289642696426
            ],
            [
              -84.25319510066929,
              33.590289642696426
            ],
            [
              -84.25308390739325,
              33.58372298582986
            ],
            [
              -84.25427367544683,
              33.58218537075371
            ],
            [
              -84.26358055265091,
              33.58224317583176
            ],
            [
              -84.26335816609883,
              33.57225445834459
            ],
            [
              -84.26339152408164,
              33.56932952139522
            ],
            [
              -84.263914132479,
              33.553826199461994
            ],
            [
              -84.26370286525454,
              33.54892432884329
            ],
            [
              -84.26863984671047,
              33.54895901189012
            ],
            [
              -84.26921805174584,
              33.54895901189012
            ],
            [
              -84.28387332552718,
              33.54907462204622
            ],
            [
              -84.29259087836827,
              33.54914398813988
            ],
            [
              -84.29280214559274,
              33.5408547399474
            ],
            [
              -84.2930134128172,
              33.53298168831689
            ],
            [
              -84.28251676755956,
              33.53287763917639
            ],
            [
              -84.2826613188184,
              33.52624161621616
            ],
            [
              -84.28325064318139,
              33.509050386003864
            ],
            [
              -84.28336183645742,
              33.50566300843008
            ],
            [
              -84.28383996754437,
              33.49555868078681
            ],
            [
              -84.28390668350998,
              33.48434449564496
            ],
            [
              -84.29414758423276,
              33.48432137361374
            ],
            [
              -84.29421430019838,
              33.476806713467134
            ],
            [
              -84.29430325481921,
              33.458077868178684
            ],
            [
              -84.29468131195772,
              33.43571886398864
            ],
            [
              -84.30432176898991,
              33.43573042500425
            ],
            [
              -84.30426617235189,
              33.43348758797588
            ],
            [
              -84.30422169504148,
              33.42742961579616
            ],
            [
              -84.31989994696232,
              33.427926739467395
            ],
            [
              -84.32338029650221,
              33.42803078860789
            ],
            [
              -84.32323574524335,
              33.43618130461305
            ],
            [
              -84.33063009809965,
              33.436031011410115
            ],
            [
              -84.35358039027315,
              33.43616974359744
            ],
            [
              -84.35381389615281,
              33.39729004810048
            ],
            [
              -84.3543921011882,
              33.35251423464235
            ],
            [
              -84.38811702180944,
              33.35246799057991
            ],
            [
              -84.38870634617241,
              33.356479662996634
            ],
            [
              -84.39507772088918,
              33.360260115101156
            ],
            [
              -84.39247579822998,
              33.366607112671126
            ],
            [
              -84.39617853432192,
              33.36865341243413
            ],
            [
              -84.394466157871,
              33.36974014790148
            ],
            [
              -84.39623413095994,
              33.373520600006
            ],
            [
              -84.38656031594495,
              33.37595997429975
            ],
            [
              -84.38733866887719,
              33.38006413484135
            ],
            [
              -84.38846172096514,
              33.37918549765498
            ],
            [
              -84.39047431926136,
              33.381902336323364
            ],
            [
              -84.389951710864,
              33.38571747147472
            ],
            [
              -84.39472190240588,
              33.38861928639287
            ],
            [
              -84.39278713940287,
              33.39094305053051
            ],
            [
              -84.39421041333611,
              33.39133612506125
            ],
            [
              -84.3948108570267,
              33.39436511115112
            ],
            [
              -84.39186423521178,
              33.396538582085824
            ],
            [
              -84.38858403356878,
              33.396076141461414
            ],
            [
              -84.38701620837669,
              33.400816157861584
            ],
            [
              -84.38416966051021,
              33.40194913739138
            ],
            [
              -84.38700508904908,
              33.4045966099661
            ],
            [
              -84.3867159865314,
              33.40979906699067
            ],
            [
              -84.38860627222398,
              33.41197253792538
            ],
            [
              -84.39307624192057,
              33.412007220972214
            ],
            [
              -84.39307624192057,
              33.42004212682127
            ]
          ]
        ]
      }
    },
    {
      "type": "Feature",
      "properties": {
        "name": "Cobb"
      },
      "geometry": {
        "type": "Polygon",
        "coordinates": [
          [
            [
              -84.72413198265778,
              33.80616848718488
            ],
            [
              -84.72503264819366,
              33.82006482794828
            ],
            [
              -84.72443220450307,
              33.8815578699787
            ],
            [
              -84.72422093727862,
              33.90359316573166
            ],
            [
              -84.72353153896721,
              33.93473854178542
            ],
            [
              -84.72297557258703,
              33.947525025050254
            ],
            [
              -84.72841292378511,
              33.947698440284405
            ],
            [
              -84.73964344466458,
              33.94760595215952
            ],
            [
              -84.73944329676772,
              33.9777455198552
            ],
            [
              -84.73924314887086,
              34.00286760677607
            ],
            [
              -84.73894292702558,
              34.02996662736628
            ],
            [
              -84.73884285307714,
              34.03472976579766
            ],
            [
              -84.73784211359283,
              34.079401530115305
            ],
            [
              -84.69046265867458,
              34.07859225902259
            ],
            [
              -84.65923958676412,
              34.07824542855429
            ],
            [
              -84.65350201372074,
              34.078210745507455
            ],
            [
              -84.62428042077889,
              34.0774592794928
            ],
            [
              -84.62336863591541,
              34.081748416284164
            ],
            [
              -84.61541831667896,
              34.08166748917489
            ],
            [
              -84.61555174861019,
              34.0773552303523
            ],
            [
              -84.5997511840857,
              34.07681186261863
            ],
            [
              -84.58852066320622,
              34.07660376433765
            ],
            [
              -84.57168600121463,
              34.076303177931784
            ],
            [
              -84.53891734276729,
              34.07570200512005
            ],
            [
              -84.52199372615485,
              34.075401418714186
            ],
            [
              -84.51553339681725,
              34.0752973695737
            ],
            [
              -84.51543332286882,
              34.07869630816308
            ],
            [
              -84.51183066072531,
              34.07859225902259
            ],
            [
              -84.51183066072531,
              34.07519332043321
            ],
            [
              -84.48477733666614,
              34.07470775777758
            ],
            [
              -84.46052608316303,
              34.07419907309073
            ],
            [
              -84.41892867859856,
              34.07329731387314
            ],
            [
              -84.41892867859856,
              34.07034925489255
            ],
            [
              -84.41902875254699,
              34.06137790677907
            ],
            [
              -84.41913994582303,
              34.05516964139642
            ],
            [
              -84.41660473912944,
              34.05140075030751
            ],
            [
              -84.41084492743086,
              34.04927352343524
            ],
            [
              -84.41164551901831,
              34.0430883800838
            ],
            [
              -84.40715331066652,
              34.03631362493625
            ],
            [
              -84.40528526362914,
              34.0372847502475
            ],
            [
              -84.40244983509027,
              34.03536562165622
            ],
            [
              -84.40408437624797,
              34.03263722197222
            ],
            [
              -84.40133790232991,
              34.03001287142872
            ],
            [
              -84.40132678300232,
              34.02579310073101
            ],
            [
              -84.39824672925616,
              34.02211669776698
            ],
            [
              -84.39962552587899,
              34.01904146761468
            ],
            [
              -84.39812441665252,
              34.016613654336545
            ],
            [
              -84.40007029898312,
              34.01489106301063
            ],
            [
              -84.40123782838148,
              34.01439393933939
            ],
            [
              -84.39940313932692,
              34.010255095750956
            ],
            [
              -84.40069298132892,
              34.00809318583186
            ],
            [
              -84.39682345532292,
              34.008116307863084
            ],
            [
              -84.39716815447863,
              34.00627810638107
            ],
            [
              -84.39445503854338,
              34.002775118651186
            ],
            [
              -84.39435496459495,
              34.002659508495086
            ],
            [
              -84.39223117302271,
              33.99931837498375
            ],
            [
              -84.38767224870529,
              33.99707553795538
            ],
            [
              -84.38986275624318,
              33.9952720195202
            ],
            [
              -84.3864491226689,
              33.992717035070356
            ],
            [
              -84.38333571093995,
              33.992809523195234
            ],
            [
              -84.37757589924136,
              33.9901504896049
            ],
            [
              -84.37481830599572,
              33.986797795077955
            ],
            [
              -84.3757300908592,
              33.977976740167406
            ],
            [
              -84.37797619503509,
              33.973687603376035
            ],
            [
              -84.3841807798378,
              33.971225107051076
            ],
            [
              -84.38305772774986,
              33.96692440924409
            ],
            [
              -84.38339130757797,
              33.96324800628007
            ],
            [
              -84.4012711863643,
              33.947848733487334
            ],
            [
              -84.40518518968071,
              33.94373301193012
            ],
            [
              -84.4177500298726,
              33.932056386163865
            ],
            [
              -84.43008136418482,
              33.92509665476655
            ],
            [
              -84.43673072209167,
              33.92262259742598
            ],
            [
              -84.4394438380269,
              33.91713111501115
            ],
            [
              -84.44648237239988,
              33.91194021900219
            ],
            [
              -84.44744975390138,
              33.90824069400694
            ],
            [
              -84.44271292034232,
              33.90154686596866
            ],
            [
              -84.4416788228752,
              33.89950056620567
            ],
            [
              -84.44371365982663,
              33.894644939649396
            ],
            [
              -84.44141195901271,
              33.89022863168632
            ],
            [
              -84.44419179091358,
              33.88741930489305
            ],
            [
              -84.44263508504909,
              33.88380070700707
            ],
            [
              -84.44309097748084,
              33.87921098380984
            ],
            [
              -84.44717177071131,
              33.87475999279993
            ],
            [
              -84.45391008323898,
              33.867638407184074
            ],
            [
              -84.45593380086281,
              33.86470190921909
            ],
            [
              -84.45423254373948,
              33.8588982793828
            ],
            [
              -84.45983668485162,
              33.85319869868699
            ],
            [
              -84.45853572352202,
              33.84860897548975
            ],
            [
              -84.46018138400733,
              33.84218105081051
            ],
            [
              -84.46032593526617,
              33.838943966439665
            ],
            [
              -84.45514432860297,
              33.82880495574956
            ],
            [
              -84.45550014708628,
              33.826804900049005
            ],
            [
              -84.45587820422479,
              33.82576440864409
            ],
            [
              -84.45787968319341,
              33.82457362403624
            ],
            [
              -84.46329479573629,
              33.82711704747048
            ],
            [
              -84.46843192508908,
              33.82740607286073
            ],
            [
              -84.47133406959358,
              33.82590314083141
            ],
            [
              -84.48333182407768,
              33.814700516705166
            ],
            [
              -84.48896932317263,
              33.81281607116071
            ],
            [
              -84.49512943066493,
              33.80853849538496
            ],
            [
              -84.50263497679725,
              33.799405293052935
            ],
            [
              -84.5079166574089,
              33.79553235282353
            ],
            [
              -84.52913233447626,
              33.783300798307984
            ],
            [
              -84.53354670753482,
              33.77912727167272
            ],
            [
              -84.53959562175109,
              33.76978597105971
            ],
            [
              -84.55923235429877,
              33.7577047097471
            ],
            [
              -84.57343173564837,
              33.745507838278385
            ],
            [
              -84.57813521122462,
              33.74350778257783
            ],
            [
              -84.57813521122462,
              33.74580842468425
            ],
            [
              -84.60158587314028,
              33.77654916519165
            ],
            [
              -84.60174154372672,
              33.77674570245703
            ],
            [
              -84.60637830333735,
              33.78290772377724
            ],
            [
              -84.62004395696198,
              33.80071168781688
            ],
            [
              -84.61998836032397,
              33.801544080940815
            ],
            [
              -84.62206767458581,
              33.80220305883059
            ],
            [
              -84.62276819222483,
              33.804179992499925
            ],
            [
              -84.62523668295279,
              33.804711799218
            ],
            [
              -84.65261246751245,
              33.80520892288923
            ],
            [
              -84.67107055133417,
              33.80549794827949
            ],
            [
              -84.6973344031335,
              33.805706046560466
            ],
            [
              -84.72413198265778,
              33.80616848718488
            ]
          ]
        ]
      }
    },
    {
      "type": "Feature",
      "properties": {
        "name": "DeKalb"
      },
      "geometry": {
        "type": "Polygon",
        "coordinates": [
          [
            [
              -84.34943288107706,
              33.72223551385514
            ],
            [
              -84.34943288107706,
              33.72399278822788
            ],
            [
              -84.34918825586979,
              33.74762350413504
            ],
            [
              -84.34917713654218,
              33.759739448494486
            ],
            [
              -84.34917713654218,
              33.75992442474425
            ],
            [
              -84.34914377855937,
              33.76546215122151
            ],
            [
              -84.34897698864532,
              33.77108080480805
            ],
            [
              -84.34882131805887,
              33.77631794487945
            ],
            [
              -84.34873236343805,
              33.77975156651567
            ],
            [
              -84.34865452814482,
              33.78296552885529
            ],
            [
              -84.34842102226514,
              33.790514872048725
            ],
            [
              -84.34832094831671,
              33.80635346343464
            ],
            [
              -84.34822087436828,
              33.80900093600936
            ],
            [
              -84.34849885755837,
              33.82511699176992
            ],
            [
              -84.34847661890316,
              33.82540601716018
            ],
            [
              -84.34846549957557,
              33.826354020440206
            ],
            [
              -84.34845438024796,
              33.839730115501155
            ],
            [
              -84.34837654495473,
              33.85253972079721
            ],
            [
              -84.3482764710063,
              33.8542391900919
            ],
            [
              -84.34828759033391,
              33.85748783547836
            ],
            [
              -84.34830982898912,
              33.86214692476925
            ],
            [
              -84.34823199369589,
              33.86521059390594
            ],
            [
              -84.34808744243705,
              33.88208967669677
            ],
            [
              -84.34830982898912,
              33.89089917059171
            ],
            [
              -84.34822087436828,
              33.90271452854529
            ],
            [
              -84.34790953319539,
              33.915003888138884
            ],
            [
              -84.34782057857456,
              33.938021870218705
            ],
            [
              -84.34782057857456,
              33.950056887468875
            ],
            [
              -84.34740916345324,
              33.96810363283633
            ],
            [
              -84.34616379876165,
              33.965976405964064
            ],
            [
              -84.33878056523297,
              33.96937534455345
            ],
            [
              -84.33733505264452,
              33.970878276582766
            ],
            [
              -84.3178762293385,
              33.96657757877579
            ],
            [
              -84.31655302935368,
              33.966045772057726
            ],
            [
              -84.30249819926294,
              33.960068726987274
            ],
            [
              -84.2998184413105,
              33.959340383003834
            ],
            [
              -84.29410310692235,
              33.959721896518964
            ],
            [
              -84.28049304993573,
              33.956022371523716
            ],
            [
              -84.27709053568908,
              33.95761779167792
            ],
            [
              -84.27532256260014,
              33.95409168191682
            ],
            [
              -84.27146415592173,
              33.955895200352
            ],
            [
              -84.2658600148096,
              33.94792966059661
            ],
            [
              -84.26724993076003,
              33.947131950519505
            ],
            [
              -84.27046341643744,
              33.94401047630477
            ],
            [
              -84.26492599129092,
              33.93120087100871
            ],
            [
              -84.25828775271167,
              33.91789414204142
            ],
            [
              -84.25241674773704,
              33.9116049495495
            ],
            [
              -84.23860654285357,
              33.90530419604196
            ],
            [
              -84.2380728151286,
              33.90507297572976
            ],
            [
              -84.2377503546281,
              33.90485331643317
            ],
            [
              -84.232201810154,
              33.90198618456185
            ],
            [
              -84.22486305393572,
              33.892899226292265
            ],
            [
              -84.22192755144842,
              33.89125756207562
            ],
            [
              -84.21786899687316,
              33.8864481795818
            ],
            [
              -84.21335454986617,
              33.88285270372704
            ],
            [
              -84.20769481211602,
              33.87792771107711
            ],
            [
              -84.2050817701292,
              33.876806292562925
            ],
            [
              -84.20351394493711,
              33.87300271842719
            ],
            [
              -84.19628638199488,
              33.87097954069541
            ],
            [
              -84.190871269452,
              33.86719908859089
            ],
            [
              -84.18804696024073,
              33.86658635476355
            ],
            [
              -84.17931828807203,
              33.86428571265713
            ],
            [
              -84.17493727299627,
              33.85963818438184
            ],
            [
              -84.16378458741002,
              33.855036900169004
            ],
            [
              -84.15760224126251,
              33.853013722437225
            ],
            [
              -84.14832872204124,
              33.84267817448175
            ],
            [
              -84.1343294885885,
              33.834273316133164
            ],
            [
              -84.13221681634386,
              33.829498616686166
            ],
            [
              -84.12625685674841,
              33.8230475699757
            ],
            [
              -84.12610118616196,
              33.82287415474155
            ],
            [
              -84.11341403336644,
              33.807509564995655
            ],
            [
              -84.09722429237583,
              33.79837636266363
            ],
            [
              -84.07588630270483,
              33.77748560745608
            ],
            [
              -84.07051566747236,
              33.77480345183452
            ],
            [
              -84.05820657181536,
              33.77276871308713
            ],
            [
              -84.05811761719454,
              33.77272246902469
            ],
            [
              -84.05211318028867,
              33.76671074090741
            ],
            [
              -84.04331779215435,
              33.76230599395994
            ],
            [
              -84.04031557370142,
              33.7577047097471
            ],
            [
              -84.02371441758949,
              33.75280283912839
            ],
            [
              -84.04653127783175,
              33.7348254598546
            ],
            [
              -84.05441488110259,
              33.72844377923779
            ],
            [
              -84.06041931800844,
              33.719414626046266
            ],
            [
              -84.07432959684034,
              33.69289365623656
            ],
            [
              -84.07812128755312,
              33.685309629996304
            ],
            [
              -84.08397005387253,
              33.67432666516665
            ],
            [
              -84.09994852763867,
              33.64405992629926
            ],
            [
              -84.10434066204203,
              33.636025020450205
            ],
            [
              -84.11579356947358,
              33.61466026360264
            ],
            [
              -84.11699445685475,
              33.61720368703687
            ],
            [
              -84.11552670561109,
              33.61889159531596
            ],
            [
              -84.1188180265817,
              33.62218648476485
            ],
            [
              -84.12349926350277,
              33.62366629476295
            ],
            [
              -84.12384396265847,
              33.625608545385454
            ],
            [
              -84.12801371050976,
              33.62676464694647
            ],
            [
              -84.12849184159671,
              33.63016358553586
            ],
            [
              -84.12969272897787,
              33.63144685826858
            ],
            [
              -84.14048959608081,
              33.631469980299805
            ],
            [
              -84.1411122784266,
              33.634117452874534
            ],
            [
              -84.13832132719814,
              33.63766668466685
            ],
            [
              -84.14313599605043,
              33.63625624076241
            ],
            [
              -84.15058594554475,
              33.63858000490005
            ],
            [
              -84.15446659087834,
              33.64574783457835
            ],
            [
              -84.15861410007443,
              33.64447612286123
            ],
            [
              -84.16159407987215,
              33.63774761177612
            ],
            [
              -84.17312482259692,
              33.640973135131354
            ],
            [
              -84.170178200782,
              33.64589812778128
            ],
            [
              -84.18414407625193,
              33.646152470124704
            ],
            [
              -84.18744651655014,
              33.64617559215593
            ],
            [
              -84.22395126907224,
              33.64656866668667
            ],
            [
              -84.22421813293472,
              33.631412175221755
            ],
            [
              -84.23761692269687,
              33.63071851428514
            ],
            [
              -84.24545604865729,
              33.630730075300754
            ],
            [
              -84.24576738983019,
              33.64692705817058
            ],
            [
              -84.25391785696351,
              33.647042668326684
            ],
            [
              -84.25415136284319,
              33.647042668326684
            ],
            [
              -84.28127140286797,
              33.64741262082621
            ],
            [
              -84.28245005159394,
              33.647054229342295
            ],
            [
              -84.31833212177024,
              33.647216083560835
            ],
            [
              -84.32780578888837,
              33.6474010598106
            ],
            [
              -84.3502223533369,
              33.64790974449745
            ],
            [
              -84.34941064242186,
              33.680349954299544
            ],
            [
              -84.34951071637029,
              33.709264054340544
            ],
            [
              -84.34947735838747,
              33.71764579065791
            ],
            [
              -84.34943288107706,
              33.72223551385514
            ]
          ]
        ]
      }
    },
    {
      "type": "Feature",
      "properties": {
        "name": "Douglas"
      },
      "geometry": {
        "type": "Polygon",
        "coordinates": [
          [
            [
              -84.80893909428923,
              33.57408109881099
            ],
            [
              -84.82429488570958,
              33.57357241412414
            ],
            [
              -84.82427264705437,
              33.576555156151564
            ],
            [
              -84.82997686211493,
              33.57663608326084
            ],
            [
              -84.83004357808055,
              33.57376895138952
            ],
            [
              -84.90578843771519,
              33.57337587685877
            ],
            [
              -84.90488777217931,
              33.60522647486475
            ],
            [
              -84.90230808817532,
              33.67447695836959
            ],
            [
              -84.90156309322587,
              33.721992732527326
            ],
            [
              -84.91102564101641,
              33.72210834268343
            ],
            [
              -84.91086997042996,
              33.73023573665737
            ],
            [
              -84.90233032683052,
              33.730594128141284
            ],
            [
              -84.90204122431282,
              33.74828248202482
            ],
            [
              -84.90168540582953,
              33.7806995697957
            ],
            [
              -84.87914652877734,
              33.77475720777208
            ],
            [
              -84.83271221670537,
              33.77601735847359
            ],
            [
              -84.83271221670537,
              33.77852609886099
            ],
            [
              -84.79985460363721,
              33.77991342073421
            ],
            [
              -84.80026601875853,
              33.78224874588746
            ],
            [
              -84.7674973603112,
              33.78689627416274
            ],
            [
              -84.75039583445711,
              33.78772866728667
            ],
            [
              -84.72410974400258,
              33.78860730447305
            ],
            [
              -84.72412086333019,
              33.79143975329754
            ],
            [
              -84.72413198265778,
              33.80616848718488
            ],
            [
              -84.6973344031335,
              33.805706046560466
            ],
            [
              -84.67107055133417,
              33.80549794827949
            ],
            [
              -84.65261246751245,
              33.80520892288923
            ],
            [
              -84.62523668295279,
              33.804711799218
            ],
            [
              -84.62276819222483,
              33.804179992499925
            ],
            [
              -84.62206767458581,
              33.80220305883059
            ],
            [
              -84.61998836032397,
              33.801544080940815
            ],
            [
              -84.62004395696198,
              33.80071168781688
            ],
            [
              -84.60637830333735,
              33.78290772377724
            ],
            [
              -84.60174154372672,
              33.77674570245703
            ],
            [
              -84.60158587314028,
              33.77654916519165
            ],
            [
              -84.57813521122462,
              33.74580842468425
            ],
            [
              -84.57813521122462,
              33.74350778257783
            ],
            [
              -84.58256070361078,
              33.73736888328884
            ],
            [
              -84.58681940608291,
              33.72911431814318
            ],
            [
              -84.59432495221523,
              33.72901026900269
            ],
            [
              -84.60173042439912,
              33.724408984789854
            ],
            [
              -84.60253101598657,
              33.71970365143652
            ],
            [
              -84.60518853528379,
              33.71709086190862
            ],
            [
              -84.60803508315027,
              33.71290577425774
            ],
            [
              -84.61572965785184,
              33.70961088480885
            ],
            [
              -84.62123372501556,
              33.70451247692477
            ],
            [
              -84.63213066606693,
              33.70031582825828
            ],
            [
              -84.6301180677707,
              33.69311331553316
            ],
            [
              -84.63052948289203,
              33.69030398873989
            ],
            [
              -84.64082598025281,
              33.68380669796698
            ],
            [
              -84.64903204402415,
              33.68591080280803
            ],
            [
              -84.65273478011609,
              33.68361016070161
            ],
            [
              -84.65372440027281,
              33.67520530235303
            ],
            [
              -84.65193418852866,
              33.66791030150302
            ],
            [
              -84.65642639688043,
              33.65941295502955
            ],
            [
              -84.66143009430199,
              33.65700826378264
            ],
            [
              -84.67393933785586,
              33.65647645706457
            ],
            [
              -84.67713058487804,
              33.65541284362844
            ],
            [
              -84.68582589906393,
              33.65111214582146
            ],
            [
              -84.71053304499878,
              33.64640681246813
            ],
            [
              -84.71672651047389,
              33.64180552825528
            ],
            [
              -84.72523279609052,
              33.639204299743
            ],
            [
              -84.73003634561522,
              33.63651058310583
            ],
            [
              -84.73571832202057,
              33.624614298042985
            ],
            [
              -84.74177835556445,
              33.62375878288783
            ],
            [
              -84.74883912859264,
              33.6318052497525
            ],
            [
              -84.75274201258144,
              33.6302098295983
            ],
            [
              -84.7529421604783,
              33.62790918749188
            ],
            [
              -84.76310522590785,
              33.614209383993845
            ],
            [
              -84.77559223080651,
              33.60966590485905
            ],
            [
              -84.7832979248357,
              33.6035732496325
            ],
            [
              -84.79654104401139,
              33.59559614886149
            ],
            [
              -84.80499173299,
              33.587306900669006
            ],
            [
              -84.80740462707995,
              33.583087129971304
            ],
            [
              -84.80893909428923,
              33.57408109881099
            ]
          ]
        ]
      }
    },
    {
      "type": "Feature",
      "properties": {
        "name": "Fayette"
      },
      "geometry": {
        "type": "Polygon",
        "coordinates": [
          [
            [
              -84.54439917127578,
              33.33840979559796
            ],
            [
              -84.54953630062857,
              33.3382363803638
            ],
            [
              -84.55176016614926,
              33.34224805278053
            ],
            [
              -84.55991063328258,
              33.340560144501445
            ],
            [
              -84.56277941980427,
              33.34249083410835
            ],
            [
              -84.56888393065856,
              33.34823665886659
            ],
            [
              -84.57145249533495,
              33.348560367303676
            ],
            [
              -84.57701215913667,
              33.35856064580646
            ],
            [
              -84.58186018597178,
              33.35661839518396
            ],
            [
              -84.58618560440951,
              33.358017278072786
            ],
            [
              -84.58636351365116,
              33.36063006760068
            ],
            [
              -84.58877640774111,
              33.36264168431685
            ],
            [
              -84.5871196279282,
              33.36510418064181
            ],
            [
              -84.59126713712428,
              33.367901946419465
            ],
            [
              -84.58998841444989,
              33.36865341243413
            ],
            [
              -84.59276824635074,
              33.3730581593816
            ],
            [
              -84.59272376904033,
              33.379705743357434
            ],
            [
              -84.59470300935375,
              33.38227228882289
            ],
            [
              -84.59729381268535,
              33.38138209062091
            ],
            [
              -84.59783865973792,
              33.385578739287396
            ],
            [
              -84.60686755375191,
              33.39179856568566
            ],
            [
              -84.6062115134233,
              33.39335930279303
            ],
            [
              -84.60908029994499,
              33.39308183841839
            ],
            [
              -84.60670076383785,
              33.395359358493586
            ],
            [
              -84.60968074363558,
              33.397105071850724
            ],
            [
              -84.60911365792781,
              33.40039996129961
            ],
            [
              -84.61309437720983,
              33.40153294082941
            ],
            [
              -84.6200884342724,
              33.41277024800248
            ],
            [
              -84.61843165445949,
              33.41457376643767
            ],
            [
              -84.61921000739173,
              33.422469940099404
            ],
            [
              -84.62354654515707,
              33.43562637586376
            ],
            [
              -84.6272048039386,
              33.43998487874879
            ],
            [
              -84.62570369471213,
              33.443499427494274
            ],
            [
              -84.62632637705792,
              33.447002415224155
            ],
            [
              -84.62441385271013,
              33.44895622686227
            ],
            [
              -84.62680450814487,
              33.450667257172576
            ],
            [
              -84.62667107621364,
              33.45710674286743
            ],
            [
              -84.62514772833197,
              33.4586674799748
            ],
            [
              -84.62701577536934,
              33.46099124411244
            ],
            [
              -84.62506989303874,
              33.46272539645397
            ],
            [
              -84.62673779217926,
              33.46451735387354
            ],
            [
              -84.62321296532896,
              33.46836717207172
            ],
            [
              -84.62677115016207,
              33.47466792557926
            ],
            [
              -84.62618182579908,
              33.476748908389084
            ],
            [
              -84.61788680740692,
              33.483858932989335
            ],
            [
              -84.60953619237674,
              33.50250685116851
            ],
            [
              -84.60725673021803,
              33.50456471194712
            ],
            [
              -84.60787941256382,
              33.50725842858429
            ],
            [
              -84.60566666637074,
              33.51107356373564
            ],
            [
              -84.59967334879248,
              33.51251869068691
            ],
            [
              -84.59513666313028,
              33.518218271382715
            ],
            [
              -84.57601141965236,
              33.52337448434485
            ],
            [
              -84.55685281819163,
              33.528403526135264
            ],
            [
              -84.53134508066934,
              33.534484620346205
            ],
            [
              -84.52373946058859,
              33.53648467604676
            ],
            [
              -84.46454016042787,
              33.549779843998444
            ],
            [
              -84.45866915545325,
              33.55093594555946
            ],
            [
              -84.43945495735451,
              33.55071628626286
            ],
            [
              -84.43484043639909,
              33.54140966869669
            ],
            [
              -84.4339397708632,
              33.53524764737648
            ],
            [
              -84.4336061910351,
              33.52444965879659
            ],
            [
              -84.42754615749124,
              33.51714309693097
            ],
            [
              -84.42042978782503,
              33.509616875768764
            ],
            [
              -84.42042978782503,
              33.49398638266383
            ],
            [
              -84.40974411399812,
              33.49390545555456
            ],
            [
              -84.39747949565152,
              33.48574337853379
            ],
            [
              -84.39207550243626,
              33.47937325893259
            ],
            [
              -84.38707180501471,
              33.476436760967616
            ],
            [
              -84.38494801344245,
              33.47133835308353
            ],
            [
              -84.38652695796213,
              33.46734980269803
            ],
            [
              -84.38164557314423,
              33.463037543875444
            ],
            [
              -84.38478122352839,
              33.458713724037246
            ],
            [
              -84.38371376807847,
              33.455106687166875
            ],
            [
              -84.38840612432712,
              33.45140716217163
            ],
            [
              -84.38873970415523,
              33.44793885748858
            ],
            [
              -84.38756105542926,
              33.446054411944125
            ],
            [
              -84.38537054789138,
              33.447337684676846
            ],
            [
              -84.38374712606128,
              33.44441274772748
            ],
            [
              -84.392531394868,
              33.44451679686797
            ],
            [
              -84.39262034948882,
              33.43652813508135
            ],
            [
              -84.402205209883,
              33.43636628086281
            ],
            [
              -84.40213849391736,
              33.42527926689267
            ],
            [
              -84.40231640315902,
              33.42012305393054
            ],
            [
              -84.39307624192057,
              33.42004212682127
            ],
            [
              -84.39307624192057,
              33.412007220972214
            ],
            [
              -84.38860627222398,
              33.41197253792538
            ],
            [
              -84.3867159865314,
              33.40979906699067
            ],
            [
              -84.38700508904908,
              33.4045966099661
            ],
            [
              -84.38416966051021,
              33.40194913739138
            ],
            [
              -84.38701620837669,
              33.400816157861584
            ],
            [
              -84.38858403356878,
              33.396076141461414
            ],
            [
              -84.39186423521178,
              33.396538582085824
            ],
            [
              -84.3948108570267,
              33.39436511115112
            ],
            [
              -84.39421041333611,
              33.39133612506125
            ],
            [
              -84.39278713940287,
              33.39094305053051
            ],
            [
              -84.39472190240588,
              33.38861928639287
            ],
            [
              -84.389951710864,
              33.38571747147472
            ],
            [
              -84.39047431926136,
              33.381902336323364
            ],
            [
              -84.38846172096514,
              33.37918549765498
            ],
            [
              -84.38733866887719,
              33.38006413484135
            ],
            [
              -84.38656031594495,
              33.37595997429975
            ],
            [
              -84.39623413095994,
              33.373520600006
            ],
            [
              -84.394466157871,
              33.36974014790148
            ],
            [
              -84.39617853432192,
              33.36865341243413
            ],
            [
              -84.39247579822998,
              33.366607112671126
            ],
            [
              -84.39507772088918,
              33.360260115101156
            ],
            [
              -84.38870634617241,
              33.356479662996634
            ],
            [
              -84.38811702180944,
              33.35246799057991
            ],
            [
              -84.38583755965072,
              33.35027139761398
            ],
            [
              -84.38273526724936,
              33.341901222312224
            ],
            [
              -84.38353585883681,
              33.338872236222365
            ],
            [
              -84.38582644032311,
              33.34127692746928
            ],
            [
              -84.38584867897833,
              33.33890691926919
            ],
            [
              -84.38872858482762,
              33.33933467684677
            ],
            [
              -84.38960701170829,
              33.337138083880845
            ],
            [
              -84.38851731760316,
              33.335773884038844
            ],
            [
              -84.39051879657177,
              33.334259390993914
            ],
            [
              -84.38902880667291,
              33.33187782177822
            ],
            [
              -84.38660479325536,
              33.33142694216942
            ],
            [
              -84.38442540504509,
              33.3241203803038
            ],
            [
              -84.38552621847782,
              33.32170412804128
            ],
            [
              -84.38403622857896,
              33.31961158421584
            ],
            [
              -84.38883977810366,
              33.31538025250253
            ],
            [
              -84.39326527048982,
              33.31686006250063
            ],
            [
              -84.39296504864453,
              33.30888296172962
            ],
            [
              -84.39721263178905,
              33.30147235072351
            ],
            [
              -84.39839128051501,
              33.30142610666107
            ],
            [
              -84.39850247379104,
              33.304223872438726
            ],
            [
              -84.40296132416002,
              33.30527592485925
            ],
            [
              -84.4083764367029,
              33.298420242602425
            ],
            [
              -84.40859882325496,
              33.29405017870179
            ],
            [
              -84.41284640639948,
              33.29458198541985
            ],
            [
              -84.41331341815882,
              33.29232758737588
            ],
            [
              -84.41910658784022,
              33.29355305503055
            ],
            [
              -84.41847278616682,
              33.29188826878269
            ],
            [
              -84.42042978782503,
              33.290824655346555
            ],
            [
              -84.41910658784022,
              33.28726386253863
            ],
            [
              -84.42288715922538,
              33.28645459144592
            ],
            [
              -84.4264675827137,
              33.2789168092681
            ],
            [
              -84.42924741461455,
              33.276766460364605
            ],
            [
              -84.42851353899273,
              33.27567972489725
            ],
            [
              -84.43080412047904,
              33.275818457084576
            ],
            [
              -84.42998129023638,
              33.27291664216642
            ],
            [
              -84.43177150198053,
              33.27171429654297
            ],
            [
              -84.43041494401291,
              33.26847721217212
            ],
            [
              -84.43131560954879,
              33.26317070600706
            ],
            [
              -84.43282783810287,
              33.263378804288045
            ],
            [
              -84.43338380448303,
              33.26160996889969
            ],
            [
              -84.43290567339609,
              33.2565
            ],
            [
              -84.49753120542728,
              33.25742488124882
            ],
            [
              -84.50216796503791,
              33.26141343163432
            ],
            [
              -84.50009977010367,
              33.26488173631736
            ],
            [
              -84.50386922216124,
              33.2700495102951
            ],
            [
              -84.5030686305738,
              33.27284727607276
            ],
            [
              -84.50671577002772,
              33.27522884528845
            ],
            [
              -84.50746076497715,
              33.27881276012761
            ],
            [
              -84.50442518854142,
              33.2809746700467
            ],
            [
              -84.5060152523887,
              33.2829053596536
            ],
            [
              -84.50879508428956,
              33.280986231062315
            ],
            [
              -84.51143036493158,
              33.28198047840478
            ],
            [
              -84.51220871786383,
              33.2806278395784
            ],
            [
              -84.51337624726219,
              33.28214233262333
            ],
            [
              -84.51286475819242,
              33.286385225352255
            ],
            [
              -84.51861345056341,
              33.2970213597136
            ],
            [
              -84.51552227748965,
              33.30006190681907
            ],
            [
              -84.51467720859179,
              33.30368050470505
            ],
            [
              -84.52007008247945,
              33.308489887198874
            ],
            [
              -84.52042590096276,
              33.31264029180292
            ],
            [
              -84.52189365220642,
              33.313160537505375
            ],
            [
              -84.5179351715796,
              33.31578488804888
            ],
            [
              -84.51800188754521,
              33.31776182171822
            ],
            [
              -84.52223835136212,
              33.31909133851339
            ],
            [
              -84.52650817316184,
              33.32156539585396
            ],
            [
              -84.52825390759558,
              33.327010634206346
            ],
            [
              -84.53050001177148,
              33.32859449334494
            ],
            [
              -84.53158970587661,
              33.32758868498685
            ],
            [
              -84.53528132264096,
              33.331230404904055
            ],
            [
              -84.5344807310535,
              33.33551954169542
            ],
            [
              -84.53656004531535,
              33.33576232302323
            ],
            [
              -84.54064083854581,
              33.33331138771388
            ],
            [
              -84.54205299315146,
              33.33548485864859
            ],
            [
              -84.54377648892999,
              33.335438614586145
            ],
            [
              -84.54439917127578,
              33.33840979559796
            ]
          ]
        ]
      }
    },
    {
      "type": "Feature",
      "properties": {
        "name": "Forsyth"
      },
      "geometry": {
        "type": "Polygon",
        "coordinates": [
          [
            [
              -84.18538944094351,
              34.08230334503345
            ],
            [
              -84.18939239888074,
              34.085471063310635
            ],
            [
              -84.19984456682798,
              34.08999142041421
            ],
            [
              -84.20583788440624,
              34.09060415424155
            ],
            [
              -84.20981860368826,
              34.09422275212752
            ],
            [
              -84.21375484565989,
              34.09914774477745
            ],
            [
              -84.22116031784378,
              34.10039633446335
            ],
            [
              -84.23025592782339,
              34.096604321343214
            ],
            [
              -84.23540417650378,
              34.10134433774338
            ],
            [
              -84.24458874110422,
              34.102743220632206
            ],
            [
              -84.25408464687756,
              34.10429239672397
            ],
            [
              -84.25534113089675,
              34.10802660476605
            ],
            [
              -84.25894379304026,
              34.10951797577976
            ],
            [
              -84.25894379304026,
              34.12721789067891
            ],
            [
              -84.25888819640225,
              34.13659387433874
            ],
            [
              -84.25889931572985,
              34.15486027900279
            ],
            [
              -84.25902162833349,
              34.17837538475385
            ],
            [
              -84.25902162833349,
              34.18591316693167
            ],
            [
              -84.25886595774705,
              34.20737041190412
            ],
            [
              -84.25868804850539,
              34.237093783037835
            ],
            [
              -84.25857685522935,
              34.28806630086301
            ],
            [
              -84.25852125859133,
              34.29504915429155
            ],
            [
              -84.25848790060853,
              34.29933829108291
            ],
            [
              -84.2580764854872,
              34.33515431744318
            ],
            [
              -84.17638278558472,
              34.334865292052925
            ],
            [
              -84.1148706652825,
              34.3346109497095
            ],
            [
              -84.04415174172462,
              34.334345046350464
            ],
            [
              -84.01854393025388,
              34.334310363303636
            ],
            [
              -83.95707628726207,
              34.33400977689777
            ],
            [
              -83.95280646546236,
              34.33101547385474
            ],
            [
              -83.94546770924408,
              34.32924663846639
            ],
            [
              -83.94574569243417,
              34.32421759667597
            ],
            [
              -83.9506604352349,
              34.323049934099345
            ],
            [
              -83.9533068352045,
              34.31796308723087
            ],
            [
              -83.94982648566463,
              34.31230975059751
            ],
            [
              -83.94261004204999,
              34.30202044670447
            ],
            [
              -83.94654628402162,
              34.297280430304305
            ],
            [
              -83.9409977395475,
              34.29178894788948
            ],
            [
              -83.93965230090748,
              34.292736951169516
            ],
            [
              -83.93956334628666,
              34.29877180131801
            ],
            [
              -83.93201332284391,
              34.29840184881849
            ],
            [
              -83.93155743041218,
              34.29651740327404
            ],
            [
              -83.93628314464364,
              34.29470232382324
            ],
            [
              -83.93414823374378,
              34.28605468414684
            ],
            [
              -83.93135728251532,
              34.28561536555366
            ],
            [
              -83.93116825394605,
              34.29110684796848
            ],
            [
              -83.92815491616552,
              34.2896501600016
            ],
            [
              -83.92553075485111,
              34.28570785367854
            ],
            [
              -83.92742104054369,
              34.2792914900149
            ],
            [
              -83.9425989227224,
              34.27475957189572
            ],
            [
              -83.95331795453211,
              34.269048430184306
            ],
            [
              -83.95401847217113,
              34.26686339823399
            ],
            [
              -83.95051588397604,
              34.26159157511575
            ],
            [
              -83.95358481839459,
              34.25323296082961
            ],
            [
              -83.9500711108719,
              34.2478686495865
            ],
            [
              -83.94954850247454,
              34.24015745217452
            ],
            [
              -83.97214297616473,
              34.227625311253114
            ],
            [
              -83.97025269047215,
              34.222735001650015
            ],
            [
              -83.96455959473919,
              34.22154421704217
            ],
            [
              -83.96697248882913,
              34.21574058720587
            ],
            [
              -83.97834756096745,
              34.21360179931799
            ],
            [
              -83.98505251551232,
              34.19990199581996
            ],
            [
              -83.99152396417753,
              34.19441051340514
            ],
            [
              -83.99573818933924,
              34.193751535515354
            ],
            [
              -84.00246538253931,
              34.19587876238763
            ],
            [
              -84.00689087492549,
              34.192306408564086
            ],
            [
              -84.01146091857049,
              34.19102313583136
            ],
            [
              -84.02130152349955,
              34.19407524395244
            ],
            [
              -84.03070847465206,
              34.19531227262273
            ],
            [
              -84.04134967116855,
              34.19362436434365
            ],
            [
              -84.04968916687113,
              34.19075723247233
            ],
            [
              -84.05763948610759,
              34.18327725537256
            ],
            [
              -84.06225400706302,
              34.168444472344724
            ],
            [
              -84.062843331426,
              34.167877982579824
            ],
            [
              -84.07462981868564,
              34.16368133391334
            ],
            [
              -84.07652010437823,
              34.15778521595216
            ],
            [
              -84.0858158622547,
              34.148316744167445
            ],
            [
              -84.08553787906462,
              34.142409065190655
            ],
            [
              -84.09474468232027,
              34.13235098160982
            ],
            [
              -84.09334364704223,
              34.12626988739888
            ],
            [
              -84.09750227556592,
              34.12292875388754
            ],
            [
              -84.09801376463568,
              34.118778349283495
            ],
            [
              -84.10180545534845,
              34.115679997099974
            ],
            [
              -84.1016275461068,
              34.10507854578546
            ],
            [
              -84.10990032584375,
              34.09841940079401
            ],
            [
              -84.10990032584375,
              34.09253484384844
            ],
            [
              -84.11372537453934,
              34.08579477174772
            ],
            [
              -84.11332507874562,
              34.07828011160112
            ],
            [
              -84.11792848037344,
              34.065562994429946
            ],
            [
              -84.11180173086395,
              34.063135181151814
            ],
            [
              -84.10620870907941,
              34.05478812788128
            ],
            [
              -84.10081583519174,
              34.053400806008064
            ],
            [
              -84.09769130413518,
              34.050707089370896
            ],
            [
              -84.11550446695588,
              34.05106548085481
            ],
            [
              -84.13291733398287,
              34.05703096490965
            ],
            [
              -84.14361412713738,
              34.0553777396774
            ],
            [
              -84.15361040265287,
              34.05986341373414
            ],
            [
              -84.15960372023113,
              34.06291552185522
            ],
            [
              -84.1627171319601,
              34.06638382653827
            ],
            [
              -84.16807664786495,
              34.06802549075491
            ],
            [
              -84.17833978724293,
              34.0704070599706
            ],
            [
              -84.18538944094351,
              34.08230334503345
            ]
          ]
        ]
      }
    },
    {
      "type": "Feature",
      "properties": {
        "name": "Fulton"
      },
      "geometry": {
        "type": "Polygon",
        "coordinates": [
          [
            [
              -84.67072585217846,
              33.5111429298293
            ],
            [
              -84.67223808073253,
              33.509952145221455
            ],
            [
              -84.67230479669816,
              33.51109668576686
            ],
            [
              -84.68002161005494,
              33.511466638266384
            ],
            [
              -84.85071440809534,
              33.51145507725077
            ],
            [
              -84.84428743674056,
              33.51469216162162
            ],
            [
              -84.8276084453354,
              33.51332796177962
            ],
            [
              -84.81505472447111,
              33.52118945239452
            ],
            [
              -84.81516591774715,
              33.524646196061965
            ],
            [
              -84.8221154974993,
              33.53216085620856
            ],
            [
              -84.82649651257506,
              33.54083161791618
            ],
            [
              -84.83164476125545,
              33.544045580255805
            ],
            [
              -84.83260102342935,
              33.54706300533005
            ],
            [
              -84.82768628062863,
              33.55346780797808
            ],
            [
              -84.82445055629603,
              33.56337559835599
            ],
            [
              -84.81179676148331,
              33.570485622956234
            ],
            [
              -84.80893909428923,
              33.57408109881099
            ],
            [
              -84.80740462707995,
              33.583087129971304
            ],
            [
              -84.80499173299,
              33.587306900669006
            ],
            [
              -84.79654104401139,
              33.59559614886149
            ],
            [
              -84.7832979248357,
              33.6035732496325
            ],
            [
              -84.77559223080651,
              33.60966590485905
            ],
            [
              -84.76310522590785,
              33.614209383993845
            ],
            [
              -84.7529421604783,
              33.62790918749188
            ],
            [
              -84.75274201258144,
              33.6302098295983
            ],
            [
              -84.74883912859264,
              33.6318052497525
            ],
            [
              -84.74177835556445,
              33.62375878288783
            ],
            [
              -84.73571832202057,
              33.624614298042985
            ],
            [
              -84.73003634561522,
              33.63651058310583
            ],
            [
              -84.72523279609052,
              33.639204299743
            ],
            [
              -84.71672651047389,
              33.64180552825528
            ],
            [
              -84.71053304499878,
              33.64640681246813
            ],
            [
              -84.68582589906393,
              33.65111214582146
            ],
            [
              -84.67713058487804,
              33.65541284362844
            ],
            [
              -84.67393933785586,
              33.65647645706457
            ],
            [
              -84.66143009430199,
              33.65700826378264
            ],
            [
              -84.65642639688043,
              33.65941295502955
            ],
            [
              -84.65193418852866,
              33.66791030150302
            ],
            [
              -84.65372440027281,
              33.67520530235303
            ],
            [
              -84.65273478011609,
              33.68361016070161
            ],
            [
              -84.64903204402415,
              33.68591080280803
            ],
            [
              -84.64082598025281,
              33.68380669796698
            ],
            [
              -84.63052948289203,
              33.69030398873989
            ],
            [
              -84.6301180677707,
              33.69311331553316
            ],
            [
              -84.63213066606693,
              33.70031582825828
            ],
            [
              -84.62123372501556,
              33.70451247692477
            ],
            [
              -84.61572965785184,
              33.70961088480885
            ],
            [
              -84.60803508315027,
              33.71290577425774
            ],
            [
              -84.60518853528379,
              33.71709086190862
            ],
            [
              -84.60253101598657,
              33.71970365143652
            ],
            [
              -84.60173042439912,
              33.724408984789854
            ],
            [
              -84.59432495221523,
              33.72901026900269
            ],
            [
              -84.58681940608291,
              33.72911431814318
            ],
            [
              -84.58256070361078,
              33.73736888328884
            ],
            [
              -84.57813521122462,
              33.74350778257783
            ],
            [
              -84.57343173564837,
              33.745507838278385
            ],
            [
              -84.55923235429877,
              33.7577047097471
            ],
            [
              -84.53959562175109,
              33.76978597105971
            ],
            [
              -84.53354670753482,
              33.77912727167272
            ],
            [
              -84.52913233447626,
              33.783300798307984
            ],
            [
              -84.5079166574089,
              33.79553235282353
            ],
            [
              -84.50263497679725,
              33.799405293052935
            ],
            [
              -84.49512943066493,
              33.80853849538496
            ],
            [
              -84.48896932317263,
              33.81281607116071
            ],
            [
              -84.48333182407768,
              33.814700516705166
            ],
            [
              -84.47133406959358,
              33.82590314083141
            ],
            [
              -84.46843192508908,
              33.82740607286073
            ],
            [
              -84.46329479573629,
              33.82711704747048
            ],
            [
              -84.45787968319341,
              33.82457362403624
            ],
            [
              -84.45587820422479,
              33.82576440864409
            ],
            [
              -84.45550014708628,
              33.826804900049005
            ],
            [
              -84.45514432860297,
              33.82880495574956
            ],
            [
              -84.46032593526617,
              33.838943966439665
            ],
            [
              -84.46018138400733,
              33.84218105081051
            ],
            [
              -84.45853572352202,
              33.84860897548975
            ],
            [
              -84.45983668485162,
              33.85319869868699
            ],
            [
              -84.45423254373948,
              33.8588982793828
            ],
            [
              -84.45593380086281,
              33.86470190921909
            ],
            [
              -84.45391008323898,
              33.867638407184074
            ],
            [
              -84.44717177071131,
              33.87475999279993
            ],
            [
              -84.44309097748084,
              33.87921098380984
            ],
            [
              -84.44263508504909,
              33.88380070700707
            ],
            [
              -84.44419179091358,
              33.88741930489305
            ],
            [
              -84.44141195901271,
              33.89022863168632
            ],
            [
              -84.44371365982663,
              33.894644939649396
            ],
            [
              -84.4416788228752,
              33.89950056620567
            ],
            [
              -84.44271292034232,
              33.90154686596866
            ],
            [
              -84.44744975390138,
              33.90824069400694
            ],
            [
              -84.44648237239988,
              33.91194021900219
            ],
            [
              -84.4394438380269,
              33.91713111501115
            ],
            [
              -84.43673072209167,
              33.92262259742598
            ],
            [
              -84.43008136418482,
              33.92509665476655
            ],
            [
              -84.4177500298726,
              33.932056386163865
            ],
            [
              -84.40518518968071,
              33.94373301193012
            ],
            [
              -84.4012711863643,
              33.947848733487334
            ],
            [
              -84.38339130757797,
              33.96324800628007
            ],
            [
              -84.38305772774986,
              33.96692440924409
            ],
            [
              -84.3841807798378,
              33.971225107051076
            ],
            [
              -84.37797619503509,
              33.973687603376035
            ],
            [
              -84.3757300908592,
              33.977976740167406
            ],
            [
              -84.37481830599572,
              33.986797795077955
            ],
            [
              -84.37757589924136,
              33.9901504896049
            ],
            [
              -84.38333571093995,
              33.992809523195234
            ],
            [
              -84.3864491226689,
              33.992717035070356
            ],
            [
              -84.38986275624318,
              33.9952720195202
            ],
            [
              -84.38767224870529,
              33.99707553795538
            ],
            [
              -84.39223117302271,
              33.99931837498375
            ],
            [
              -84.39435496459495,
              34.002659508495086
            ],
            [
              -84.39445503854338,
              34.002775118651186
            ],
            [
              -84.39716815447863,
              34.00627810638107
            ],
            [
              -84.39682345532292,
              34.008116307863084
            ],
            [
              -84.40069298132892,
              34.00809318583186
            ],
            [
              -84.39940313932692,
              34.010255095750956
            ],
            [
              -84.40123782838148,
              34.01439393933939
            ],
            [
              -84.40007029898312,
              34.01489106301063
            ],
            [
              -84.39812441665252,
              34.016613654336545
            ],
            [
              -84.39962552587899,
              34.01904146761468
            ],
            [
              -84.39824672925616,
              34.02211669776698
            ],
            [
              -84.40132678300232,
              34.02579310073101
            ],
            [
              -84.40133790232991,
              34.03001287142872
            ],
            [
              -84.40408437624797,
              34.03263722197222
            ],
            [
              -84.40244983509027,
              34.03536562165622
            ],
            [
              -84.40528526362914,
              34.0372847502475
            ],
            [
              -84.40715331066652,
              34.03631362493625
            ],
            [
              -84.41164551901831,
              34.0430883800838
            ],
            [
              -84.41084492743086,
              34.04927352343524
            ],
            [
              -84.41660473912944,
              34.05140075030751
            ],
            [
              -84.41913994582303,
              34.05516964139642
            ],
            [
              -84.41902875254699,
              34.06137790677907
            ],
            [
              -84.41892867859856,
              34.07034925489255
            ],
            [
              -84.41892867859856,
              34.07329731387314
            ],
            [
              -84.41853950213245,
              34.094257435174356
            ],
            [
              -84.41862845675327,
              34.09656963829639
            ],
            [
              -84.4184283088564,
              34.109043974139745
            ],
            [
              -84.4145031862124,
              34.1103619299193
            ],
            [
              -84.41117850725897,
              34.10788787257873
            ],
            [
              -84.40403989893755,
              34.11009602656027
            ],
            [
              -84.39984791243106,
              34.10957578085781
            ],
            [
              -84.39501100492356,
              34.115217556475564
            ],
            [
              -84.39354325367991,
              34.114604822648225
            ],
            [
              -84.3918975931946,
              34.11751819858199
            ],
            [
              -84.3883282890339,
              34.11823498154982
            ],
            [
              -84.38752769744644,
              34.119726352563525
            ],
            [
              -84.3792993950199,
              34.118766788267884
            ],
            [
              -84.36193100530333,
              34.124050172401724
            ],
            [
              -84.35972937843785,
              34.13163419864199
            ],
            [
              -84.36134168094034,
              34.13702163191632
            ],
            [
              -84.35885095155717,
              34.14090613316133
            ],
            [
              -84.3601852708696,
              34.15233997759978
            ],
            [
              -84.35682723393334,
              34.15468686376864
            ],
            [
              -84.36054108935289,
              34.162317134071344
            ],
            [
              -84.35649365410525,
              34.167727689376896
            ],
            [
              -84.35425866925695,
              34.17480303093031
            ],
            [
              -84.3521237583571,
              34.176826208662085
            ],
            [
              -84.34293919375665,
              34.176097864678646
            ],
            [
              -84.33705706945443,
              34.178976557565576
            ],
            [
              -84.32826168132011,
              34.18614438724387
            ],
            [
              -84.29966277072407,
              34.18619063130632
            ],
            [
              -84.27278735590654,
              34.18613282622827
            ],
            [
              -84.25902162833349,
              34.18591316693167
            ],
            [
              -84.25902162833349,
              34.17837538475385
            ],
            [
              -84.25889931572985,
              34.15486027900279
            ],
            [
              -84.25888819640225,
              34.13659387433874
            ],
            [
              -84.25894379304026,
              34.12721789067891
            ],
            [
              -84.25894379304026,
              34.10951797577976
            ],
            [
              -84.25534113089675,
              34.10802660476605
            ],
            [
              -84.25408464687756,
              34.10429239672397
            ],
            [
              -84.24458874110422,
              34.102743220632206
            ],
            [
              -84.23540417650378,
              34.10134433774338
            ],
            [
              -84.23025592782339,
              34.096604321343214
            ],
            [
              -84.22116031784378,
              34.10039633446335
            ],
            [
              -84.21375484565989,
              34.09914774477745
            ],
            [
              -84.20981860368826,
              34.09422275212752
            ],
            [
              -84.20583788440624,
              34.09060415424155
            ],
            [
              -84.19984456682798,
              34.08999142041421
            ],
            [
              -84.18939239888074,
              34.085471063310635
            ],
            [
              -84.18538944094351,
              34.08230334503345
            ],
            [
              -84.17833978724293,
              34.0704070599706
            ],
            [
              -84.16807664786495,
              34.06802549075491
            ],
            [
              -84.1627171319601,
              34.06638382653827
            ],
            [
              -84.15960372023113,
              34.06291552185522
            ],
            [
              -84.15361040265287,
              34.05986341373414
            ],
            [
              -84.14361412713738,
              34.0553777396774
            ],
            [
              -84.13291733398287,
              34.05703096490965
            ],
            [
              -84.11550446695588,
              34.05106548085481
            ],
            [
              -84.09769130413518,
              34.050707089370896
            ],
            [
              -84.1003710620876,
              34.04770122531225
            ],
            [
              -84.1123243392613,
              34.04196696156962
            ],
            [
              -84.11631617787094,
              34.036591089310896
            ],
            [
              -84.12134211394769,
              34.03442917939179
            ],
            [
              -84.14110115909901,
              34.030001310413105
            ],
            [
              -84.15114191192491,
              34.03041750697507
            ],
            [
              -84.15712411017556,
              34.03242912369124
            ],
            [
              -84.16811000584777,
              34.02881052580526
            ],
            [
              -84.17491503434107,
              34.02133054870549
            ],
            [
              -84.17982977714179,
              34.008000697706976
            ],
            [
              -84.1814865569547,
              33.998208517485175
            ],
            [
              -84.19170521902227,
              33.991456884368844
            ],
            [
              -84.20404767266209,
              33.989884586245864
            ],
            [
              -84.20464811635267,
              33.99178059280593
            ],
            [
              -84.20131231807163,
              33.994173723037235
            ],
            [
              -84.20210179033148,
              33.997156465064656
            ],
            [
              -84.21254283895111,
              34.00380404904049
            ],
            [
              -84.22410693965868,
              34.0039312202122
            ],
            [
              -84.23245755468888,
              34.00205833568336
            ],
            [
              -84.24831371585138,
              33.998266322563225
            ],
            [
              -84.24974810911222,
              33.99212742327423
            ],
            [
              -84.25466285191294,
              33.98610413414134
            ],
            [
              -84.26093415268129,
              33.98765331023311
            ],
            [
              -84.26296898963271,
              33.986797795077955
            ],
            [
              -84.26155683502708,
              33.97647380813808
            ],
            [
              -84.26284667702907,
              33.973676042360424
            ],
            [
              -84.26264652913221,
              33.97339857798578
            ],
            [
              -84.2580876048148,
              33.9681845599456
            ],
            [
              -84.26472584339406,
              33.96515557385574
            ],
            [
              -84.27248713406125,
              33.958843259332596
            ],
            [
              -84.27709053568908,
              33.95761779167792
            ],
            [
              -84.28049304993573,
              33.956022371523716
            ],
            [
              -84.29410310692235,
              33.959721896518964
            ],
            [
              -84.2998184413105,
              33.959340383003834
            ],
            [
              -84.30249819926294,
              33.960068726987274
            ],
            [
              -84.31655302935368,
              33.966045772057726
            ],
            [
              -84.3178762293385,
              33.96657757877579
            ],
            [
              -84.33733505264452,
              33.970878276582766
            ],
            [
              -84.33878056523297,
              33.96937534455345
            ],
            [
              -84.34616379876165,
              33.965976405964064
            ],
            [
              -84.34740916345324,
              33.96810363283633
            ],
            [
              -84.34782057857456,
              33.950056887468875
            ],
            [
              -84.34782057857456,
              33.938021870218705
            ],
            [
              -84.34790953319539,
              33.915003888138884
            ],
            [
              -84.34822087436828,
              33.90271452854529
            ],
            [
              -84.34830982898912,
              33.89089917059171
            ],
            [
              -84.34808744243705,
              33.88208967669677
            ],
            [
              -84.34823199369589,
              33.86521059390594
            ],
            [
              -84.34830982898912,
              33.86214692476925
            ],
            [
              -84.34828759033391,
              33.85748783547836
            ],
            [
              -84.3482764710063,
              33.8542391900919
            ],
            [
              -84.34837654495473,
              33.85253972079721
            ],
            [
              -84.34845438024796,
              33.839730115501155
            ],
            [
              -84.34846549957557,
              33.826354020440206
            ],
            [
              -84.34847661890316,
              33.82540601716018
            ],
            [
              -84.34849885755837,
              33.82511699176992
            ],
            [
              -84.34822087436828,
              33.80900093600936
            ],
            [
              -84.34832094831671,
              33.80635346343464
            ],
            [
              -84.34842102226514,
              33.790514872048725
            ],
            [
              -84.34865452814482,
              33.78296552885529
            ],
            [
              -84.34873236343805,
              33.77975156651567
            ],
            [
              -84.34882131805887,
              33.77631794487945
            ],
            [
              -84.34897698864532,
              33.77108080480805
            ],
            [
              -84.34914377855937,
              33.76546215122151
            ],
            [
              -84.34917713654218,
              33.75992442474425
            ],
            [
              -84.34917713654218,
              33.759739448494486
            ],
            [
              -84.34918825586979,
              33.74762350413504
            ],
            [
              -84.34943288107706,
              33.72399278822788
            ],
            [
              -84.34943288107706,
              33.72223551385514
            ],
            [
              -84.34947735838747,
              33.71764579065791
            ],
            [
              -84.34951071637029,
              33.709264054340544
            ],
            [
              -84.34941064242186,
              33.680349954299544
            ],
            [
              -84.3502223533369,
              33.64790974449745
            ],
            [
              -84.36531128089477,
              33.64780569535696
            ],
            [
              -84.37987760005528,
              33.64810628176282
            ],
            [
              -84.39743501834111,
              33.64821033090331
            ],
            [
              -84.40494056447343,
              33.648510917309174
            ],
            [
              -84.44577073543327,
              33.64881150371504
            ],
            [
              -84.44830594212685,
              33.6487652596526
            ],
            [
              -84.44832818078206,
              33.646834570045705
            ],
            [
              -84.44822810683362,
              33.641204355443556
            ],
            [
              -84.4530094177031,
              33.64201362653627
            ],
            [
              -84.45293158240989,
              33.64410617036171
            ],
            [
              -84.45302053703071,
              33.6488808698087
            ],
            [
              -84.45772401260696,
              33.64886930879309
            ],
            [
              -84.45805759243507,
              33.62923870428705
            ],
            [
              -84.45843564957359,
              33.618984083440836
            ],
            [
              -84.45842453024598,
              33.61618631766318
            ],
            [
              -84.45853572352202,
              33.59994309073091
            ],
            [
              -84.45855796217722,
              33.59444004730047
            ],
            [
              -84.45862467814284,
              33.586451385513854
            ],
            [
              -84.45892489998813,
              33.56541033710337
            ],
            [
              -84.45892489998813,
              33.55975700047001
            ],
            [
              -84.45866915545325,
              33.55093594555946
            ],
            [
              -84.46454016042787,
              33.549779843998444
            ],
            [
              -84.52373946058859,
              33.53648467604676
            ],
            [
              -84.53134508066934,
              33.534484620346205
            ],
            [
              -84.55685281819163,
              33.528403526135264
            ],
            [
              -84.57601141965236,
              33.52337448434485
            ],
            [
              -84.59513666313028,
              33.518218271382715
            ],
            [
              -84.59967334879248,
              33.51251869068691
            ],
            [
              -84.60566666637074,
              33.51107356373564
            ],
            [
              -84.60787941256382,
              33.50725842858429
            ],
            [
              -84.60725673021803,
              33.50456471194712
            ],
            [
              -84.60953619237674,
              33.50250685116851
            ],
            [
              -84.62087790653224,
              33.50329300023
            ],
            [
              -84.6210335771187,
              33.51071517225172
            ],
            [
              -84.67072585217846,
              33.5111429298293
            ]
          ]
        ]
      }
    },
    {
      "type": "Feature",
      "properties": {
        "name": "Gwinnett"
      },
      "geometry": {
        "type": "Polygon",
        "coordinates": [
          [
            [
              -84.18804696024073,
              33.86658635476355
            ],
            [
              -84.190871269452,
              33.86719908859089
            ],
            [
              -84.19628638199488,
              33.87097954069541
            ],
            [
              -84.20351394493711,
              33.87300271842719
            ],
            [
              -84.2050817701292,
              33.876806292562925
            ],
            [
              -84.20769481211602,
              33.87792771107711
            ],
            [
              -84.21335454986617,
              33.88285270372704
            ],
            [
              -84.21786899687316,
              33.8864481795818
            ],
            [
              -84.22192755144842,
              33.89125756207562
            ],
            [
              -84.22486305393572,
              33.892899226292265
            ],
            [
              -84.232201810154,
              33.90198618456185
            ],
            [
              -84.2377503546281,
              33.90485331643317
            ],
            [
              -84.2380728151286,
              33.90507297572976
            ],
            [
              -84.23860654285357,
              33.90530419604196
            ],
            [
              -84.25241674773704,
              33.9116049495495
            ],
            [
              -84.25828775271167,
              33.91789414204142
            ],
            [
              -84.26492599129092,
              33.93120087100871
            ],
            [
              -84.27046341643744,
              33.94401047630477
            ],
            [
              -84.26724993076003,
              33.947131950519505
            ],
            [
              -84.2658600148096,
              33.94792966059661
            ],
            [
              -84.27146415592173,
              33.955895200352
            ],
            [
              -84.27532256260014,
              33.95409168191682
            ],
            [
              -84.27709053568908,
              33.95761779167792
            ],
            [
              -84.27248713406125,
              33.958843259332596
            ],
            [
              -84.26472584339406,
              33.96515557385574
            ],
            [
              -84.2580876048148,
              33.9681845599456
            ],
            [
              -84.26264652913221,
              33.97339857798578
            ],
            [
              -84.26284667702907,
              33.973676042360424
            ],
            [
              -84.26155683502708,
              33.97647380813808
            ],
            [
              -84.26296898963271,
              33.986797795077955
            ],
            [
              -84.26093415268129,
              33.98765331023311
            ],
            [
              -84.25466285191294,
              33.98610413414134
            ],
            [
              -84.24974810911222,
              33.99212742327423
            ],
            [
              -84.24831371585138,
              33.998266322563225
            ],
            [
              -84.23245755468888,
              34.00205833568336
            ],
            [
              -84.22410693965868,
              34.0039312202122
            ],
            [
              -84.21254283895111,
              34.00380404904049
            ],
            [
              -84.20210179033148,
              33.997156465064656
            ],
            [
              -84.20131231807163,
              33.994173723037235
            ],
            [
              -84.20464811635267,
              33.99178059280593
            ],
            [
              -84.20404767266209,
              33.989884586245864
            ],
            [
              -84.19170521902227,
              33.991456884368844
            ],
            [
              -84.1814865569547,
              33.998208517485175
            ],
            [
              -84.17982977714179,
              34.008000697706976
            ],
            [
              -84.17491503434107,
              34.02133054870549
            ],
            [
              -84.16811000584777,
              34.02881052580526
            ],
            [
              -84.15712411017556,
              34.03242912369124
            ],
            [
              -84.15114191192491,
              34.03041750697507
            ],
            [
              -84.14110115909901,
              34.030001310413105
            ],
            [
              -84.12134211394769,
              34.03442917939179
            ],
            [
              -84.11631617787094,
              34.036591089310896
            ],
            [
              -84.1123243392613,
              34.04196696156962
            ],
            [
              -84.1003710620876,
              34.04770122531225
            ],
            [
              -84.09769130413518,
              34.050707089370896
            ],
            [
              -84.10081583519174,
              34.053400806008064
            ],
            [
              -84.10620870907941,
              34.05478812788128
            ],
            [
              -84.11180173086395,
              34.063135181151814
            ],
            [
              -84.11792848037344,
              34.065562994429946
            ],
            [
              -84.11332507874562,
              34.07828011160112
            ],
            [
              -84.11372537453934,
              34.08579477174772
            ],
            [
              -84.10990032584375,
              34.09253484384844
            ],
            [
              -84.10990032584375,
              34.09841940079401
            ],
            [
              -84.1016275461068,
              34.10507854578546
            ],
            [
              -84.10180545534845,
              34.115679997099974
            ],
            [
              -84.09801376463568,
              34.118778349283495
            ],
            [
              -84.09750227556592,
              34.12292875388754
            ],
            [
              -84.09334364704223,
              34.12626988739888
            ],
            [
              -84.09474468232027,
              34.13235098160982
            ],
            [
              -84.08553787906462,
              34.142409065190655
            ],
            [
              -84.0858158622547,
              34.148316744167445
            ],
            [
              -84.07652010437823,
              34.15778521595216
            ],
            [
              -84.07462981868564,
              34.16368133391334
            ],
            [
              -84.062843331426,
              34.167877982579824
            ],
            [
              -84.0431621215679,
              34.16088356813568
            ],
            [
              -83.98849950706939,
              34.14146106191062
            ],
            [
              -83.98775451211996,
              34.14125296362964
            ],
            [
              -83.95021566213074,
              34.127772819428195
            ],
            [
              -83.93574941691868,
              34.12280158271583
            ],
            [
              -83.91453373985131,
              34.11507882428825
            ],
            [
              -83.87776212346674,
              34.10177209532095
            ],
            [
              -83.8676546546752,
              34.09850032790328
            ],
            [
              -83.81768439642535,
              34.127495355053554
            ],
            [
              -83.84021215414992,
              34.07306609356094
            ],
            [
              -83.86487482277435,
              34.01348061910619
            ],
            [
              -83.86911128659126,
              34.00431273372734
            ],
            [
              -83.86624250006957,
              34.00363063380634
            ],
            [
              -83.85580145144993,
              33.99320259772598
            ],
            [
              -83.83894455080312,
              33.98432373773738
            ],
            [
              -83.8330401878457,
              33.9694331496315
            ],
            [
              -83.83181706180932,
              33.966149821198215
            ],
            [
              -83.8243337543322,
              33.96434630276303
            ],
            [
              -83.8129920401767,
              33.95314367863679
            ],
            [
              -83.81338121664281,
              33.94913200622006
            ],
            [
              -83.8049305276642,
              33.9422300799008
            ],
            [
              -83.80589790916571,
              33.93737445334454
            ],
            [
              -83.80263994617789,
              33.932218240382404
            ],
            [
              -83.799104,
              33.92984823218232
            ],
            [
              -83.83479704160705,
              33.90145437784378
            ],
            [
              -83.84318101462004,
              33.89477211082111
            ],
            [
              -83.85506757582812,
              33.885315200052005
            ],
            [
              -83.90147964924488,
              33.84815809588096
            ],
            [
              -83.90846258697984,
              33.84284002870029
            ],
            [
              -83.92038250617072,
              33.83381087550876
            ],
            [
              -83.96668338631144,
              33.798676949069495
            ],
            [
              -83.9820280584042,
              33.7860523200232
            ],
            [
              -83.99368111373259,
              33.77704628886289
            ],
            [
              -84.00947055892948,
              33.76414419544196
            ],
            [
              -84.01879967478877,
              33.75662953529535
            ],
            [
              -84.02371441758949,
              33.75280283912839
            ],
            [
              -84.04031557370142,
              33.7577047097471
            ],
            [
              -84.04331779215435,
              33.76230599395994
            ],
            [
              -84.05211318028867,
              33.76671074090741
            ],
            [
              -84.05811761719454,
              33.77272246902469
            ],
            [
              -84.05820657181536,
              33.77276871308713
            ],
            [
              -84.07051566747236,
              33.77480345183452
            ],
            [
              -84.07588630270483,
              33.77748560745608
            ],
            [
              -84.09722429237583,
              33.79837636266363
            ],
            [
              -84.11341403336644,
              33.807509564995655
            ],
            [
              -84.12610118616196,
              33.82287415474155
            ],
            [
              -84.12625685674841,
              33.8230475699757
            ],
            [
              -84.13221681634386,
              33.829498616686166
            ],
            [
              -84.1343294885885,
              33.834273316133164
            ],
            [
              -84.14832872204124,
              33.84267817448175
            ],
            [
              -84.15760224126251,
              33.853013722437225
            ],
            [
              -84.16378458741002,
              33.855036900169004
            ],
            [
              -84.17493727299627,
              33.85963818438184
            ],
            [
              -84.17931828807203,
              33.86428571265713
            ],
            [
              -84.18804696024073,
              33.86658635476355
            ]
          ]
        ]
      }
    },
    {
      "type": "Feature",
      "properties": {
        "name": "Henry"
      },
      "geometry": {
        "type": "Polygon",
        "coordinates": [
          [
            [
              -84.24726849905666,
              33.33580856708567
            ],
            [
              -84.2474352889707,
              33.35261828378284
            ],
            [
              -84.29127879771107,
              33.35253735667357
            ],
            [
              -84.3543921011882,
              33.35251423464235
            ],
            [
              -84.35381389615281,
              33.39729004810048
            ],
            [
              -84.35358039027315,
              33.43616974359744
            ],
            [
              -84.33063009809965,
              33.436031011410115
            ],
            [
              -84.32323574524335,
              33.43618130461305
            ],
            [
              -84.32338029650221,
              33.42803078860789
            ],
            [
              -84.31989994696232,
              33.427926739467395
            ],
            [
              -84.30422169504148,
              33.42742961579616
            ],
            [
              -84.30426617235189,
              33.43348758797588
            ],
            [
              -84.30432176898991,
              33.43573042500425
            ],
            [
              -84.29468131195772,
              33.43571886398864
            ],
            [
              -84.29430325481921,
              33.458077868178684
            ],
            [
              -84.29421430019838,
              33.476806713467134
            ],
            [
              -84.29414758423276,
              33.48432137361374
            ],
            [
              -84.28390668350998,
              33.48434449564496
            ],
            [
              -84.28383996754437,
              33.49555868078681
            ],
            [
              -84.28336183645742,
              33.50566300843008
            ],
            [
              -84.28325064318139,
              33.509050386003864
            ],
            [
              -84.2826613188184,
              33.52624161621616
            ],
            [
              -84.28251676755956,
              33.53287763917639
            ],
            [
              -84.2930134128172,
              33.53298168831689
            ],
            [
              -84.29280214559274,
              33.5408547399474
            ],
            [
              -84.29259087836827,
              33.54914398813988
            ],
            [
              -84.28387332552718,
              33.54907462204622
            ],
            [
              -84.26921805174584,
              33.54895901189012
            ],
            [
              -84.26863984671047,
              33.54895901189012
            ],
            [
              -84.26370286525454,
              33.54892432884329
            ],
            [
              -84.263914132479,
              33.553826199461994
            ],
            [
              -84.26339152408164,
              33.56932952139522
            ],
            [
              -84.26335816609883,
              33.57225445834459
            ],
            [
              -84.26358055265091,
              33.58224317583176
            ],
            [
              -84.25427367544683,
              33.58218537075371
            ],
            [
              -84.25308390739325,
              33.58372298582986
            ],
            [
              -84.25319510066929,
              33.590289642696426
            ],
            [
              -84.24389934279282,
              33.590289642696426
            ],
            [
              -84.2438548654824,
              33.598613573935744
            ],
            [
              -84.2532284586521,
              33.59876386713867
            ],
            [
              -84.2535620384802,
              33.600532702527026
            ],
            [
              -84.2532395779797,
              33.60692594415944
            ],
            [
              -84.26296898963271,
              33.606949066190666
            ],
            [
              -84.26274660308064,
              33.62448712687127
            ],
            [
              -84.26256869383899,
              33.6310075396754
            ],
            [
              -84.27205348028473,
              33.63121563795638
            ],
            [
              -84.27185333238786,
              33.63922742177422
            ],
            [
              -84.28146043143724,
              33.63936615396154
            ],
            [
              -84.28156050538567,
              33.64150494184942
            ],
            [
              -84.28127140286797,
              33.64741262082621
            ],
            [
              -84.25415136284319,
              33.647042668326684
            ],
            [
              -84.25391785696351,
              33.647042668326684
            ],
            [
              -84.24576738983019,
              33.64692705817058
            ],
            [
              -84.24545604865729,
              33.630730075300754
            ],
            [
              -84.23761692269687,
              33.63071851428514
            ],
            [
              -84.22421813293472,
              33.631412175221755
            ],
            [
              -84.22395126907224,
              33.64656866668667
            ],
            [
              -84.18744651655014,
              33.64617559215593
            ],
            [
              -84.18414407625193,
              33.646152470124704
            ],
            [
              -84.18394392835506,
              33.64240670106701
            ],
            [
              -84.17945172000327,
              33.63253359373594
            ],
            [
              -84.18158663090313,
              33.629169338193385
            ],
            [
              -84.172112963785,
              33.621909020390206
            ],
            [
              -84.16477420756674,
              33.610937616576166
            ],
            [
              -84.15381055054974,
              33.59728405714058
            ],
            [
              -84.14970751866407,
              33.586798215982164
            ],
            [
              -84.14673865819395,
              33.58650919059191
            ],
            [
              -84.14503740107062,
              33.58349176551766
            ],
            [
              -84.1401004196147,
              33.58015063200632
            ],
            [
              -84.13918863475122,
              33.57417358693587
            ],
            [
              -84.13384023817396,
              33.569988499284996
            ],
            [
              -84.13088249703145,
              33.56433516265163
            ],
            [
              -84.12723535757752,
              33.56223105781058
            ],
            [
              -84.12238733074241,
              33.56123681046811
            ],
            [
              -84.11731691735525,
              33.56290159671597
            ],
            [
              -84.11544887031788,
              33.56608087600876
            ],
            [
              -84.10852152922092,
              33.566774536945374
            ],
            [
              -84.08997449077839,
              33.55476264172642
            ],
            [
              -84.08197969423152,
              33.5554216196162
            ],
            [
              -84.07720950268964,
              33.55093594555946
            ],
            [
              -84.0744852674268,
              33.551352142121424
            ],
            [
              -84.0728840842519,
              33.54816130181302
            ],
            [
              -84.07008201369584,
              33.547016761267614
            ],
            [
              -84.0657232372753,
              33.54946769657697
            ],
            [
              -84.06213169445938,
              33.54291260072601
            ],
            [
              -84.05852903231586,
              33.540114834948355
            ],
            [
              -84.05342526094589,
              33.54272762447625
            ],
            [
              -84.05008946266486,
              33.54140966869669
            ],
            [
              -84.04857723411078,
              33.538704391043915
            ],
            [
              -84.05136818533924,
              33.53603379643797
            ],
            [
              -84.05089005425229,
              33.53040358183582
            ],
            [
              -84.05584927436344,
              33.53051919199192
            ],
            [
              -84.05629404746757,
              33.5267387398874
            ],
            [
              -84.05312503910059,
              33.526334104341046
            ],
            [
              -84.04667582909059,
              33.530669485194856
            ],
            [
              -84.04449644088032,
              33.52577917559176
            ],
            [
              -84.04484114003603,
              33.52494678246783
            ],
            [
              -84.05514875672442,
              33.5191084695847
            ],
            [
              -84.05440376177498,
              33.514911820918215
            ],
            [
              -84.0515238559257,
              33.5111429298293
            ],
            [
              -84.04827701226549,
              33.51183659076591
            ],
            [
              -84.05053423576899,
              33.516530363103634
            ],
            [
              -84.0441295030694,
              33.520357059270594
            ],
            [
              -84.0418500409107,
              33.518218271382715
            ],
            [
              -84.04295085434345,
              33.50969780287803
            ],
            [
              -84.03552314350435,
              33.50899258092581
            ],
            [
              -84.03413322755391,
              33.5037438798388
            ],
            [
              -84.03000795701304,
              33.50002123281233
            ],
            [
              -84.03168697548115,
              33.49777839578396
            ],
            [
              -84.03691305945478,
              33.49705005180052
            ],
            [
              -84.03725775861048,
              33.49584770617707
            ],
            [
              -84.02815102930326,
              33.491547008370084
            ],
            [
              -84.0257270158857,
              33.496576050160506
            ],
            [
              -84.01590864961187,
              33.49806742117421
            ],
            [
              -84.01218367486473,
              33.492182864228646
            ],
            [
              -83.99771742965265,
              33.49417135891359
            ],
            [
              -83.98945576924329,
              33.492125059150595
            ],
            [
              -83.98576415247895,
              33.48798621556216
            ],
            [
              -83.98352916763066,
              33.488737681576815
            ],
            [
              -83.98024896598764,
              33.486991968219684
            ],
            [
              -83.97644615594727,
              33.48881860868609
            ],
            [
              -83.97416669378856,
              33.48353522455225
            ],
            [
              -83.96936314426388,
              33.48680699196992
            ],
            [
              -83.95799919145315,
              33.48461039900399
            ],
            [
              -83.95518600156949,
              33.48373176181762
            ],
            [
              -83.94891470080115,
              33.48552371923719
            ],
            [
              -83.94635725545236,
              33.482725953459536
            ],
            [
              -83.94774717140278,
              33.47673734737348
            ],
            [
              -83.9445559243806,
              33.471523329333294
            ],
            [
              -83.93781761185292,
              33.46783536535366
            ],
            [
              -83.93516009255569,
              33.4601472899729
            ],
            [
              -83.93143511780855,
              33.457407329273295
            ],
            [
              -83.93197996486111,
              33.45466736857369
            ],
            [
              -83.92249517841537,
              33.450436036860374
            ],
            [
              -83.92487471452252,
              33.4459156797568
            ],
            [
              -83.923907333021,
              33.444193088430886
            ],
            [
              -83.9325915278793,
              33.44451679686797
            ],
            [
              -83.9332475682079,
              33.44158029890299
            ],
            [
              -83.94348846893067,
              33.44178839718398
            ],
            [
              -83.94351070758587,
              33.425290827908285
            ],
            [
              -83.95402959149872,
              33.42522146181462
            ],
            [
              -83.95402959149872,
              33.41924441674417
            ],
            [
              -83.96310296282314,
              33.41918661166612
            ],
            [
              -83.96310296282314,
              33.41141760917609
            ],
            [
              -83.96310296282314,
              33.40757935199352
            ],
            [
              -83.97312147699384,
              33.4075562299623
            ],
            [
              -83.97321043161466,
              33.38519722577226
            ],
            [
              -83.96599398800004,
              33.3851278596786
            ],
            [
              -83.96732830731244,
              33.38030691616916
            ],
            [
              -83.96353661659967,
              33.37839934859349
            ],
            [
              -83.96437056616993,
              33.375150703207034
            ],
            [
              -83.97691316770661,
              33.37474606766068
            ],
            [
              -83.97871449877837,
              33.372006106961074
            ],
            [
              -83.98601989701383,
              33.36747418884189
            ],
            [
              -84.00761363121971,
              33.36834126501265
            ],
            [
              -84.01302874376259,
              33.36006357783578
            ],
            [
              -84.02101242098185,
              33.35694210362104
            ],
            [
              -84.02495978228107,
              33.35741610526105
            ],
            [
              -84.02443717388371,
              33.36128904549046
            ],
            [
              -84.03205391329207,
              33.36163587595876
            ],
            [
              -84.03299905613837,
              33.34279142051421
            ],
            [
              -84.04253943922211,
              33.341115073250734
            ],
            [
              -84.04267287115336,
              33.33654847208472
            ],
            [
              -84.04452979886312,
              33.337195888958895
            ],
            [
              -84.04459651482875,
              33.33365821818219
            ],
            [
              -84.04266175182575,
              33.33349636396364
            ],
            [
              -84.04266175182575,
              33.33132289302893
            ],
            [
              -84.04579740220993,
              33.33131133201332
            ],
            [
              -84.04590859548595,
              33.32955405764058
            ],
            [
              -84.05364764749795,
              33.32955405764058
            ],
            [
              -84.05365876682555,
              33.319415046950475
            ],
            [
              -84.0612643869063,
              33.30958818368184
            ],
            [
              -84.06359944570303,
              33.30980784297843
            ],
            [
              -84.0635327297374,
              33.317611528515286
            ],
            [
              -84.07300639685555,
              33.317611528515286
            ],
            [
              -84.07333997668364,
              33.30181918119182
            ],
            [
              -84.08024507912538,
              33.30187698626987
            ],
            [
              -84.0861494420828,
              33.297634093540935
            ],
            [
              -84.08859569415556,
              33.30194635236353
            ],
            [
              -84.10243925702184,
              33.302085084550846
            ],
            [
              -84.10258380828068,
              33.298189022290224
            ],
            [
              -84.10884398972142,
              33.301287374473745
            ],
            [
              -84.11235769724412,
              33.298258388383886
            ],
            [
              -84.1139366417638,
              33.297807508775094
            ],
            [
              -84.11855116271923,
              33.302420354003544
            ],
            [
              -84.12402187190013,
              33.30007346783468
            ],
            [
              -84.1342516532953,
              33.30364582165822
            ],
            [
              -84.13482985833066,
              33.30791183641837
            ],
            [
              -84.13875498097468,
              33.30891764477645
            ],
            [
              -84.13983355575222,
              33.31291775617756
            ],
            [
              -84.143035922102,
              33.31465190851909
            ],
            [
              -84.146260527107,
              33.31395824758248
            ],
            [
              -84.14502628174303,
              33.316536354063544
            ],
            [
              -84.14891804640422,
              33.31505654406544
            ],
            [
              -84.14817305145479,
              33.31312585445855
            ],
            [
              -84.15090840604525,
              33.312987122271224
            ],
            [
              -84.15058594554475,
              33.33563515185152
            ],
            [
              -84.17694987129249,
              33.33598198231982
            ],
            [
              -84.24726849905666,
              33.33580856708567
            ]
          ]
        ]
      }
    },
    {
      "type": "Feature",
      "properties": {
        "name": "Rockdale"
      },
      "geometry": {
        "type": "Polygon",
        "coordinates": [
          [
            [
              -84.05629404746757,
              33.5267387398874
            ],
            [
              -84.05584927436344,
              33.53051919199192
            ],
            [
              -84.05089005425229,
              33.53040358183582
            ],
            [
              -84.05136818533924,
              33.53603379643797
            ],
            [
              -84.04857723411078,
              33.538704391043915
            ],
            [
              -84.05008946266486,
              33.54140966869669
            ],
            [
              -84.05342526094589,
              33.54272762447625
            ],
            [
              -84.05852903231586,
              33.540114834948355
            ],
            [
              -84.06213169445938,
              33.54291260072601
            ],
            [
              -84.0657232372753,
              33.54946769657697
            ],
            [
              -84.07008201369584,
              33.547016761267614
            ],
            [
              -84.0728840842519,
              33.54816130181302
            ],
            [
              -84.0744852674268,
              33.551352142121424
            ],
            [
              -84.07720950268964,
              33.55093594555946
            ],
            [
              -84.08197969423152,
              33.5554216196162
            ],
            [
              -84.08997449077839,
              33.55476264172642
            ],
            [
              -84.10852152922092,
              33.566774536945374
            ],
            [
              -84.11544887031788,
              33.56608087600876
            ],
            [
              -84.11731691735525,
              33.56290159671597
            ],
            [
              -84.12238733074241,
              33.56123681046811
            ],
            [
              -84.12723535757752,
              33.56223105781058
            ],
            [
              -84.13088249703145,
              33.56433516265163
            ],
            [
              -84.13384023817396,
              33.569988499284996
            ],
            [
              -84.13918863475122,
              33.57417358693587
            ],
            [
              -84.1401004196147,
              33.58015063200632
            ],
            [
              -84.14503740107062,
              33.58349176551766
            ],
            [
              -84.14673865819395,
              33.58650919059191
            ],
            [
              -84.14970751866407,
              33.586798215982164
            ],
            [
              -84.15381055054974,
              33.59728405714058
            ],
            [
              -84.16477420756674,
              33.610937616576166
            ],
            [
              -84.172112963785,
              33.621909020390206
            ],
            [
              -84.18158663090313,
              33.629169338193385
            ],
            [
              -84.17945172000327,
              33.63253359373594
            ],
            [
              -84.18394392835506,
              33.64240670106701
            ],
            [
              -84.18414407625193,
              33.646152470124704
            ],
            [
              -84.170178200782,
              33.64589812778128
            ],
            [
              -84.17312482259692,
              33.640973135131354
            ],
            [
              -84.16159407987215,
              33.63774761177612
            ],
            [
              -84.15861410007443,
              33.64447612286123
            ],
            [
              -84.15446659087834,
              33.64574783457835
            ],
            [
              -84.15058594554475,
              33.63858000490005
            ],
            [
              -84.14313599605043,
              33.63625624076241
            ],
            [
              -84.13832132719814,
              33.63766668466685
            ],
            [
              -84.1411122784266,
              33.634117452874534
            ],
            [
              -84.14048959608081,
              33.631469980299805
            ],
            [
              -84.12969272897787,
              33.63144685826858
            ],
            [
              -84.12849184159671,
              33.63016358553586
            ],
            [
              -84.12801371050976,
              33.62676464694647
            ],
            [
              -84.12384396265847,
              33.625608545385454
            ],
            [
              -84.12349926350277,
              33.62366629476295
            ],
            [
              -84.1188180265817,
              33.62218648476485
            ],
            [
              -84.11552670561109,
              33.61889159531596
            ],
            [
              -84.11699445685475,
              33.61720368703687
            ],
            [
              -84.11579356947358,
              33.61466026360264
            ],
            [
              -84.10434066204203,
              33.636025020450205
            ],
            [
              -84.09994852763867,
              33.64405992629926
            ],
            [
              -84.08397005387253,
              33.67432666516665
            ],
            [
              -84.07812128755312,
              33.685309629996304
            ],
            [
              -84.07432959684034,
              33.69289365623656
            ],
            [
              -84.06041931800844,
              33.719414626046266
            ],
            [
              -84.05441488110259,
              33.72844377923779
            ],
            [
              -84.04653127783175,
              33.7348254598546
            ],
            [
              -84.02371441758949,
              33.75280283912839
            ],
            [
              -84.01879967478877,
              33.75662953529535
            ],
            [
              -84.00947055892948,
              33.76414419544196
            ],
            [
              -83.99368111373259,
              33.77704628886289
            ],
            [
              -83.9820280584042,
              33.7860523200232
            ],
            [
              -83.914822842369,
              33.744201443514434
            ],
            [
              -83.9151786608523,
              33.739322694926955
            ],
            [
              -83.91752483897663,
              33.7371029799298
            ],
            [
              -83.91605708773298,
              33.7311837399374
            ],
            [
              -83.9183587885469,
              33.72725299462995
            ],
            [
              -83.91823647594326,
              33.7219580494805
            ],
            [
              -83.91542328605959,
              33.71865159901599
            ],
            [
              -83.91664641209597,
              33.71640876198762
            ],
            [
              -83.91322165919411,
              33.71269767597676
            ],
            [
              -83.91759155494226,
              33.708316051060514
            ],
            [
              -83.92304002546794,
              33.711148499885
            ],
            [
              -83.92524165233343,
              33.710177374573746
            ],
            [
              -83.9255085161959,
              33.70622350723507
            ],
            [
              -83.92272868429505,
              33.6979458200582
            ],
            [
              -83.92037138684312,
              33.69146009030091
            ],
            [
              -83.91811416333962,
              33.68949471764718
            ],
            [
              -83.92039362549832,
              33.68557553335533
            ],
            [
              -83.9225730137086,
              33.68508997069971
            ],
            [
              -83.92251741707058,
              33.68145981179812
            ],
            [
              -83.92463008931523,
              33.68088176101761
            ],
            [
              -83.92309562210596,
              33.67897419344194
            ],
            [
              -83.92308450277835,
              33.67385266352664
            ],
            [
              -83.92575314140318,
              33.66462697306973
            ],
            [
              -83.92991176992687,
              33.6588927093271
            ],
            [
              -83.93149071444655,
              33.65089248652487
            ],
            [
              -83.9726544652345,
              33.605480817208175
            ],
            [
              -83.99344760785293,
              33.58250907919079
            ],
            [
              -83.99578266664965,
              33.5798962896629
            ],
            [
              -84.0104601790862,
              33.563560574605745
            ],
            [
              -84.0033771674028,
              33.56352589155892
            ],
            [
              -84.00328821278197,
              33.55487825188252
            ],
            [
              -84.01066032698306,
              33.55493605696057
            ],
            [
              -84.01068256563826,
              33.56330623226233
            ],
            [
              -84.02428150329726,
              33.54823066790668
            ],
            [
              -84.03324368134564,
              33.53817258432584
            ],
            [
              -84.04449644088032,
              33.52577917559176
            ],
            [
              -84.04667582909059,
              33.530669485194856
            ],
            [
              -84.05312503910059,
              33.526334104341046
            ],
            [
              -84.05629404746757,
              33.5267387398874
            ]
          ]
        ]
      }
    }
  ]
}