hex_id,total_listings,median_list_price,median_list_price_sqft,median_DOM,median_listing_delta,median_listing_delta_pct,institutional_listings,as_of_date
8744c0245ffffff,1,407500.0,217.9144385026738,119.0,-17500.0,-4.117647058823529,,2025.08.20
8744c024dffffff,1,379000.0,168.51934192974656,438.0,-46000.0,-10.823529411764705,,2025.08.20
8744c0345ffffff,1,595000.0,254.70890410958904,495.0,-54900.0,-8.447453454377596,,2025.08.20
8744c034dffffff,1,799000.0,172.27253126347563,587.0,-51000.0,-6.0,,2025.08.20
8744c036affffff,1,1930000.0,355.43278084714547,83.0,-170000.0,-8.095238095238095,,2025.08.20
8744c036bffffff,1,230000.0,159.72222222222223,148.0,0.0,0.0,,2025.08.20
8744c1000ffffff,7,499900.0,157.1566731141199,1012.0,113000.0,92.62295081967213,,2025.08.20
8744c1001ffffff,24,373650.0,151.90224646748095,157.0,-12750.0,-2.9574268935536026,3.0,2025.08.20
8744c1002ffffff,12,275500.0,160.2953491719847,81.0,0.0,0.0,1.0,2025.08.20
8744c1003ffffff,7,340124.0,172.99134734239803,96.0,0.0,0.0,,2025.08.20
8744c1004ffffff,1,775000.0,192.73812484456602,79.0,-100000.0,-11.428571428571429,,2025.08.20
8744c1005ffffff,1,320000.0,143.11270125223615,5319.0,64290.0,25.141762152438307,,2025.08.20
8744c1006ffffff,9,513000.0,168.02763819095478,204.0,0.0,0.0,,2025.08.20
8744c1008ffffff,20,242500.0,153.25365657849824,194.0,-10000.0,-4.705750977107762,3.0,2025.08.20
8744c1009ffffff,73,220000.0,148.38709677419354,171.0,0.0,0.0,11.0,2025.08.20
8744c100affffff,5,348000.0,128.42836344984397,483.0,294900.0,inf,,2025.08.20
8744c100bffffff,1,380290.0,214.36865839909808,170.0,-11385.0,-2.906746664964575,,2025.08.20
8744c100cffffff,5,335000.0,146.89265536723164,1396.0,105000.0,68.34170854271356,,2025.08.20
8744c100dffffff,7,195900.0,162.36162361623616,95.0,0.0,0.0,,2025.08.20
8744c100effffff,11,315000.0,158.13253012048193,145.0,-4500.0,-1.4084507042253522,1.0,2025.08.20
8744c1010ffffff,9,300000.0,136.986301369863,138.0,-10000.0,-3.3333333333333335,,2025.08.20
8744c1011ffffff,12,314700.0,178.9969135802469,113.5,-7500.0,-2.31520072448108,,2025.08.20
8744c1012ffffff,2,299745.0,176.87081921548415,1009.0,70005.0,inf,,2025.08.20
8744c1013ffffff,30,267449.5,146.195547184391,273.5,0.0,0.0,1.0,2025.08.20
8744c1014ffffff,26,362500.0,160.3742432581178,85.0,0.0,0.0,,2025.08.20
8744c1015ffffff,5,249900.0,186.45520788684098,107.0,0.0,0.0,,2025.08.20
8744c1016ffffff,15,300000.0,150.88105726872246,114.0,0.0,0.0,,2025.08.20
8744c1018ffffff,2,727500.0,166.61751671014935,268.0,502000.0,324.06019122120813,,2025.08.20
8744c1019ffffff,25,359000.0,132.67429760665974,756.0,3000.0,0.8450704225352111,1.0,2025.08.20
8744c101bffffff,3,699000.0,131.09527381845461,23.0,0.0,0.0,,2025.08.20
8744c101dffffff,7,285000.0,155.86914688903144,64.0,0.0,0.0,,2025.08.20
8744c101effffff,34,229500.0,137.77600473343074,216.0,-10000.0,-4.25725582864853,2.0,2025.08.20
8744c1020ffffff,2,390300.0,129.6348828225599,1043.0,50850.0,15.001640253380092,,2025.08.20
8744c1021ffffff,7,249900.0,164.62585034013605,58.0,0.0,0.0,5.0,2025.08.20
8744c1022ffffff,3,530500.0,141.76910742918224,131.0,-10100.0,-1.980392156862745,,2025.08.20
8744c1023ffffff,19,235000.0,148.64010120177102,215.0,0.0,0.0,3.0,2025.08.20
8744c1024ffffff,4,462500.0,178.4867159262133,1482.0,87800.0,24.640474786109102,,2025.08.20
8744c1025ffffff,4,321950.0,175.73991860895302,685.5,150252.5,8390.00194297753,1.0,2025.08.20
8744c1026ffffff,2,644950.0,178.44354442519656,423.5,-66800.0,-8.651855433770326,,2025.08.20
8744c1028ffffff,6,444945.0,154.49620636523034,80.0,-24800.0,-5.05115683197875,1.0,2025.08.20
8744c1029ffffff,23,240000.0,145.71428571428572,111.0,-21000.0,-6.530127634312853,5.0,2025.08.20
8744c102bffffff,5,350000.0,121.15384615384616,631.0,0.0,0.0,,2025.08.20
8744c102cffffff,9,255000.0,133.55106888361044,78.0,-3000.0,-1.0638297872340425,3.0,2025.08.20
8744c102dffffff,8,420000.0,141.2941872920301,89.5,-6245.0,-1.8668660482721557,1.0,2025.08.20
8744c102effffff,12,243000.0,152.91147820382471,147.0,-10000.0,-3.425593802837394,3.0,2025.08.20
8744c1030ffffff,3,366000.0,123.76973073351904,96.0,0.0,0.0,,2025.08.20
8744c1031ffffff,8,470000.0,150.92302169831214,137.5,-14050.0,-2.8041975618951867,,2025.08.20
8744c1032ffffff,12,272500.0,164.89168848622177,153.0,-8000.0,-2.508162659542891,,2025.08.20
8744c1033ffffff,15,289000.0,167.41015625,131.0,-11001.0,-3.537299035369775,1.0,2025.08.20
8744c1034ffffff,6,362450.0,161.14437642432637,198.5,-22500.0,-5.067415730337078,,2025.08.20
8744c1035ffffff,6,680000.0,161.8406495674372,285.0,-50000.0,-9.090909090909092,,2025.08.20
8744c1036ffffff,19,329900.0,149.1862567811935,106.0,0.0,0.0,2.0,2025.08.20
8744c1040ffffff,31,285000.0,133.0928057553957,306.0,0.0,0.0,8.0,2025.08.20
8744c1041ffffff,31,299000.0,159.52380952380952,131.0,-7400.0,-2.387867053888351,7.0,2025.08.20
8744c1042ffffff,70,244900.0,146.34434783820313,166.0,0.0,0.0,15.0,2025.08.20
8744c1043ffffff,35,236000.0,157.3312722010262,672.0,85100.0,133.2449291773447,10.0,2025.08.20
8744c1044ffffff,63,230000.0,158.69218500797447,141.0,0.0,0.0,7.0,2025.08.20
8744c1045ffffff,31,279900.0,159.0151515151515,194.0,0.0,0.0,4.0,2025.08.20
8744c1046ffffff,57,260000.0,148.87584232659472,141.0,-500.0,-0.1869158878504673,11.0,2025.08.20
8744c1048ffffff,9,248500.0,179.0154152163103,63.0,0.0,0.0,,2025.08.20
8744c1049ffffff,9,439900.0,224.71875,181.0,0.0,0.0,,2025.08.20
8744c104affffff,30,224500.0,143.0099096700552,198.5,-2600.0,-0.6242732558139535,3.0,2025.08.20
8744c104bffffff,25,469935.0,223.769024171889,55.0,0.0,0.0,,2025.08.20
8744c104cffffff,15,209500.0,163.05114638447972,117.0,-200.0,-0.040110705547310575,,2025.08.20
8744c104dffffff,30,467450.0,238.80041281965714,89.0,0.0,0.0,1.0,2025.08.20
8744c104effffff,17,159400.0,145.30537830446673,224.0,-10000.0,-2.638522427440633,,2025.08.20
8744c1050ffffff,32,272450.0,136.11615245009074,671.5,131500.0,120.80275229357798,11.0,2025.08.20
8744c1051ffffff,25,268000.0,134.6153846153846,164.0,0.0,0.0,5.0,2025.08.20
8744c1052ffffff,33,294000.0,138.4180790960452,70.0,0.0,0.0,7.0,2025.08.20
8744c1053ffffff,19,349900.0,135.77118030412745,77.0,-10000.0,-2.083333333333333,3.0,2025.08.20
8744c1054ffffff,21,299000.0,136.95652173913044,301.0,0.0,0.0,3.0,2025.08.20
8744c1055ffffff,46,251450.0,148.00103198150373,188.0,-3075.0,-1.3274336283185841,10.0,2025.08.20
8744c1056ffffff,21,275000.0,139.66836734693877,324.0,0.0,0.0,2.0,2025.08.20
8744c1058ffffff,19,149900.0,108.0246913580247,149.0,0.0,0.0,1.0,2025.08.20
8744c1059ffffff,8,937500.0,144.07769770068532,337.0,-10000.0,-1.257861635220126,,2025.08.20
8744c105affffff,2,1409500.0,233.73228799046424,58.5,-5000.0,-0.7949125596184419,,2025.08.20
8744c105bffffff,10,787499.5,178.0558949136192,327.5,0.0,0.0,,2025.08.20
8744c105cffffff,55,244900.0,145.9375,414.0,15000.0,13.551239812727589,12.0,2025.08.20
8744c105dffffff,31,249900.0,153.01020408163265,171.0,0.0,0.0,2.0,2025.08.20
8744c105effffff,4,304950.0,141.71815009384642,114.5,-1000.0,-0.2724795640326975,,2025.08.20
8744c1060ffffff,50,267500.0,136.23959059290414,187.5,-2500.0,-0.6411900487304437,7.0,2025.08.20
8744c1061ffffff,110,229450.0,171.42748942339944,250.5,-2500.0,-0.7936507936507936,12.0,2025.08.20
8744c1062ffffff,62,226500.0,148.25563909774436,219.5,0.0,0.0,4.0,2025.08.20
8744c1063ffffff,76,220000.0,161.99401630303873,306.0,0.0,0.0,6.0,2025.08.20
8744c1064ffffff,35,265000.0,138.55421686746988,112.0,0.0,-0.010755001075500108,6.0,2025.08.20
8744c1065ffffff,52,267500.0,151.53671617161717,237.5,-1749.5,-1.2002000400080015,2.0,2025.08.20
8744c1066ffffff,18,284500.0,144.71510891433397,132.5,0.0,0.0,3.0,2025.08.20
8744c1068ffffff,30,509999.5,277.35121874010764,213.5,0.0,0.0,,2025.08.20
8744c1069ffffff,35,460000.0,268.51851851851853,125.0,0.0,0.0,,2025.08.20
8744c106affffff,21,299000.0,184.04057572853532,164.0,0.0,0.0,1.0,2025.08.20
8744c106bffffff,34,450000.0,240.99883855981417,185.5,0.0,0.0,,2025.08.20
8744c106cffffff,60,376950.0,249.9537037037037,127.5,0.0,0.0,3.0,2025.08.20
8744c106dffffff,44,439500.0,331.98818048485896,84.5,0.0,0.0,,2025.08.20
8744c106effffff,52,250000.0,195.49610936823848,209.5,0.0,0.0,1.0,2025.08.20
8744c1070ffffff,15,234900.0,140.22435897435898,169.0,-19000.0,-7.6,5.0,2025.08.20
8744c1071ffffff,31,260000.0,153.21756894790602,652.0,89990.0,27.838772747781622,4.0,2025.08.20
8744c1072ffffff,63,229900.0,146.85792349726776,198.0,0.0,0.0,19.0,2025.08.20
8744c1073ffffff,57,225000.0,149.7431506849315,121.0,0.0,0.0,21.0,2025.08.20
8744c1074ffffff,15,300000.0,121.82795698924731,137.0,160400.0,47.24594992636229,4.0,2025.08.20
8744c1075ffffff,48,230500.0,139.42335178888453,177.5,-3666.5,-1.5877016129032258,9.0,2025.08.20
8744c1076ffffff,103,145000.0,113.60544217687075,302.0,0.0,0.0,5.0,2025.08.20
8744c1080ffffff,3,485000.0,194.0,230.0,0.0,0.0,,2025.08.20
8744c1081ffffff,2,312700.0,192.92871636676364,217.5,-25250.0,-10.978260869565219,,2025.08.20
8744c1082ffffff,2,339900.0,166.57089273130825,177.0,26450.0,9.906367041198502,,2025.08.20
8744c1084ffffff,3,599000.0,154.02417073797892,71.0,0.0,0.0,,2025.08.20
8744c108affffff,4,618950.0,120.81934102805826,60.0,-5500.0,-0.847457627118644,,2025.08.20
8744c108bffffff,3,500000.0,166.27742392073603,1234.0,169560.0,51.31340031473187,,2025.08.20
8744c108cffffff,2,479950.0,152.19166079821815,123.0,-10000.0,-2.083767451552407,,2025.08.20
8744c108dffffff,3,535000.0,262.64113892979873,206.0,-5900.0,-1.8443263519849953,,2025.08.20
8744c108effffff,2,539950.0,187.59271257313662,89.5,-5000.0,-0.625,,2025.08.20
8744c1090ffffff,3,299999.0,164.23654568210262,57.0,-19001.0,-5.956426332288401,,2025.08.20
8744c1091ffffff,2,539894.0,151.1247428656541,246.0,-9556.0,-2.280668257756563,,2025.08.20
8744c1093ffffff,6,475000.0,154.64165706605223,142.5,-15000.0,-3.0927835051546393,,2025.08.20
8744c1094ffffff,3,940000.0,223.8095238095238,250.0,0.0,0.0,,2025.08.20
8744c1095ffffff,9,495000.0,177.4190322580645,103.0,0.0,0.0,,2025.08.20
8744c1096ffffff,4,684499.0,149.3071339119669,1369.5,128000.0,24.800488361008053,,2025.08.20
8744c1098ffffff,1,250000.0,236.74242424242425,185.0,0.0,0.0,,2025.08.20
8744c1099ffffff,4,584500.0,182.76380391661598,654.0,180050.0,77.02898931051979,,2025.08.20
8744c109affffff,8,390000.0,189.65215564147826,61.5,-5050.0,-1.041237113402062,,2025.08.20
8744c109bffffff,6,404950.0,196.68663067890776,242.5,0.0,0.0,,2025.08.20
8744c109cffffff,2,401950.0,220.93250646830114,639.0,152000.0,inf,,2025.08.20
8744c109dffffff,3,450000.0,267.85714285714283,212.0,0.0,0.0,,2025.08.20
8744c109effffff,1,589000.0,181.67797655768044,37.0,0.0,0.0,,2025.08.20
8744c10a0ffffff,3,485000.0,159.61021505376345,91.0,-24000.0,-4.809619238476954,,2025.08.20
8744c10a1ffffff,3,295000.0,142.7551748750892,1183.0,251000.0,57.1753986332574,,2025.08.20
8744c10a2ffffff,3,609800.0,164.05703524347592,362.0,-55000.0,-7.333333333333333,,2025.08.20
8744c10a4ffffff,6,300000.0,133.34556661310265,224.0,-17500.0,-4.628143392188337,,2025.08.20
8744c10a5ffffff,6,342090.0,163.98401851984227,199.0,-6000.0,-2.123968990052745,,2025.08.20
8744c10a6ffffff,4,320000.0,186.16522988505747,1510.0,124690.0,81.54470130652716,,2025.08.20
8744c10a8ffffff,11,299900.0,151.0989010989011,310.0,0.0,0.0,1.0,2025.08.20
8744c10a9ffffff,3,247900.0,133.064949006978,450.0,0.0,0.0,1.0,2025.08.20
8744c10aaffffff,1,600000.0,362.7569528415961,1029.0,495500.0,474.16267942583727,,2025.08.20
8744c10abffffff,2,357450.0,225.25385145641962,53.5,0.0,0.0,,2025.08.20
8744c10acffffff,21,305000.0,156.87732342007436,169.0,-10000.0,-2.8055555555555554,1.0,2025.08.20
8744c10adffffff,20,224000.0,152.98448191593354,319.0,0.0,0.0,2.0,2025.08.20
8744c10aeffffff,3,399000.0,168.78172588832487,689.0,-26000.0,-32.08056265984655,,2025.08.20
8744c10b1ffffff,6,659500.0,173.40025845325252,94.0,-5000.0,-0.7092198581560284,,2025.08.20
8744c10b2ffffff,2,259950.0,198.67605798456862,824.5,134950.0,inf,,2025.08.20
8744c10b3ffffff,2,321950.0,148.07412100095027,1907.5,100450.5,60.40474525413621,,2025.08.20
8744c10b4ffffff,6,457900.0,164.44336408344316,50.0,0.0,0.0,,2025.08.20
8744c10b5ffffff,2,457500.0,135.653043791026,1479.0,187550.0,74.21410709032068,,2025.08.20
8744c10b6ffffff,4,369450.0,145.97649012121866,868.0,-35750.0,-6.687770674365849,,2025.08.20
8744c10c0ffffff,23,394000.0,161.6288832913518,69.0,0.0,0.0,7.0,2025.08.20
8744c10c1ffffff,25,350000.0,165.32118055555554,186.0,-8100.0,-2.082262210796915,4.0,2025.08.20
8744c10c2ffffff,18,414500.0,170.80994386527664,138.0,7500.0,1.0416666666666665,3.0,2025.08.20
8744c10c3ffffff,32,330000.0,158.73103619784473,96.5,0.0,0.0,5.0,2025.08.20
8744c10c4ffffff,20,343000.0,177.41109260703672,139.0,0.0,0.0,5.0,2025.08.20
8744c10c5ffffff,16,469000.0,155.67527657473926,125.5,-5500.0,-1.0761957730812013,1.0,2025.08.20
8744c10c6ffffff,29,434900.0,166.0996835443038,120.0,-10100.0,-2.564760194921775,1.0,2025.08.20
8744c10c8ffffff,14,435450.0,199.406450170155,102.5,0.0,0.0,,2025.08.20
8744c10c9ffffff,8,450000.0,170.78613627053323,76.5,0.0,0.0,1.0,2025.08.20
8744c10caffffff,26,380000.0,174.59803335326558,134.0,0.0,0.0,3.0,2025.08.20
8744c10cbffffff,21,450000.0,197.74011299435028,76.0,0.0,0.0,,2025.08.20
8744c10ccffffff,17,328000.0,167.1254423908769,219.0,-10000.0,-2.9850746268656714,4.0,2025.08.20
8744c10cdffffff,18,450000.0,180.5409251817834,74.0,0.0,0.0,1.0,2025.08.20
8744c10ceffffff,28,349950.0,181.8181818181818,176.5,-5500.0,-1.342606501231749,2.0,2025.08.20
8744c10d0ffffff,5,399900.0,193.41449916989487,1079.0,230100.0,170.57079318013345,,2025.08.20
8744c10d1ffffff,7,349000.0,159.77443609022558,68.0,0.0,0.0,,2025.08.20
8744c10d2ffffff,3,489900.0,166.40625,67.0,-35100.0,-6.685714285714285,,2025.08.20
8744c10d3ffffff,16,428500.0,182.87541918411864,100.0,-1500.0,-0.3448275862068966,,2025.08.20
8744c10d4ffffff,1,590000.0,233.9413164155432,286.0,-9995.0,-1.6658472153934616,,2025.08.20
8744c10d5ffffff,7,450000.0,144.00278940027894,3541.0,169900.0,77.22727272727272,,2025.08.20
8744c10d6ffffff,1,340000.0,194.1747572815534,33.0,0.0,0.0,,2025.08.20
8744c10d8ffffff,24,394499.5,175.32101279671284,90.5,-6000.0,-1.2812573405368468,2.0,2025.08.20
8744c10d9ffffff,21,475000.0,189.47368421052633,70.0,0.0,0.0,,2025.08.20
8744c10daffffff,22,374950.0,183.94381623349713,216.5,0.0,0.0,2.0,2025.08.20
8744c10dbffffff,12,477450.0,171.7585853780942,232.5,-1950.0,-0.4071831280016705,2.0,2025.08.20
8744c10dcffffff,10,349800.0,177.07126759499408,121.5,0.0,0.0,1.0,2025.08.20
8744c10ddffffff,18,360500.0,183.25452992495883,85.5,0.0,0.0,2.0,2025.08.20
8744c10deffffff,11,469900.0,143.37641357027465,327.0,0.0,0.0,,2025.08.20
8744c10e0ffffff,3,450000.0,144.58413926499034,4888.0,25000.0,5.88235294117647,,2025.08.20
8744c10e1ffffff,42,330000.0,150.02792640612176,89.5,0.0,0.0,4.0,2025.08.20
8744c10e2ffffff,12,271500.0,178.47666242693612,299.5,0.0,0.0,,2025.08.20
8744c10e3ffffff,9,429900.0,179.65686274509804,932.0,219900.0,104.88990563340006,1.0,2025.08.20
8744c10e4ffffff,8,329500.0,119.43804034582132,463.0,-9800.0,-2.7541432145090683,2.0,2025.08.20
8744c10e5ffffff,23,310000.0,154.14894908516993,115.0,115.0,0.029571344081874052,3.0,2025.08.20
8744c10e6ffffff,12,381790.0,179.09885057471263,148.5,-1000.0,-0.23897146680686326,,2025.08.20
8744c10e8ffffff,22,348750.0,154.05056358778313,101.0,0.0,0.0,2.0,2025.08.20
8744c10e9ffffff,11,350000.0,206.92249811888638,78.0,-11500.0,-3.5384615384615383,1.0,2025.08.20
8744c10eaffffff,12,540000.0,156.05267197992177,245.5,91000.0,3.925798101811907,1.0,2025.08.20
8744c10ebffffff,14,385000.0,171.34675266903915,101.0,-9500.0,-1.9728769777203745,1.0,2025.08.20
8744c10ecffffff,25,349900.0,141.50943396226415,148.0,0.0,0.0,4.0,2025.08.20
8744c10eeffffff,13,319900.0,152.9790660225443,947.0,218000.0,203.73831775700936,3.0,2025.08.20
8744c10f0ffffff,1,545000.0,141.8532014575742,308.0,-129900.0,-19.24729589568825,,2025.08.20
8744c10f1ffffff,21,369900.0,163.04207537429014,252.0,0.0,0.0,3.0,2025.08.20
8744c10f2ffffff,4,574500.0,148.11795432230878,2129.0,0.0,0.0,,2025.08.20
8744c10f3ffffff,11,343000.0,155.40540540540542,255.0,0.0,0.0,2.0,2025.08.20
8744c10f4ffffff,3,300000.0,164.47368421052633,426.0,0.0,0.0,,2025.08.20
8744c10f5ffffff,5,314945.0,234.5085629188384,182.0,-8000.0,-2.208236722976703,,2025.08.20
8744c10f6ffffff,1,289900.0,141.2768031189084,104.0,-10000.0,-3.334444814938313,,2025.08.20
8744c1100ffffff,6,428500.0,172.4525254838247,201.0,0.0,0.0,,2025.08.20
8744c1101ffffff,14,452450.0,187.3527653213752,82.5,0.0,0.0,,2025.08.20
8744c1102ffffff,3,575000.0,167.07168894289185,71.0,0.0,0.0,,2025.08.20
8744c1103ffffff,3,550000.0,180.56467498358504,684.0,154900.0,26.03361344537815,,2025.08.20
8744c1104ffffff,10,527496.5,174.49227838666246,215.0,-12950.0,-2.526160341375468,,2025.08.20
8744c1105ffffff,7,315000.0,182.8849557522124,173.0,0.0,0.0,,2025.08.20
8744c1106ffffff,5,360000.0,157.54812563323202,139.0,-15000.0,-4.0,2.0,2025.08.20
8744c1108ffffff,4,347500.0,188.5185808135739,377.5,-10000.0,-2.564102564102564,,2025.08.20
8744c1109ffffff,5,457000.0,263.9751552795031,494.0,-10000.0,-2.128112364332837,1.0,2025.08.20
8744c110affffff,5,344990.0,160.45267489711935,139.0,-35100.0,-8.258823529411764,2.0,2025.08.20
8744c110bffffff,13,325000.0,151.80722891566265,174.0,0.0,0.0,2.0,2025.08.20
8744c110cffffff,2,452450.0,148.6548230517278,473.5,87950.0,22.30200501253133,,2025.08.20
8744c110dffffff,10,359750.0,141.49294327092173,144.0,-8750.0,-2.2190217391304348,2.0,2025.08.20
8744c110effffff,2,394450.0,156.87234688123473,99.5,-4049.5,-0.40426323207785564,,2025.08.20
8744c1110ffffff,2,898450.0,183.63800570022534,138.0,-101550.0,-9.980317460317462,,2025.08.20
8744c1111ffffff,7,514900.0,157.96019900497512,117.0,-15100.0,-4.4411764705882355,,2025.08.20
8744c1113ffffff,2,789500.0,146.81998277347114,1750.0,217500.0,59.75274725274725,,2025.08.20
8744c1114ffffff,6,420950.0,150.18376964153305,721.5,153450.0,60.5735294117647,,2025.08.20
8744c1115ffffff,2,457450.0,239.16519694297472,61.0,-15000.0,-3.3707865168539324,,2025.08.20
8744c1118ffffff,2,465000.0,125.51529095963953,109.0,-47500.0,-8.431372549019608,1.0,2025.08.20
8744c1119ffffff,1,425000.0,196.39556377079484,355.0,-39900.0,-8.582490858249086,,2025.08.20
8744c111cffffff,13,424900.0,158.90778871978515,427.0,-10000.0,-1.6,1.0,2025.08.20
8744c111dffffff,5,480000.0,132.02223766504517,365.0,0.0,0.0,,2025.08.20
8744c111effffff,7,425000.0,142.3734853884533,147.0,0.0,0.0,1.0,2025.08.20
8744c1120ffffff,30,287993.0,180.42334846353833,91.5,0.0,0.0,1.0,2025.08.20
8744c1121ffffff,6,307500.0,169.9433209022286,76.5,-12500.0,-3.4679089026915113,,2025.08.20
8744c1122ffffff,17,369900.0,167.19063545150502,212.0,0.0,0.0,2.0,2025.08.20
8744c1123ffffff,15,499900.0,166.64705882352942,144.0,0.0,0.0,,2025.08.20
8744c1124ffffff,37,285000.0,172.5,160.0,0.0,0.0,2.0,2025.08.20
8744c1125ffffff,20,327000.0,150.0982702347789,425.5,17860.0,4.409392695115287,1.0,2025.08.20
8744c1126ffffff,16,364950.0,175.69434978189747,186.0,0.0,0.0,,2025.08.20
8744c1128ffffff,21,340000.0,164.4233710614867,511.0,24500.0,6.901408450704226,1.0,2025.08.20
8744c1129ffffff,6,184950.0,135.99799995505518,441.5,52000.0,45.21739130434783,,2025.08.20
8744c112affffff,27,308900.0,184.83383685800604,163.0,0.0,0.0,,2025.08.20
8744c112bffffff,28,396897.5,163.27459179609718,147.0,-9499.5,-2.318229580269918,,2025.08.20
8744c112cffffff,33,345000.0,170.96774193548387,188.0,0.0,0.0,2.0,2025.08.20
8744c112dffffff,20,564950.0,149.21792774952286,107.0,-13053.0,-2.354018530489119,1.0,2025.08.20
8744c112effffff,17,419900.0,173.09594460929773,131.0,0.0,0.0,1.0,2025.08.20
8744c1130ffffff,15,424900.0,176.55502392344496,221.0,-15100.0,-3.3341271731364612,,2025.08.20
8744c1131ffffff,13,470000.0,160.7445008460237,53.0,0.0,0.0,,2025.08.20
8744c1132ffffff,13,520000.0,159.1475228342098,148.0,-15000.0,-2.857142857142857,,2025.08.20
8744c1133ffffff,8,477000.0,141.41094626742785,801.0,96267.5,25.726241308587394,,2025.08.20
8744c1134ffffff,13,399900.0,186.8556701030928,103.0,0.0,0.0,1.0,2025.08.20
8744c1135ffffff,21,384705.0,132.33287858117325,190.0,0.0,0.0,2.0,2025.08.20
8744c1136ffffff,20,492450.0,142.22063665681873,127.0,-4050.0,-1.0438144329896906,,2025.08.20
8744c1140ffffff,9,280000.0,156.03248259860788,78.0,0.0,0.0,2.0,2025.08.20
8744c1141ffffff,6,322500.0,134.3578226426987,225.5,-16450.0,-4.2725347852389595,,2025.08.20
8744c1142ffffff,12,299000.0,150.86251984682917,162.0,0.0,0.0,,2025.08.20
8744c1143ffffff,12,249300.0,141.04351896320964,240.5,-8500.0,-2.508707105351555,2.0,2025.08.20
8744c1144ffffff,8,334500.0,173.93652853862366,58.0,-7250.0,-2.2007073782234956,,2025.08.20
8744c1145ffffff,6,327000.0,139.80442804428043,188.0,-7950.0,-2.3350125717581536,,2025.08.20
8744c1146ffffff,6,434750.0,134.6875,150.5,0.0,0.0,,2025.08.20
8744c1148ffffff,32,248950.0,137.0096011646178,131.5,0.0,0.0,3.0,2025.08.20
8744c1149ffffff,13,284500.0,150.96251266464031,138.0,-16500.0,-5.323329760628797,,2025.08.20
8744c114affffff,49,220000.0,128.56584603360687,319.0,0.0,0.0,5.0,2025.08.20
8744c114bffffff,27,157000.0,111.2565445026178,428.0,-1005.0,-0.7444444444444445,3.0,2025.08.20
8744c114cffffff,11,280000.0,142.43323442136497,224.0,-15000.0,-5.00166722240747,3.0,2025.08.20
8744c114dffffff,23,265000.0,122.30514096185738,147.0,4900.0,1.719298245614035,7.0,2025.08.20
8744c114effffff,16,278500.0,129.0186962029625,132.5,-13750.0,-5.604651162790698,4.0,2025.08.20
8744c1150ffffff,2,350000.0,192.06632405995012,58.5,-5000.0,-1.5384615384615385,,2025.08.20
8744c1151ffffff,8,392250.0,165.15655981493722,293.5,-17650.0,-5.083856684296815,1.0,2025.08.20
8744c1152ffffff,2,565000.0,153.4510654432034,2217.0,50300.0,9.380374902171468,,2025.08.20
8744c1153ffffff,3,299000.0,151.3222331047992,69.0,0.0,0.0,1.0,2025.08.20
8744c1154ffffff,6,555000.0,133.57757736468346,137.5,-12500.5,-2.8377427885028563,,2025.08.20
8744c1155ffffff,10,248900.0,148.95908900239345,447.0,55050.0,47.99833194328607,1.0,2025.08.20
8744c1156ffffff,5,399900.0,162.79646017699116,105.0,0.0,0.0,,2025.08.20
8744c1158ffffff,32,327450.0,136.9682545707941,89.0,0.0,0.0,6.0,2025.08.20
8744c1159ffffff,44,285000.0,137.09941040819723,144.5,0.0,0.0,3.0,2025.08.20
8744c115affffff,16,268450.0,123.77812308002379,349.0,-2500.0,-0.7352941176470588,3.0,2025.08.20
8744c115bffffff,20,325000.0,143.45497458242556,128.0,-7500.0,-2.2108342108342107,1.0,2025.08.20
8744c115cffffff,14,377450.0,142.80775973930815,81.0,0.0,0.0,2.0,2025.08.20
8744c115dffffff,36,271250.0,142.58621061407544,113.5,0.0,0.0,8.0,2025.08.20
8744c115effffff,6,417500.0,163.335020242915,600.5,293500.0,991.3418140629084,1.0,2025.08.20
8744c1160ffffff,29,239900.0,143.33333333333334,118.0,0.0,0.0,7.0,2025.08.20
8744c1161ffffff,22,291600.0,164.32565789473682,66.5,0.0,0.0,2.0,2025.08.20
8744c1162ffffff,11,289900.0,170.65972222222223,112.0,-4000.0,-1.3071895424836601,1.0,2025.08.20
8744c1163ffffff,22,252400.0,148.5109468107709,183.5,0.0,0.0,1.0,2025.08.20
8744c1164ffffff,17,299900.0,169.73532796317608,184.0,-19000.0,-6.060789720900633,3.0,2025.08.20
8744c1165ffffff,21,184900.0,122.14137214137214,155.0,0.0,-1.1368804001819008,4.0,2025.08.20
8744c1166ffffff,7,247000.0,167.5603217158177,91.0,0.0,0.0,3.0,2025.08.20
8744c1168ffffff,1,250000.0,195.3125,1247.0,250000.0,inf,,2025.08.20
8744c1169ffffff,12,124500.0,122.44486768243785,143.5,0.0,0.0,2.0,2025.08.20
8744c116affffff,7,300000.0,144.5344129554656,65.0,0.0,0.0,,2025.08.20
8744c116bffffff,21,345000.0,140.8450704225352,141.0,0.0,0.0,2.0,2025.08.20
8744c116cffffff,23,250000.0,157.72870662460568,175.0,-5000.0,-2.127659574468085,,2025.08.20
8744c116dffffff,5,225000.0,182.59615384615384,166.0,-10000.0,-3.260869565217391,2.0,2025.08.20
8744c116effffff,5,249900.0,135.96491228070175,56.0,0.0,0.0,,2025.08.20
8744c1170ffffff,11,299900.0,152.14205186020294,278.0,29900.0,11.074074074074074,2.0,2025.08.20
8744c1171ffffff,10,259900.0,143.4904957125888,98.5,-10050.0,-3.727388281207058,,2025.08.20
8744c1172ffffff,2,326585.0,179.2765256678536,96.0,2800.0,0.8627143935108817,,2025.08.20
8744c1173ffffff,19,265000.0,150.0,107.0,0.0,0.0,2.0,2025.08.20
8744c1174ffffff,12,283450.0,144.32763907139727,253.5,-10500.0,-3.1861610798557245,2.0,2025.08.20
8744c1175ffffff,14,299996.5,166.5087827394628,95.5,-4043.5,-1.3082373495535138,,2025.08.20
8744c1176ffffff,5,315000.0,155.34382767191383,162.0,-2000.0,-0.9090771351949212,,2025.08.20
8744c1180ffffff,14,297499.5,183.8774133162314,111.5,0.0,0.0,,2025.08.20
8744c1181ffffff,11,319900.0,138.44099913867356,99.0,0.0,0.0,2.0,2025.08.20
8744c1182ffffff,8,275450.0,170.59515303084436,375.5,4000.0,1.556420233463035,,2025.08.20
8744c1183ffffff,15,362595.0,155.08768177929855,125.0,0.0,0.0,2.0,2025.08.20
8744c1184ffffff,7,265000.0,163.99662731871837,77.0,0.0,0.0,,2025.08.20
8744c1185ffffff,5,389900.0,133.40593520283147,133.0,0.0,0.0,1.0,2025.08.20
8744c1186ffffff,6,314950.0,138.18574514038878,239.5,0.0,0.0,,2025.08.20
8744c1188ffffff,16,325000.0,130.24920841126374,130.5,0.0,0.0,1.0,2025.08.20
8744c1189ffffff,23,409900.0,132.30961298377028,222.0,0.0,0.0,3.0,2025.08.20
8744c118affffff,21,284500.0,163.8199653779573,329.0,-7850.0,-2.0240305280528053,,2025.08.20
8744c118bffffff,38,315000.0,159.54870665932856,127.5,0.0,0.0,,2025.08.20
8744c118cffffff,12,411500.0,143.7587921553287,231.0,-5500.0,-1.2502083680613436,1.0,2025.08.20
8744c118dffffff,20,312950.0,135.3017883974372,108.5,0.0,0.0,5.0,2025.08.20
8744c118effffff,17,315000.0,141.32644272179155,145.0,-25100.0,-7.968253968253968,2.0,2025.08.20
8744c1191ffffff,2,354500.0,150.75214370195152,190.0,122000.0,73.93939393939394,,2025.08.20
8744c1193ffffff,2,282000.0,162.176582195523,43.5,-10000.0,-3.389830508474576,,2025.08.20
8744c1194ffffff,1,625000.0,209.73154362416108,166.0,0.0,0.0,,2025.08.20
8744c1195ffffff,5,265000.0,171.74335709656512,1264.0,85500.0,90.47619047619048,,2025.08.20
8744c1196ffffff,2,417450.0,181.86204589777316,94.0,-29900.0,-6.504241896889276,,2025.08.20
8744c1198ffffff,7,343000.0,129.49308755760367,264.0,0.0,0.0,,2025.08.20
8744c1199ffffff,7,319900.0,138.18574514038878,296.0,-3000.0,-0.9290802105915144,,2025.08.20
8744c119affffff,9,284900.0,168.67469879518072,85.0,0.0,0.0,1.0,2025.08.20
8744c119cffffff,11,325000.0,135.9262229350441,95.0,0.0,0.0,1.0,2025.08.20
8744c119dffffff,22,312450.0,152.17761771716528,70.5,0.0,0.0,1.0,2025.08.20
8744c119effffff,19,222000.0,137.4819102749638,302.0,-24900.0,-9.454545454545455,1.0,2025.08.20
8744c11a1ffffff,9,290000.0,161.66960611405057,47.0,0.0,0.0,,2025.08.20
8744c11a3ffffff,4,435000.0,157.40860687522996,267.5,0.0,0.0,,2025.08.20
8744c11a4ffffff,6,402450.0,168.64769203429273,82.0,-7550.0,-1.819277108433735,1.0,2025.08.20
8744c11a5ffffff,2,490000.0,187.62546646780822,469.0,-57499.0,-9.99132064880381,,2025.08.20
8744c11a6ffffff,2,355000.0,122.2311498028693,1310.5,180000.0,inf,,2025.08.20
8744c11a8ffffff,15,266000.0,167.70783277270542,540.0,49100.0,30.70669168230144,4.0,2025.08.20
8744c11a9ffffff,19,299900.0,167.17325227963525,132.0,0.0,0.0,5.0,2025.08.20
8744c11aaffffff,5,359900.0,131.93069306930693,141.0,0.0,0.0,,2025.08.20
8744c11abffffff,18,279750.0,160.50204410224262,90.0,-3950.0,-1.9759879939969984,4.0,2025.08.20
8744c11acffffff,3,275000.0,172.9559748427673,97.0,-10100.0,-3.96078431372549,,2025.08.20
8744c11adffffff,9,475000.0,149.71927635683093,323.0,-15000.0,-2.9565217391304346,,2025.08.20
8744c11aeffffff,5,329000.0,141.22759369907658,73.0,-28510.0,-7.712082262210797,,2025.08.20
8744c11b0ffffff,5,290000.0,175.97087378640776,125.0,-20100.0,-7.051282051282051,1.0,2025.08.20
8744c11b1ffffff,2,662500.0,225.31842878774384,1735.5,267880.0,66.87247420299147,,2025.08.20
8744c11b2ffffff,1,223000.0,158.3806818181818,756.0,223000.0,inf,,2025.08.20
8744c11b3ffffff,2,274950.0,145.26087400931863,2216.5,90500.0,84.85394157663066,,2025.08.20
8744c11b4ffffff,9,294000.0,152.16346153846155,239.0,-15000.0,-4.762222222222222,,2025.08.20
8744c11b5ffffff,1,120000.0,125.0,309.0,-20000.0,-14.285714285714285,,2025.08.20
8744c11b6ffffff,5,278000.0,164.8081534772182,155.0,5000.0,1.7543859649122806,,2025.08.20
8744c1200ffffff,10,657500.0,231.05093157526045,123.0,165500.0,33.0188679245283,,2025.08.20
8744c1201ffffff,28,586570.0,283.68226780574935,121.0,0.0,0.0,,2025.08.20
8744c1202ffffff,21,625000.0,231.43164693218515,282.0,0.0,0.0,1.0,2025.08.20
8744c1203ffffff,23,685750.0,342.2341696535245,155.0,0.0,0.0,,2025.08.20
8744c1204ffffff,20,677450.0,243.30248416950803,75.5,0.0,0.0,,2025.08.20
8744c1205ffffff,11,420000.0,236.48648648648648,111.0,-100.0,-0.023529411764705882,,2025.08.20
8744c1206ffffff,38,837000.0,200.87014338575392,139.5,0.0,0.0,1.0,2025.08.20
8744c1208ffffff,30,942450.0,291.9979733415973,132.5,0.0,0.0,,2025.08.20
8744c1209ffffff,19,1425000.0,366.325684268731,143.0,0.0,0.0,,2025.08.20
8744c120affffff,55,975000.0,375.8361204013378,124.0,0.0,0.0,,2025.08.20
8744c120bffffff,8,1595000.0,363.6771314116852,665.0,428500.0,26.057926922644995,,2025.08.20
8744c120cffffff,15,599000.0,265.19713261648747,76.0,0.0,0.0,,2025.08.20
8744c120dffffff,16,894450.0,244.94190081639368,142.5,0.0,0.0,,2025.08.20
8744c120effffff,52,965000.0,383.3668390105434,136.0,0.0,0.0,,2025.08.20
8744c1210ffffff,8,1075000.0,266.3441690797224,87.0,0.0,0.0,,2025.08.20
8744c1211ffffff,21,700000.0,290.37610619469024,69.0,0.0,0.0,,2025.08.20
8744c1212ffffff,38,710905.0,285.14583333333337,179.0,3050.0,0.4243225425504328,,2025.08.20
8744c1213ffffff,45,509900.0,237.5,128.0,0.0,0.0,,2025.08.20
8744c1214ffffff,41,703755.0,302.36572890025576,89.0,0.0,0.0,,2025.08.20
8744c1215ffffff,29,1350000.0,243.53701527614572,71.0,0.0,0.0,,2025.08.20
8744c1216ffffff,25,974900.0,255.80895008605853,327.0,0.0,0.0,1.0,2025.08.20
8744c1218ffffff,12,499950.0,281.021897810219,81.5,0.0,0.0,,2025.08.20
8744c1219ffffff,32,407450.0,262.81184299915986,66.0,0.0,0.0,,2025.08.20
8744c121affffff,18,1561500.0,280.8527400477059,135.5,0.0,0.0,,2025.08.20
8744c121bffffff,8,437500.0,259.1896548979657,2548.5,213950.0,100.40974422555907,,2025.08.20
8744c121cffffff,17,464900.0,283.94160583941607,62.0,0.0,0.0,1.0,2025.08.20
8744c121dffffff,45,925000.0,359.96363636363634,181.0,0.0,0.0,,2025.08.20
8744c121effffff,13,795000.0,234.88475177304966,59.0,0.0,0.0,,2025.08.20
8744c1220ffffff,17,950000.0,207.64119601328903,139.0,-90000.0,-7.4074074074074066,,2025.08.20
8744c1221ffffff,43,239000.0,192.1911421911422,734.0,77500.0,44.927536231884055,3.0,2025.08.20
8744c1222ffffff,20,1050000.0,217.1963095848283,293.0,0.0,0.0,,2025.08.20
8744c1223ffffff,28,552500.0,233.24902874902875,109.5,0.0,0.0,1.0,2025.08.20
8744c1224ffffff,19,825000.0,262.0162118963352,279.0,0.0,0.0,,2025.08.20
8744c1225ffffff,34,274500.0,212.32876712328766,671.0,37500.0,4.285714285714286,,2025.08.20
8744c1226ffffff,23,850000.0,211.864406779661,110.0,0.0,0.0,,2025.08.20
8744c1228ffffff,20,669450.0,238.24054199087738,116.5,0.0,0.0,,2025.08.20
8744c1229ffffff,17,603800.0,251.984126984127,159.0,0.0,0.0,,2025.08.20
8744c122affffff,10,544900.0,272.5846073396283,104.0,0.0,0.0,,2025.08.20
8744c122bffffff,16,734950.0,289.29623677514394,386.5,82500.0,17.010309278350515,,2025.08.20
8744c122cffffff,29,635000.0,300.2899751449876,110.0,0.0,0.0,,2025.08.20
8744c122dffffff,13,749000.0,318.06615776081424,377.0,0.0,0.0,,2025.08.20
8744c122effffff,16,637450.0,253.10107498342526,110.5,0.0,0.0,,2025.08.20
8744c1230ffffff,13,950000.0,210.29609690444144,126.0,0.0,0.0,,2025.08.20
8744c1231ffffff,34,447250.0,251.3382660829844,96.5,0.0,0.0,,2025.08.20
8744c1232ffffff,12,689999.5,202.81822180916976,132.0,-9500.5,-1.3198597000483794,,2025.08.20
8744c1233ffffff,19,875000.0,201.6017674675504,2437.0,80100.0,14.306126093945348,,2025.08.20
8744c1234ffffff,27,550000.0,233.0607476635514,162.0,0.0,0.0,,2025.08.20
8744c1235ffffff,29,1075000.0,208.82694541231126,99.0,0.0,0.0,,2025.08.20
8744c1236ffffff,41,275000.0,185.43543543543544,111.0,0.0,0.0,3.0,2025.08.20
8744c1240ffffff,10,879950.0,249.8171777880516,241.5,-7500.0,-0.8571428571428572,,2025.08.20
8744c1241ffffff,10,832450.0,189.88493733274464,173.5,0.0,0.0,1.0,2025.08.20
8744c1242ffffff,7,650000.0,194.66209598432908,64.0,-4999.0,-0.6248757810947264,,2025.08.20
8744c1243ffffff,15,700000.0,211.3770593720858,75.0,-10000.0,-2.2271714922048997,1.0,2025.08.20
8744c1244ffffff,5,949900.0,227.27272727272728,83.0,-25100.0,-4.761904761904762,,2025.08.20
8744c1245ffffff,6,847450.0,223.30927051671733,72.0,0.0,0.0,,2025.08.20
8744c1246ffffff,4,983950.0,293.6225590678606,78.0,-39550.0,-5.180653569398422,,2025.08.20
8744c1248ffffff,17,750000.0,215.9218926023282,96.0,0.0,0.0,,2025.08.20
8744c1249ffffff,4,690000.0,199.6226833348602,597.0,-52500.0,-5.780927835051546,,2025.08.20
8744c124affffff,4,962500.0,287.17782949745714,173.0,-7500.0,-1.5151515151515151,,2025.08.20
8744c124bffffff,6,787500.0,232.2122847334497,3092.0,334500.0,77.40646426610184,,2025.08.20
8744c124cffffff,23,589000.0,213.43726800296957,95.0,0.0,0.0,1.0,2025.08.20
8744c124dffffff,6,572450.0,197.316610684655,141.5,-7450.0,-1.1642444131895608,1.0,2025.08.20
8744c124effffff,19,597500.0,224.52095808383234,96.0,-100.0,-0.021739130434782608,1.0,2025.08.20
8744c1250ffffff,14,1350000.0,326.93893114185965,104.5,0.0,0.0,,2025.08.20
8744c1251ffffff,8,1232000.0,250.6376299784187,165.0,-107000.0,-6.976029502151198,,2025.08.20
8744c1252ffffff,5,2490000.0,335.7252690927729,3723.0,1276000.0,75.19466073414905,,2025.08.20
8744c1253ffffff,16,1874500.0,362.9549880619919,72.0,0.0,0.0,,2025.08.20
8744c1254ffffff,13,2600000.0,283.5696413678065,147.0,-125000.0,-6.8493150684931505,,2025.08.20
8744c1255ffffff,9,855000.0,255.91140377132595,119.0,-10000.0,-1.4306151645207439,,2025.08.20
8744c1256ffffff,15,2225000.0,335.9264497878359,173.0,0.0,0.0,,2025.08.20
8744c1258ffffff,7,1749000.0,324.94448556624724,134.0,0.0,0.0,,2025.08.20
8744c1259ffffff,10,869450.0,289.9020261795956,43.5,0.0,0.0,,2025.08.20
8744c125affffff,3,895000.0,286.3078034682081,302.0,-100000.0,-10.050251256281408,,2025.08.20
8744c125bffffff,3,1399000.0,475.52685248130524,51.0,0.0,0.0,,2025.08.20
8744c125cffffff,4,1375000.0,313.53206130476724,884.5,-10250.0,-0.29481625648752713,,2025.08.20
8744c125dffffff,4,1324950.0,237.64268257319264,2331.0,275500.0,36.36363636363637,,2025.08.20
8744c125effffff,4,2042500.0,407.6223776223776,306.0,149550.0,24.92915485914319,,2025.08.20
8744c1260ffffff,20,504750.0,229.08715056697957,38.5,0.0,0.0,1.0,2025.08.20
8744c1261ffffff,7,425000.0,213.99798590130916,1019.0,253000.0,177.5592828224407,,2025.08.20
8744c1262ffffff,8,747499.5,202.77323237046107,80.5,-9500.0,-1.5015306351685216,,2025.08.20
8744c1263ffffff,23,848900.0,267.98307475317347,106.0,-25000.0,-2.7027027027027026,,2025.08.20
8744c1264ffffff,19,529000.0,234.2888643880926,118.0,0.0,0.0,,2025.08.20
8744c1265ffffff,48,443000.0,222.9792768881194,109.0,0.0,0.0,,2025.08.20
8744c1266ffffff,20,532450.0,208.51749776770384,100.5,0.0,0.0,,2025.08.20
8744c1268ffffff,13,405000.0,187.98254447801276,140.0,0.0,0.0,,2025.08.20
8744c1269ffffff,10,672450.0,241.2018045112782,227.0,0.0,0.0,,2025.08.20
8744c126affffff,17,705000.0,182.86814244465833,182.0,0.0,0.0,,2025.08.20
8744c126bffffff,13,400000.0,208.77944325481798,61.0,0.0,0.0,,2025.08.20
8744c126cffffff,6,525250.0,203.75358964467875,45.0,0.0,0.0,,2025.08.20
8744c126dffffff,22,426950.0,205.82959641255604,118.5,0.0,0.0,1.0,2025.08.20
8744c126effffff,5,446500.0,202.7027027027027,133.0,0.0,0.0,,2025.08.20
8744c1270ffffff,8,1822000.0,347.89121923546566,840.5,200000.0,50.0,,2025.08.20
8744c1271ffffff,5,1750000.0,222.986748216106,2325.0,725000.0,69.38083121289228,,2025.08.20
8744c1272ffffff,25,899900.0,256.68738178870575,89.0,0.0,0.0,,2025.08.20
8744c1273ffffff,7,1250000.0,221.23893805309734,64.0,0.0,0.0,,2025.08.20
8744c1274ffffff,18,707500.0,223.91033968104807,214.5,0.0,0.0,,2025.08.20
8744c1275ffffff,7,1000000.0,244.9778241586225,226.0,0.0,0.0,,2025.08.20
8744c1276ffffff,15,529900.0,275.70093457943926,96.0,0.0,0.0,,2025.08.20
8744c1280ffffff,18,687500.0,267.4699060037637,70.5,0.0,0.0,,2025.08.20
8744c1281ffffff,23,1199000.0,242.61661606403533,521.0,0.0,0.0,,2025.08.20
8744c1282ffffff,21,995000.0,243.1643791202853,201.0,0.0,0.0,1.0,2025.08.20
8744c1283ffffff,16,1432000.0,230.01515607156452,92.5,0.0,0.0,,2025.08.20
8744c1284ffffff,15,720000.0,262.0346493511354,91.0,0.0,0.0,,2025.08.20
8744c1285ffffff,20,1077500.0,222.16413551360444,80.5,-10750.0,-1.1363636363636365,,2025.08.20
8744c1286ffffff,20,789000.0,211.72089175776125,133.5,0.0,0.0,1.0,2025.08.20
8744c1288ffffff,23,810000.0,216.51270207852193,91.0,-5200.0,-0.7703703703703704,,2025.08.20
8744c1289ffffff,19,674900.0,242.003367003367,118.0,-4000.0,-0.7421150278293136,1.0,2025.08.20
8744c128affffff,19,644000.0,230.70097604259095,106.0,0.0,0.0,,2025.08.20
8744c128bffffff,14,820000.0,195.3488860771273,198.0,0.0,0.0,,2025.08.20
8744c128cffffff,14,1095000.0,235.7512808751784,1468.5,277500.0,64.5631067961165,,2025.08.20
8744c128dffffff,11,829000.0,252.781019058732,63.0,0.0,0.0,,2025.08.20
8744c128effffff,10,1240000.0,262.7425705357114,59.0,-17500.0,-2.603448275862069,,2025.08.20
8744c1290ffffff,14,644450.0,244.573055028463,288.0,0.0,0.0,,2025.08.20
8744c1291ffffff,20,624950.0,209.67248239975513,116.0,0.0,0.0,,2025.08.20
8744c1292ffffff,23,609999.0,192.46069939043952,100.0,0.0,0.0,1.0,2025.08.20
8744c1293ffffff,17,581400.0,248.40085287846483,147.0,0.0,0.0,,2025.08.20
8744c1294ffffff,10,579838.5,189.6292915984571,96.0,-7661.5,-1.3887587719298247,,2025.08.20
8744c1295ffffff,44,617450.0,241.70218579234972,112.5,0.0,0.0,1.0,2025.08.20
8744c1296ffffff,9,580000.0,223.6791361357501,68.0,-5000.0,-0.847457627118644,,2025.08.20
8744c1298ffffff,21,645000.0,215.8590308370044,140.0,-10000.0,-1.342281879194631,,2025.08.20
8744c1299ffffff,14,935000.0,221.30285927558364,95.0,0.0,0.0,,2025.08.20
8744c129affffff,19,550000.0,214.0011890606421,117.0,0.0,0.0,,2025.08.20
8744c129bffffff,13,354900.0,199.28613920285545,139.0,0.0,0.0,,2025.08.20
8744c129cffffff,17,689999.0,216.91176470588235,98.0,0.0,0.0,,2025.08.20
8744c129dffffff,6,758750.0,194.61600764740183,114.5,0.0,0.0,,2025.08.20
8744c129effffff,25,519900.0,214.52702702702703,97.0,0.0,0.0,1.0,2025.08.20
8744c12a0ffffff,18,427450.0,236.07689427730196,87.5,0.0,0.0,,2025.08.20
8744c12a1ffffff,15,739000.0,179.62577962577961,161.0,0.0,0.0,,2025.08.20
8744c12a2ffffff,20,499950.0,201.441525862023,164.5,0.0,0.0,,2025.08.20
8744c12a3ffffff,12,1170000.0,268.9243027888446,879.0,210000.0,21.875,,2025.08.20
8744c12a4ffffff,23,384999.0,224.0539527913076,338.0,0.0,0.0,1.0,2025.08.20
8744c12a5ffffff,26,304250.0,221.51618146889317,134.5,0.0,0.0,,2025.08.20
8744c12a6ffffff,26,530000.0,216.55095850142288,84.0,0.0,0.0,,2025.08.20
8744c12a8ffffff,27,675000.0,258.26446280991735,111.0,0.0,0.0,,2025.08.20
8744c12a9ffffff,17,974500.0,242.3103550588468,62.0,0.0,0.0,,2025.08.20
8744c12aaffffff,8,959450.0,219.41365807073703,240.0,-7500.0,-0.6818181818181818,,2025.08.20
8744c12abffffff,17,730000.0,227.27272727272728,84.0,0.0,0.0,,2025.08.20
8744c12acffffff,28,735000.0,243.32738109162554,278.5,30152.5,2.1466965684180552,,2025.08.20
8744c12adffffff,23,689000.0,240.3127258647393,460.0,0.0,0.0,,2025.08.20
8744c12aeffffff,12,944499.5,267.2797245231853,323.0,0.0,0.0,,2025.08.20
8744c12b0ffffff,17,539500.0,198.12526629740094,83.0,-20000.0,-2.778163633838033,,2025.08.20
8744c12b1ffffff,20,562450.0,203.88230603345207,80.5,0.0,0.0,2.0,2025.08.20
8744c12b2ffffff,3,945000.0,151.31578947368422,1092.0,365000.0,155.55555555555557,,2025.08.20
8744c12b3ffffff,23,495000.0,233.02938196555218,129.0,-19000.0,-3.571428571428571,1.0,2025.08.20
8744c12b4ffffff,16,440000.0,211.9047619047619,251.5,0.0,0.0,,2025.08.20
8744c12b5ffffff,14,1747000.0,237.99524150632175,341.0,-6245.0,-1.3576382095262942,,2025.08.20
8744c12b6ffffff,19,439900.0,188.55656697009104,82.0,0.0,0.0,,2025.08.20
8744c12c0ffffff,11,799000.0,244.79166666666666,82.0,0.0,0.0,,2025.08.20
8744c12c1ffffff,11,895000.0,211.4210985178727,113.0,0.0,0.0,,2025.08.20
8744c12c2ffffff,21,880000.0,265.5538694992413,95.0,0.0,0.0,,2025.08.20
8744c12c3ffffff,15,740000.0,214.73406012553684,125.0,0.0,0.0,1.0,2025.08.20
8744c12c4ffffff,13,2695000.0,447.2532814778804,356.0,0.0,0.0,,2025.08.20
8744c12c5ffffff,38,2222000.0,332.7127570359934,279.5,0.0,0.0,,2025.08.20
8744c12c6ffffff,15,689500.0,249.19108001749015,132.0,0.0,0.0,,2025.08.20
8744c12c8ffffff,2,1599450.0,409.3415468614676,540.0,899950.0,inf,,2025.08.20
8744c12c9ffffff,2,1132500.0,230.08124706873048,1239.0,162550.0,17.69403659963826,,2025.08.20
8744c12caffffff,8,552450.0,231.4934725848564,386.5,-5000.0,-1.6131634134537827,1.0,2025.08.20
8744c12cbffffff,6,1057450.0,237.86864540574675,705.5,0.0,0.0,,2025.08.20
8744c12ccffffff,7,1149000.0,228.92697816388824,93.0,-51000.0,-2.5365853658536586,,2025.08.20
8744c12cdffffff,6,1332000.0,298.76325240132655,70.5,-12500.0,-0.8934953538241601,,2025.08.20
8744c12ceffffff,13,730000.0,215.51724137931035,76.0,-25000.0,-3.4013605442176873,1.0,2025.08.20
8744c12d0ffffff,23,515000.0,231.2646370023419,76.0,0.0,0.0,,2025.08.20
8744c12d1ffffff,13,899000.0,211.98597386037616,56.0,0.0,0.0,,2025.08.20
8744c12d2ffffff,12,452000.0,201.41980863963624,81.0,0.0,0.0,1.0,2025.08.20
8744c12d3ffffff,5,550000.0,248.13432835820896,62.0,0.0,0.0,,2025.08.20
8744c12d4ffffff,15,589850.0,230.67645516518093,142.0,0.0,0.0,,2025.08.20
8744c12d5ffffff,19,880000.0,251.83296142811602,137.0,0.0,0.0,,2025.08.20
8744c12d6ffffff,4,720000.0,238.7691528524491,39.0,-5000.0,-0.5688282138794084,,2025.08.20
8744c12d8ffffff,17,670000.0,216.2353775257001,64.0,-15000.0,-1.675977653631285,,2025.08.20
8744c12d9ffffff,13,674999.0,232.778198334595,442.0,0.0,0.0,,2025.08.20
8744c12daffffff,22,627000.0,220.03892788263937,78.0,-1116.0,-0.1448438582081139,,2025.08.20
8744c12dbffffff,4,1210000.0,289.2330541319111,834.5,1027000.0,inf,,2025.08.20
8744c12dcffffff,16,799500.0,201.38156870475282,152.0,-8000.0,-0.8352623456790124,,2025.08.20
8744c12ddffffff,16,739431.0,226.22071095591775,96.5,-2700.0,-0.5143836921318345,,2025.08.20
8744c12deffffff,23,594900.0,209.4240837696335,87.0,0.0,0.0,1.0,2025.08.20
8744c12e0ffffff,13,1350000.0,284.2201000454752,4129.0,565012.0,100.33444816053512,,2025.08.20
8744c12e1ffffff,9,1295000.0,413.28392246294186,77.0,0.0,0.0,,2025.08.20
8744c12e2ffffff,19,995000.0,232.77870216306155,151.0,0.0,0.0,,2025.08.20
8744c12e3ffffff,22,1594500.0,264.80924334752643,145.5,0.0,0.0,,2025.08.20
8744c12e4ffffff,8,1837500.0,359.9471359483314,575.0,315050.5,27.906977575661536,,2025.08.20
8744c12e5ffffff,10,2492500.0,365.6555206011595,105.0,0.0,0.0,,2025.08.20
8744c12e6ffffff,49,514900.0,279.9415774099318,148.0,0.0,0.0,,2025.08.20
8744c12e8ffffff,14,1250000.0,334.34280382144226,434.0,-25000.0,-1.9230769230769231,,2025.08.20
8744c12e9ffffff,5,2100000.0,139.86013986013987,469.0,0.0,0.0,,2025.08.20
8744c12eaffffff,6,3599999.0,330.15970990659434,464.0,449999.5,14.583320486112036,,2025.08.20
8744c12ebffffff,8,1600000.0,237.1585198455244,238.5,0.0,0.0,,2025.08.20
8744c12ecffffff,11,1985000.0,351.2652627853477,250.0,0.0,0.0,,2025.08.20
8744c12edffffff,10,3622500.0,406.38650115574103,511.5,0.0,0.0,,2025.08.20
8744c12eeffffff,15,1299900.0,213.87832699619773,321.0,-25000.0,-3.10077519379845,,2025.08.20
8744c12f0ffffff,8,684949.5,252.0502702170782,53.5,-2500.0,-0.34965034965034963,,2025.08.20
8744c12f1ffffff,9,515000.0,246.94783573806882,1135.0,155000.0,53.44827586206896,,2025.08.20
8744c12f2ffffff,17,1000000.0,226.3779527559055,146.0,0.0,0.0,,2025.08.20
8744c12f3ffffff,6,756500.0,214.8100444667254,3473.0,412500.0,120.05990469994848,,2025.08.20
8744c12f4ffffff,20,779999.5,287.29571664273016,137.0,-7000.5,-0.9176277989015632,1.0,2025.08.20
8744c12f5ffffff,10,510000.0,249.7691079743329,111.5,-7000.0,-1.4586372160866847,,2025.08.20
8744c12f6ffffff,8,789500.0,202.9521094259839,63.0,0.0,0.0,,2025.08.20
8744c1300ffffff,26,1142500.0,345.17991793913984,139.5,0.0,0.0,,2025.08.20
8744c1301ffffff,28,1074500.0,357.19789496536293,138.0,0.0,0.0,,2025.08.20
8744c1302ffffff,31,350000.0,331.4855875831486,468.0,0.0,0.0,,2025.08.20
8744c1303ffffff,41,679000.0,285.039941902687,72.0,0.0,0.0,,2025.08.20
8744c1304ffffff,62,689500.0,303.4623501050096,316.0,0.0,0.0,,2025.08.20
8744c1305ffffff,34,1162000.0,357.4166018369077,125.0,-10500.0,-0.7277137659187386,,2025.08.20
8744c1306ffffff,38,596700.0,368.6246072032874,433.0,0.0,0.0,,2025.08.20
8744c1308ffffff,80,461750.0,281.09627547434997,258.0,0.0,0.0,1.0,2025.08.20
8744c1309ffffff,104,277900.0,213.17440401505647,281.0,0.0,0.0,,2025.08.20
8744c130affffff,27,565000.0,274.914089347079,167.0,0.0,0.0,,2025.08.20
8744c130bffffff,33,605900.0,225.7451564828614,114.0,0.0,0.0,2.0,2025.08.20
8744c130cffffff,65,249000.0,243.69747899159663,394.0,2500.0,0.9541984732824428,,2025.08.20
8744c130dffffff,60,608000.0,268.2531513372048,391.5,0.0,0.0,1.0,2025.08.20
8744c130effffff,44,376000.0,287.7442680776014,410.0,0.0,0.0,,2025.08.20
8744c1310ffffff,26,499250.0,213.5298112462081,368.0,0.0,0.0,,2025.08.20
8744c1311ffffff,9,524995.0,231.64335664335664,111.0,0.0,0.0,,2025.08.20
8744c1312ffffff,52,433700.0,187.265820802005,219.0,0.0,0.0,2.0,2025.08.20
8744c1313ffffff,15,420000.0,227.93354101765317,97.0,0.0,0.0,,2025.08.20
8744c1314ffffff,18,662450.0,245.26559540997133,83.0,0.0,0.0,,2025.08.20
8744c1315ffffff,39,230000.0,224.83333333333334,279.0,0.0,0.0,,2025.08.20
8744c1316ffffff,28,532200.0,213.07902305143142,153.0,0.0,0.0,,2025.08.20
8744c1318ffffff,41,509000.0,242.84351145038167,111.0,0.0,0.0,,2025.08.20
8744c1319ffffff,14,785000.0,254.59643102323508,73.0,-22500.0,-2.554399243140965,,2025.08.20
8744c131affffff,22,512250.0,224.7986577181208,77.5,0.0,0.0,,2025.08.20
8744c131bffffff,34,626505.0,242.24806201550388,88.0,0.0,0.0,1.0,2025.08.20
8744c131cffffff,35,599999.0,324.8196395055501,302.0,10000.0,1.0101010101010102,,2025.08.20
8744c131dffffff,52,487000.0,266.48668263352806,914.0,47000.0,15.528765815230367,,2025.08.20
8744c131effffff,10,478822.5,251.82979302832246,236.0,0.0,0.0,,2025.08.20
8744c1320ffffff,103,309900.0,244.54288939051918,196.0,0.0,0.0,,2025.08.20
8744c1321ffffff,151,417500.0,331.748625292556,323.0,0.0,0.0,,2025.08.20
8744c1322ffffff,41,639900.0,253.411306042885,149.0,0.0,0.0,,2025.08.20
8744c1323ffffff,125,618000.0,331.12290008841734,497.0,0.0,0.0,1.0,2025.08.20
8744c1324ffffff,59,599000.0,316.147859922179,159.0,0.0,0.0,,2025.08.20
8744c1325ffffff,204,525000.0,374.66588050314465,291.5,0.0,0.0,,2025.08.20
8744c1326ffffff,54,499450.0,276.4868603042877,365.5,0.0,0.0,,2025.08.20
8744c1328ffffff,29,1499000.0,334.0017825311943,124.0,0.0,0.0,,2025.08.20
8744c1329ffffff,16,2299750.0,428.51155702311405,469.0,0.0,0.0,,2025.08.20
8744c132affffff,42,640000.0,265.07230283288914,128.0,0.0,0.0,,2025.08.20
8744c132bffffff,54,304950.0,228.8285891637847,629.0,0.0,0.0,,2025.08.20
8744c132cffffff,11,2575000.0,569.0556751768687,77.0,0.0,0.0,,2025.08.20
8744c132dffffff,13,5250000.0,446.8796145177586,903.0,0.0,0.0,,2025.08.20
8744c132effffff,51,799000.0,319.01422170270797,247.0,0.0,0.0,,2025.08.20
8744c1330ffffff,18,612000.0,288.1847880549153,224.5,0.0,0.0,,2025.08.20
8744c1331ffffff,27,575000.0,239.81903636158955,147.0,-14375.0,-2.93040293040293,1.0,2025.08.20
8744c1332ffffff,29,650000.0,268.1587837837838,64.0,0.0,0.0,,2025.08.20
8744c1333ffffff,33,936000.0,292.2692307692308,218.0,0.0,0.0,,2025.08.20
8744c1334ffffff,60,529950.0,287.6698399152492,155.0,0.0,0.0,,2025.08.20
8744c1335ffffff,34,492400.0,255.76106023402014,177.0,0.0,0.0,,2025.08.20
8744c1336ffffff,33,425000.0,247.3856209150327,360.0,0.0,0.0,,2025.08.20
8744c1340ffffff,14,622450.0,217.10063926716833,136.0,0.0,0.0,1.0,2025.08.20
8744c1341ffffff,27,599999.0,219.8917456021651,133.0,0.0,0.0,,2025.08.20
8744c1342ffffff,13,1195000.0,244.5585717779408,817.0,395000.0,49.375,,2025.08.20
8744c1343ffffff,25,625000.0,231.4569536423841,62.0,0.0,0.0,,2025.08.20
8744c1344ffffff,16,774900.0,255.3665910808768,297.0,0.0,0.0,,2025.08.20
8744c1345ffffff,16,752499.5,259.23339903399966,182.5,0.0,0.0,,2025.08.20
8744c1346ffffff,15,729900.0,273.5364601163985,133.0,0.0,0.0,,2025.08.20
8744c1348ffffff,16,632500.0,229.6737543836166,129.5,50.0,0.008476012883539583,1.0,2025.08.20
8744c1349ffffff,20,400000.0,188.65342536111052,55.5,0.0,0.0,,2025.08.20
8744c134affffff,25,725000.0,221.89349112426035,84.0,0.0,0.0,1.0,2025.08.20
8744c134bffffff,25,665000.0,256.4102564102564,69.0,0.0,0.0,,2025.08.20
8744c134cffffff,24,489250.0,213.13476448630388,94.0,0.0,0.0,,2025.08.20
8744c134dffffff,15,435000.0,213.65422396856582,243.0,0.0,0.0,,2025.08.20
8744c134effffff,18,507400.0,225.15936090690104,112.0,0.0,0.0,,2025.08.20
8744c1350ffffff,11,1075000.0,230.61119671289163,127.0,-50000.0,-2.810810810810811,,2025.08.20
8744c1351ffffff,12,691250.0,239.86036137881655,56.0,-5450.0,-0.6193885668826002,,2025.08.20
8744c1352ffffff,27,975000.0,222.82813087626928,412.0,0.0,0.0,,2025.08.20
8744c1353ffffff,24,650000.0,268.4414198025087,87.5,0.0,0.0,3.0,2025.08.20
8744c1354ffffff,17,380000.0,223.6429038587312,105.0,0.0,0.0,,2025.08.20
8744c1355ffffff,12,724500.0,226.29012367260927,82.5,0.0,0.0,,2025.08.20
8744c1356ffffff,26,299450.0,249.82276577636878,306.5,0.0,0.0,,2025.08.20
8744c1358ffffff,24,712450.0,220.08267039954433,116.5,0.0,0.0,,2025.08.20
8744c1359ffffff,13,699900.0,205.73192239858906,363.0,0.0,0.0,,2025.08.20
8744c135affffff,14,1042499.5,252.86867828304293,1265.0,307499.5,70.9014748031496,,2025.08.20
8744c135bffffff,10,737500.0,266.3755599354954,59.0,-5000.0,-0.7949125596184419,,2025.08.20
8744c135cffffff,11,685000.0,209.736680955297,61.0,0.0,0.0,,2025.08.20
8744c135dffffff,20,707500.0,218.95240788632927,63.5,0.0,0.0,,2025.08.20
8744c135effffff,10,805000.0,201.36849488537536,500.0,137550.0,12.511668692384964,,2025.08.20
8744c1360ffffff,25,370000.0,229.09967845659165,130.0,0.0,0.0,,2025.08.20
8744c1361ffffff,10,354000.0,220.12308298240467,40.0,0.0,0.0,1.0,2025.08.20
8744c1362ffffff,16,844950.0,212.0791125469549,75.0,0.0,0.0,,2025.08.20
8744c1363ffffff,19,565000.0,241.64648910411623,100.0,0.0,0.0,,2025.08.20
8744c1364ffffff,8,194950.0,152.20617264093698,269.0,-3000.0,-1.3953488372093024,,2025.08.20
8744c1365ffffff,12,258900.0,191.06845420902727,103.0,0.0,0.0,,2025.08.20
8744c1366ffffff,34,359950.0,200.48305367040794,118.5,-5049.0,-1.8475774589311706,3.0,2025.08.20
8744c1368ffffff,18,479499.5,201.39826199500786,48.0,0.0,0.0,,2025.08.20
8744c1369ffffff,16,435000.0,231.63002974453187,68.5,0.0,0.0,,2025.08.20
8744c136affffff,19,599000.0,225.33206831119546,105.0,0.0,0.0,1.0,2025.08.20
8744c136bffffff,15,447500.0,193.75,417.0,0.0,0.0,,2025.08.20
8744c136cffffff,6,437500.0,202.1936290219203,905.5,12000.0,16.80522565320665,,2025.08.20
8744c136dffffff,9,420000.0,222.45762711864407,78.0,0.0,0.0,1.0,2025.08.20
8744c136effffff,22,494750.0,190.03626068829058,96.0,0.0,0.0,,2025.08.20
8744c1370ffffff,17,2595000.0,329.28814562675745,202.0,0.0,0.0,,2025.08.20
8744c1371ffffff,24,1112500.0,246.508547008547,108.5,-10000.0,-0.49586776859504134,1.0,2025.08.20
8744c1372ffffff,21,699900.0,239.42857142857142,1259.0,200000.0,57.14285714285714,,2025.08.20
8744c1373ffffff,18,785000.0,252.58893762183234,161.0,-33000.0,-5.027932960893855,1.0,2025.08.20
8744c1374ffffff,22,319500.0,240.45006952021998,133.0,-0.5,-0.00016949152542372882,,2025.08.20
8744c1375ffffff,18,922500.0,227.63062409288824,106.5,-500.0,-0.1694915254237288,,2025.08.20
8744c1376ffffff,19,1390000.0,388.10483870967744,433.0,0.0,0.0,,2025.08.20
8744c1380ffffff,13,249000.0,160.13628620102216,197.0,0.0,0.0,2.0,2025.08.20
8744c1381ffffff,11,320000.0,205.24899057873486,42.0,0.0,0.0,2.0,2025.08.20
8744c1382ffffff,16,322500.0,197.1640404987411,83.0,-3500.0,-1.1185682326621924,2.0,2025.08.20
8744c1383ffffff,3,300000.0,200.75757575757575,55.0,-26000.0,-6.265060240963856,,2025.08.20
8744c1384ffffff,12,399950.0,175.5181316899707,83.5,-3775.0,-0.9805194805194805,1.0,2025.08.20
8744c1385ffffff,21,320000.0,173.72881355932202,194.0,-20000.0,-5.420054200542006,1.0,2025.08.20
8744c1386ffffff,19,375000.0,223.26666666666668,121.0,0.0,0.0,2.0,2025.08.20
8744c1388ffffff,18,662450.0,227.6910339901571,86.0,-1000.0,-0.1388888888888889,,2025.08.20
8744c1389ffffff,12,660000.0,230.05118201231818,136.0,0.0,0.0,,2025.08.20
8744c138affffff,7,399000.0,250.0,1990.0,167000.0,38.18181818181819,,2025.08.20
8744c138bffffff,12,603500.0,200.96870342771982,142.5,-3800.0,-1.386831550802139,,2025.08.20
8744c138cffffff,35,340000.0,205.79112754158965,126.0,0.0,0.0,1.0,2025.08.20
8744c138dffffff,24,475000.0,207.10922787193974,97.0,-1000.0,-0.2463661000246366,1.0,2025.08.20
8744c138effffff,12,499250.0,227.71208520229408,84.5,-7500.0,-1.221759652895119,,2025.08.20
8744c1390ffffff,32,521875.0,205.34087576404315,149.0,0.0,0.0,,2025.08.20
8744c1391ffffff,26,387400.0,188.7341653797839,154.5,0.0,0.0,1.0,2025.08.20
8744c1392ffffff,24,369450.0,190.32196952194363,144.5,-12500.0,-3.3826544420510958,1.0,2025.08.20
8744c1393ffffff,26,374450.0,195.83479381842847,105.5,0.0,0.0,,2025.08.20
8744c1394ffffff,13,425000.0,162.53207869974338,100.0,0.0,0.0,,2025.08.20
8744c1395ffffff,5,379000.0,194.9588477366255,280.0,0.0,0.0,,2025.08.20
8744c1396ffffff,14,450000.0,177.36656267382523,308.5,-10450.0,-1.9745020943457527,1.0,2025.08.20
8744c1398ffffff,7,312500.0,184.2570754716981,3652.0,174100.0,120.15182884748101,,2025.08.20
8744c1399ffffff,19,399000.0,237.34177215189874,70.0,0.0,0.0,2.0,2025.08.20
8744c139affffff,5,510000.0,222.1727515583259,37.0,0.0,0.0,,2025.08.20
8744c139bffffff,24,548075.0,261.04484732824426,127.0,0.0,0.0,,2025.08.20
8744c139cffffff,8,252500.0,171.9894099848714,604.5,64550.0,51.270849880857824,,2025.08.20
8744c139dffffff,14,389000.0,197.62035778747875,107.5,0.0,0.0,,2025.08.20
8744c139effffff,21,305000.0,180.49065420560748,90.0,0.0,0.0,1.0,2025.08.20
8744c13a0ffffff,13,399900.0,196.38512339242266,93.0,0.0,0.0,2.0,2025.08.20
8744c13a1ffffff,46,222450.0,181.44528408786397,107.5,0.0,0.0,,2025.08.20
8744c13a2ffffff,33,463330.0,177.38883632923367,103.0,0.0,0.0,,2025.08.20
8744c13a3ffffff,23,330000.0,176.77642980935875,174.0,-1014.0,-0.633753960962256,2.0,2025.08.20
8744c13a4ffffff,11,435000.0,205.50986842105263,160.0,-24900.0,-4.166666666666666,,2025.08.20
8744c13a5ffffff,14,463500.0,265.68741102298145,101.5,0.0,0.0,,2025.08.20
8744c13a6ffffff,16,492450.0,190.3321610487819,98.5,-2450.0,-0.40840140023337224,,2025.08.20
8744c13a9ffffff,16,257000.0,201.78623517516243,295.0,0.0,0.0,1.0,2025.08.20
8744c13aaffffff,11,359900.0,195.234375,149.0,0.0,0.0,2.0,2025.08.20
8744c13abffffff,15,789000.0,232.61278195488723,287.0,-5000.0,-1.0,,2025.08.20
8744c13acffffff,22,233500.0,170.98082269837994,214.5,-2500.0,-1.1627906976744187,1.0,2025.08.20
8744c13adffffff,15,385000.0,226.51006711409397,107.0,0.0,0.0,,2025.08.20
8744c13aeffffff,6,387450.0,188.56094388703085,343.5,0.0,0.0,,2025.08.20
8744c13b0ffffff,15,599000.0,158.60105734038228,158.0,0.0,0.0,,2025.08.20
8744c13b1ffffff,17,475000.0,160.25641025641025,165.0,0.0,0.0,1.0,2025.08.20
8744c13b2ffffff,27,435000.0,175.17136329017518,108.0,0.0,0.0,,2025.08.20
8744c13b3ffffff,13,429900.0,205.36692223439212,131.0,0.0,0.0,,2025.08.20
8744c13b4ffffff,15,388000.0,197.77911164465786,152.0,-5000.0,-1.5513126491646778,,2025.08.20
8744c13b5ffffff,14,367350.0,190.099361657263,118.5,-10550.0,-2.7251127819548873,1.0,2025.08.20
8744c13b6ffffff,16,417450.0,188.16312029273337,89.0,-3000.0,-0.8450704225352111,,2025.08.20
8744c1400ffffff,1,589000.0,183.71802869619464,76.0,0.0,0.0,,2025.08.20
8744c1401ffffff,1,599900.0,276.96214219759923,154.0,0.0,0.0,,2025.08.20
8744c1402ffffff,2,287500.0,225.36089137862047,87.5,0.0,0.0,,2025.08.20
8744c1403ffffff,3,399000.0,186.12558947629685,323.0,-35000.0,-8.275862068965518,,2025.08.20
8744c1404ffffff,2,610000.0,202.93395172719875,2495.0,101000.0,54.23960315691418,,2025.08.20
8744c1405ffffff,1,1395000.0,316.8294344764933,37.0,0.0,0.0,,2025.08.20
8744c1406ffffff,3,540000.0,243.68231046931407,3774.0,190100.0,54.329808516719055,,2025.08.20
8744c1408ffffff,6,687450.0,252.91666666666669,187.5,-5000.0,-0.8077544426494345,,2025.08.20
8744c140cffffff,1,649000.0,414.4316730523627,77.0,-50000.0,-7.1530758226037205,,2025.08.20
8744c140dffffff,2,512400.0,232.44797222755534,2631.5,379900.0,inf,,2025.08.20
8744c140effffff,1,2250000.0,372.8251864125932,5424.0,350000.0,18.421052631578945,,2025.08.20
8744c1410ffffff,3,640000.0,209.1112770724421,215.0,-75000.0,-10.48951048951049,,2025.08.20
8744c141cffffff,1,1250000.0,338.20346320346323,90.0,-45000.0,-3.474903474903475,,2025.08.20
8744c1421ffffff,1,150000.0,99.2063492063492,1069.0,-100000.0,-40.0,,2025.08.20
8744c1428ffffff,2,377000.0,285.9593837535014,56.0,-7500.0,-2.0533388180447005,,2025.08.20
8744c1429ffffff,3,220000.0,181.8936877076412,119.0,0.0,0.0,,2025.08.20
8744c142bffffff,1,1100000.0,420.97206276310754,252.0,750000.0,214.28571428571428,,2025.08.20
8744c1432ffffff,1,1500000.0,555.3498704183636,77.0,-100000.0,-6.25,,2025.08.20
8744c1440ffffff,4,531450.0,235.40904185435437,161.0,-21000.0,-3.7669391489354664,,2025.08.20
8744c1441ffffff,4,426999.5,241.2484064785789,63.0,-10000.0,-2.666673777796741,,2025.08.20
8744c1442ffffff,4,793650.0,284.07055400531726,1076.0,166250.0,38.67178413584554,,2025.08.20
8744c1443ffffff,2,662400.0,254.56035579021437,2264.5,427195.0,318.6859010353015,,2025.08.20
8744c1445ffffff,2,384999.5,262.09435157041537,49.5,-20000.5,-4.804277845777233,,2025.08.20
8744c1448ffffff,10,387500.0,201.9167346266509,208.0,-17500.0,-3.8005847053392827,,2025.08.20
8744c1449ffffff,5,370000.0,223.63966142684401,54.0,0.0,0.0,,2025.08.20
8744c144affffff,2,582450.0,149.35292926879217,76.5,-17500.0,-2.899567943782257,,2025.08.20
8744c144bffffff,1,340000.0,179.1359325605901,144.0,-17000.0,-4.761904761904762,,2025.08.20
8744c144cffffff,5,664000.0,221.68284789644014,454.0,0.0,0.0,,2025.08.20
8744c144dffffff,11,720000.0,199.3660855784469,572.0,0.0,0.0,,2025.08.20
8744c1451ffffff,3,508000.0,227.024567788899,95.0,0.0,0.0,,2025.08.20
8744c1453ffffff,1,1340000.0,232.47744621790423,2288.0,1340000.0,inf,,2025.08.20
8744c1455ffffff,2,608950.0,234.86023762750114,53.5,-500.0,-0.09092562284051646,,2025.08.20
8744c1458ffffff,16,314495.0,230.73618092362912,97.5,0.0,0.0,,2025.08.20
8744c1459ffffff,15,441000.0,201.61290322580646,134.0,0.0,0.0,,2025.08.20
8744c145affffff,21,114900.0,82.97101449275362,559.0,-23500.0,-16.549295774647888,,2025.08.20
8744c145bffffff,27,399900.0,220.99447513812154,173.0,0.0,0.0,,2025.08.20
8744c145cffffff,2,408000.0,186.94963505212013,101.0,-41000.0,-7.468123861566485,,2025.08.20
8744c145dffffff,10,349900.0,176.90369464819344,109.5,-27500.0,-5.415632183908047,2.0,2025.08.20
8744c145effffff,1,275000.0,219.12350597609563,98.0,273300.0,16076.470588235294,,2025.08.20
8744c1460ffffff,1,705000.0,257.11159737417944,110.0,0.0,0.0,,2025.08.20
8744c1461ffffff,6,580335.0,210.2830249396621,172.0,-29290.0,-4.570817455985709,,2025.08.20
8744c1462ffffff,1,565000.0,267.8994784257942,781.0,-134900.0,-19.274182026003714,,2025.08.20
8744c1463ffffff,1,1500000.0,208.33333333333334,299.0,0.0,0.0,,2025.08.20
8744c1464ffffff,3,599000.0,206.46669263731982,132.0,-20000.0,-3.6363636363636362,,2025.08.20
8744c1466ffffff,1,752475.0,237.07466918714556,413.0,-32525.0,-4.143312101910828,,2025.08.20
8744c1469ffffff,3,395000.0,169.7464546626558,798.0,-4900.0,-1.2253063265816453,,2025.08.20
8744c146affffff,5,626500.0,207.86330457863303,65.0,0.0,0.0,,2025.08.20
8744c146bffffff,3,785000.0,172.31420870234885,274.0,50.0,0.00862217623728229,,2025.08.20
8744c146cffffff,2,2209500.0,339.74169167373697,48.0,-10000.0,-1.855287569573284,,2025.08.20
8744c146dffffff,3,279900.0,219.2,797.0,-15100.0,-5.11864406779661,,2025.08.20
8744c146effffff,1,800000.0,225.35211267605635,568.0,-400000.0,-33.33333333333333,,2025.08.20
8744c1470ffffff,4,355350.0,179.23827217835577,918.5,-9000.0,-2.279057989364396,,2025.08.20
8744c1472ffffff,2,547500.0,229.2262004818737,202.0,0.0,0.0,,2025.08.20
8744c1474ffffff,22,387450.0,203.69890457491897,147.0,0.0,0.0,,2025.08.20
8744c1475ffffff,2,459950.0,209.7105829689317,74.5,-22050.0,-3.681135225375626,,2025.08.20
8744c1476ffffff,2,167450.0,136.50045824263947,171.5,-22550.0,-11.86842105263158,,2025.08.20
8744c1481ffffff,1,400000.0,156.12802498048399,7.0,0.0,0.0,,2025.08.20
8744c148cffffff,1,419000.0,213.77551020408163,1291.0,-30900.0,-6.868192931762613,,2025.08.20
8744c148effffff,1,220900.0,184.69899665551839,174.0,0.0,0.0,,2025.08.20
8744c1490ffffff,2,1274450.0,246.8245017153693,1354.0,1224450.0,inf,,2025.08.20
8744c149dffffff,1,475000.0,254.55519828510182,64.0,0.0,0.0,,2025.08.20
8744c14a2ffffff,7,364500.0,216.96428571428572,72.0,0.0,0.0,,2025.08.20
8744c14a4ffffff,2,1287000.0,286.77572712452553,50.0,0.0,0.0,,2025.08.20
8744c14a5ffffff,2,365500.0,200.74347195357834,443.0,183000.0,inf,,2025.08.20
8744c14a6ffffff,21,699000.0,274.1742936729009,182.0,0.0,0.0,,2025.08.20
8744c14a9ffffff,1,995000.0,151.39987827145467,440.0,-305000.0,-23.46153846153846,,2025.08.20
8744c14adffffff,2,8849500.0,1250.8768515293684,60.0,-125500.0,-5.0200000000000005,,2025.08.20
8744c14b0ffffff,1,369900.0,151.84729064039408,706.0,-55000.0,-12.944222169922334,,2025.08.20
8744c14b1ffffff,4,572450.0,243.5085292282089,41.0,0.0,0.0,,2025.08.20
8744c14b2ffffff,3,580000.0,222.68135904499542,104.0,0.0,0.0,,2025.08.20
8744c14b3ffffff,1,450000.0,214.08182683158896,72.0,-19900.0,-4.2349436050223455,,2025.08.20
8744c14b5ffffff,8,775000.0,195.33261257108774,102.0,-7000.0,-1.4314928425357873,,2025.08.20
8744c14c0ffffff,2,327500.0,305.3711606343185,83.0,-12500.0,-3.125,,2025.08.20
8744c14c1ffffff,1,195000.0,112.5866050808314,3892.0,110000.0,129.41176470588235,,2025.08.20
8744c14c3ffffff,4,487500.0,177.74819477758527,25.0,0.0,0.0,,2025.08.20
8744c14c4ffffff,1,1825000.0,305.18394648829434,72.0,-170000.0,-8.521303258145362,,2025.08.20
8744c14caffffff,1,1575000.0,575.6578947368421,57.0,0.0,0.0,,2025.08.20
8744c14ccffffff,4,529000.0,208.12250996015936,154.5,-28587.5,-5.152810542863887,,2025.08.20
8744c14ceffffff,1,1100000.0,218.29728120658862,330.0,-200000.0,-15.384615384615385,,2025.08.20
8744c14d2ffffff,1,289000.0,191.13756613756613,56.0,0.0,0.0,,2025.08.20
8744c14d4ffffff,1,289000.0,217.78447626224568,51.0,0.0,0.0,,2025.08.20
8744c14e3ffffff,2,1517500.0,551.9247878534482,2779.5,1252500.0,inf,,2025.08.20
8744c14e5ffffff,1,395000.0,209.43796394485685,4264.0,170100.0,75.63361493997333,,2025.08.20
8744c14e8ffffff,4,844450.0,222.62638888888887,290.0,0.0,0.0,,2025.08.20
8744c14e9ffffff,3,462500.0,182.10197710718003,24.0,0.0,0.0,,2025.08.20
8744c14eaffffff,7,467500.0,190.8695652173913,55.0,0.0,0.0,,2025.08.20
8744c14ebffffff,4,345900.0,195.32929323825726,1211.0,77050.0,44.05374499714122,,2025.08.20
8744c14ecffffff,2,267450.0,209.39750514403292,2182.5,9445.5,4.088801734997338,,2025.08.20
8744c14edffffff,1,320000.0,152.38095238095238,98.0,-15000.0,-4.477611940298507,,2025.08.20
8744c14eeffffff,1,430000.0,183.91787852865698,3018.0,165000.0,62.264150943396224,,2025.08.20
8744c14f4ffffff,1,1200000.0,413.7931034482759,64.0,0.0,0.0,,2025.08.20
8744c14f6ffffff,1,254000.0,245.64796905222437,68.0,0.0,0.0,,2025.08.20
8744c1500ffffff,2,506950.0,208.2722934651016,1892.5,132500.0,53.02120848339336,,2025.08.20
8744c1505ffffff,3,575000.0,229.01960784313727,194.0,-15100.0,-3.247311827956989,,2025.08.20
8744c1508ffffff,3,275000.0,177.6541095890411,90.0,0.0,-1.1764705882352942,,2025.08.20
8744c150cffffff,2,339500.0,229.28186402364804,164.0,-10450.0,-2.0904180836167234,,2025.08.20
8744c150dffffff,1,329900.0,221.70698924731184,51.0,0.0,0.0,,2025.08.20
8744c150effffff,1,650000.0,190.50410316529894,138.0,-49000.0,-7.0100143061516444,,2025.08.20
8744c1512ffffff,1,1195000.0,206.21225194132873,472.0,-55000.0,-4.3999999999999995,,2025.08.20
8744c1518ffffff,1,1900000.0,741.3187670698401,184.0,-300000.0,-13.636363636363635,,2025.08.20
8744c151dffffff,1,899900.0,217.57736943907156,3858.0,305000.0,51.269120860648854,,2025.08.20
8744c152affffff,1,385000.0,296.3818321785989,167.0,0.0,0.0,,2025.08.20
8744c1533ffffff,1,1999000.0,864.2455685257241,120.0,-501000.0,-20.04,,2025.08.20
8744c1540ffffff,4,377499.5,196.3180644329547,499.5,-2500.5,-0.6174074074074074,,2025.08.20
8744c1541ffffff,1,340000.0,91.17725931885224,828.0,-25000.0,-6.8493150684931505,,2025.08.20
8744c1542ffffff,3,400000.0,189.5734597156398,42.0,0.0,0.0,,2025.08.20
8744c1543ffffff,5,335000.0,158.3809942806863,1122.0,289000.0,inf,,2025.08.20
8744c1544ffffff,10,644500.0,145.08455209461948,185.5,0.0,0.0,,2025.08.20
8744c1545ffffff,2,467140.0,188.39751132689082,150.0,-9650.0,-2.251621634233982,,2025.08.20
8744c1546ffffff,3,565000.0,213.20754716981133,107.0,0.0,0.0,,2025.08.20
8744c1548ffffff,1,379900.0,142.81954887218046,252.0,-69100.0,-15.389755011135858,,2025.08.20
8744c1549ffffff,8,249450.0,147.44343891402715,88.0,0.0,0.0,,2025.08.20
8744c154affffff,1,635900.0,232.93040293040292,302.0,563400.0,777.1034482758621,,2025.08.20
8744c154bffffff,3,649900.0,235.40856031128405,163.0,-5000.0,-0.819672131147541,,2025.08.20
8744c154cffffff,1,224900.0,214.1904761904762,104.0,-4100.0,-1.7903930131004366,,2025.08.20
8744c154dffffff,1,335000.0,184.26842684268428,76.0,-14900.0,-4.258359531294656,,2025.08.20
8744c154effffff,1,550000.0,311.79138321995464,457.0,0.0,0.0,,2025.08.20
8744c1550ffffff,2,486750.0,210.8955059539845,706.0,-27450.0,-4.733574754267977,,2025.08.20
8744c1551ffffff,6,369950.0,188.5446794408291,211.5,-5000.0,-1.2823800974608874,,2025.08.20
8744c1552ffffff,3,639900.0,237.0,108.0,0.0,0.0,,2025.08.20
8744c1553ffffff,2,507450.0,149.1400803832966,241.5,-29050.0,-4.813020424928121,,2025.08.20
8744c1555ffffff,2,1700000.0,473.3807399730639,2406.5,55000.0,-10.354430379746837,,2025.08.20
8744c1558ffffff,1,699900.0,131.6591422121896,54.0,-100000.0,-12.501562695336919,,2025.08.20
8744c155affffff,1,299000.0,263.668430335097,1155.0,299000.0,inf,,2025.08.20
8744c155bffffff,1,509900.0,154.14147521160822,76.0,-25000.0,-4.673770798280053,,2025.08.20
8744c155dffffff,5,599999.0,189.19164396003634,243.0,-70000.0,-9.333333333333334,1.0,2025.08.20
8744c1561ffffff,2,399500.0,171.25084669917584,247.0,0.0,0.0,,2025.08.20
8744c1562ffffff,3,369900.0,185.68571428571428,118.0,-15100.0,-3.7185185185185183,,2025.08.20
8744c1563ffffff,1,439900.0,130.76694411414982,118.0,-10000.0,-2.222716159146477,,2025.08.20
8744c1564ffffff,2,334950.0,175.31980994152048,542.5,142450.0,inf,,2025.08.20
8744c1568ffffff,29,359000.0,174.2354031510658,114.0,0.0,0.0,1.0,2025.08.20
8744c1569ffffff,22,266500.0,180.3398498548783,293.0,0.0,0.0,,2025.08.20
8744c156affffff,22,419430.0,144.02014602440403,139.0,-10250.0,-2.338823310863555,,2025.08.20
8744c156bffffff,11,315000.0,214.4160583941606,112.0,-15000.0,-3.811320754716981,1.0,2025.08.20
8744c156cffffff,14,195000.0,139.77594196358842,95.5,0.0,0.0,1.0,2025.08.20
8744c156dffffff,30,235500.0,141.75176597823335,104.0,0.0,0.0,1.0,2025.08.20
8744c156effffff,20,367450.0,146.22913068508922,108.0,-2550.0,-0.7594936708860759,2.0,2025.08.20
8744c1571ffffff,2,494950.0,165.5974815075731,879.0,80050.0,28.59949982136477,,2025.08.20
8744c1573ffffff,1,875000.0,174.26807408882692,11.0,0.0,0.0,,2025.08.20
8744c1574ffffff,1,649000.0,134.47990053874844,344.0,0.0,0.0,,2025.08.20
8744c1575ffffff,1,284900.0,158.8071348940914,656.0,-40100.0,-12.338461538461539,,2025.08.20
8744c1576ffffff,1,399000.0,178.44364937388193,1223.0,9100.0,2.333931777378815,,2025.08.20
8744c1581ffffff,1,560000.0,209.4240837696335,310.0,-39000.0,-6.51085141903172,,2025.08.20
8744c158bffffff,1,525000.0,217.66169154228857,5607.0,205000.0,64.0625,,2025.08.20
8744c1599ffffff,1,159000.0,159.0,44.0,9000.0,6.0,,2025.08.20
8744c159cffffff,7,665000.0,177.89640173981812,1083.0,40000.0,6.153846153846154,,2025.08.20
8744c159effffff,1,699000.0,197.6251060220526,4897.0,224000.0,47.1578947368421,,2025.08.20
8744c15a0ffffff,1,1299000.0,463.59743040685225,52.0,-51000.0,-3.7777777777777777,,2025.08.20
8744c15aaffffff,3,925000.0,248.65591397849462,147.0,-25000.0,-2.631578947368421,,2025.08.20
8744c15abffffff,1,865000.0,254.18748163385249,63.0,-34000.0,-3.781979977753059,,2025.08.20
8744c1600ffffff,7,348000.0,187.5,209.0,0.0,0.0,,2025.08.20
8744c1601ffffff,13,375000.0,178.34793491864832,194.0,-5000.0,-1.5560495395363607,,2025.08.20
8744c1603ffffff,9,430000.0,214.56185567010309,111.0,-400.0,-0.08001600320064013,,2025.08.20
8744c1604ffffff,2,1239949.5,208.78028769627,2238.5,425499.5,56.80901201602136,,2025.08.20
8744c1605ffffff,3,315000.0,225.3846153846154,281.0,15000.0,5.0,,2025.08.20
8744c1608ffffff,11,450000.0,183.12985571587126,228.0,-20000.0,-3.1128891111388923,,2025.08.20
8744c1609ffffff,13,585000.0,183.82933895180406,134.0,0.0,0.0,,2025.08.20
8744c160affffff,7,385000.0,229.57662492546214,34.0,0.0,0.0,,2025.08.20
8744c160bffffff,14,605000.0,189.93270710077672,132.0,-22000.0,-3.6669024045261667,,2025.08.20
8744c160cffffff,10,425295.0,181.34662549818245,73.5,0.0,0.0,1.0,2025.08.20
8744c160dffffff,13,499900.0,178.41604350781782,93.0,0.0,0.0,,2025.08.20
8744c160effffff,21,399900.0,208.19815870232355,261.0,0.0,0.0,,2025.08.20
8744c1610ffffff,3,374999.0,206.61101928374654,231.0,-24901.0,-6.226806701675419,,2025.08.20
8744c1612ffffff,12,310000.0,172.86677317247967,66.5,0.0,0.0,,2025.08.20
8744c1613ffffff,9,399900.0,171.37305699481865,203.0,-10000.0,-2.7777777777777777,,2025.08.20
8744c1614ffffff,1,1050000.0,437.8648874061718,1055.0,200000.0,23.52941176470588,,2025.08.20
8744c1615ffffff,3,524999.0,167.90231138246838,97.0,-25000.0,-3.225806451612903,,2025.08.20
8744c1616ffffff,10,275000.0,188.66709594333548,237.0,-1000.0,-0.36363636363636365,,2025.08.20
8744c1618ffffff,4,774850.0,206.97738693467335,351.5,-32000.0,-3.9424445542589,,2025.08.20
8744c1619ffffff,2,352000.0,212.25110639088837,5438.5,247100.0,285.82433191089893,,2025.08.20
8744c161affffff,5,450000.0,173.85786802030458,89.0,-13000.0,-2.5540275049115913,,2025.08.20
8744c161bffffff,7,450000.0,166.48168701442842,155.0,0.0,0.0,2.0,2025.08.20
8744c161cffffff,17,488594.0,161.15131578947367,124.0,-45100.0,-8.429906542056074,,2025.08.20
8744c161dffffff,1,295000.0,242.20032840722496,55.0,0.0,0.0,,2025.08.20
8744c161effffff,4,357500.0,221.81507067736814,1834.0,213050.0,147.65658747300216,,2025.08.20
8744c1620ffffff,11,525000.0,219.8654940506984,1072.0,144000.0,54.339622641509436,,2025.08.20
8744c1621ffffff,17,530000.0,196.6224882428388,110.0,0.0,0.0,,2025.08.20
8744c1622ffffff,8,496900.0,240.99135356892478,185.0,0.0,0.0,,2025.08.20
8744c1623ffffff,8,490000.0,155.72986729145694,3575.5,200004.5,75.50292511161112,,2025.08.20
8744c1624ffffff,8,477500.0,158.55458622278616,266.5,2600.0,0.5845323741007195,1.0,2025.08.20
8744c1625ffffff,9,641000.0,170.43339537357085,2268.0,175600.0,27.27272727272727,,2025.08.20
8744c1626ffffff,3,890000.0,168.18568994889267,1107.0,394900.0,286.0617760617761,,2025.08.20
8744c1628ffffff,16,410949.5,190.92601431980907,583.5,42126.5,10.142424697893365,,2025.08.20
8744c1629ffffff,21,549000.0,159.02712815715623,112.0,-5000.0,-0.9708737864077669,1.0,2025.08.20
8744c162affffff,11,369515.0,199.4144630329196,42.0,0.0,0.0,,2025.08.20
8744c162bffffff,28,456000.0,149.1679819555607,343.0,0.0,0.0,2.0,2025.08.20
8744c162cffffff,18,384000.0,196.8954248366013,67.5,0.0,0.0,,2025.08.20
8744c162dffffff,9,441300.0,184.6590909090909,413.0,-7000.0,-1.5614543832255185,1.0,2025.08.20
8744c162effffff,8,352000.0,208.24303743886335,73.0,-4950.0,-1.328819286366543,,2025.08.20
8744c1630ffffff,23,417900.0,168.5226873021456,69.0,-625.0,-0.12749637910283348,,2025.08.20
8744c1631ffffff,5,529000.0,245.45454545454547,274.0,162510.0,40.0,,2025.08.20
8744c1632ffffff,12,353000.0,196.00563290454068,81.0,0.0,0.0,1.0,2025.08.20
8744c1633ffffff,5,380000.0,200.47169811320754,43.0,0.0,0.0,,2025.08.20
8744c1634ffffff,4,662450.0,178.17217067662725,124.0,-33714.5,-5.234612820121873,,2025.08.20
8744c1635ffffff,31,622243.0,181.06512071156288,103.0,0.0,0.0,,2025.08.20
8744c1636ffffff,7,409900.0,178.60652076820008,69.0,-1.0,-0.0005405405405405405,1.0,2025.08.20
8744c1640ffffff,14,518900.0,196.86914982281905,92.0,-2.5,-3.9308176100628936e-05,,2025.08.20
8744c1641ffffff,20,477400.0,204.98325016984091,99.5,0.0,0.0,1.0,2025.08.20
8744c1642ffffff,5,489900.0,213.24651998203862,145.0,-10000.0,-2.000400080016003,,2025.08.20
8744c1643ffffff,22,582250.0,206.2374314939164,88.0,0.0,0.0,,2025.08.20
8744c1644ffffff,40,602450.0,185.87541610741857,157.5,0.0,0.0,3.0,2025.08.20
8744c1645ffffff,23,665000.0,194.621372965322,114.0,-15000.0,-1.9047619047619049,,2025.08.20
8744c1646ffffff,11,449900.0,196.8952734012975,69.0,0.0,0.0,,2025.08.20
8744c164cffffff,8,1070000.0,265.6564931168882,73.0,0.0,0.0,,2025.08.20
8744c164dffffff,8,690000.0,227.13069343563183,222.5,82550.0,17.015929477265697,,2025.08.20
8744c164effffff,3,515000.0,160.69788797061526,44.0,-35000.0,-6.5420560747663545,,2025.08.20
8744c1650ffffff,24,567450.0,178.3861657419776,118.0,0.0,0.0,1.0,2025.08.20
8744c1651ffffff,9,714900.0,234.0991138825074,153.0,0.0,0.0,,2025.08.20
8744c1652ffffff,9,489900.0,197.50966079862602,99.0,-25000.0,-5.049221975230232,,2025.08.20
8744c1654ffffff,27,475000.0,190.95238095238096,82.0,-10000.0,-1.714733578797483,1.0,2025.08.20
8744c1655ffffff,23,450000.0,189.2450879007239,152.0,-7000.0,-1.2104458635123359,2.0,2025.08.20
8744c1656ffffff,14,537450.0,189.78344095654046,173.0,0.0,0.0,1.0,2025.08.20
8744c165cffffff,2,534000.0,186.9075630252101,1989.5,132825.0,50.43668122270743,,2025.08.20
8744c1660ffffff,6,402495.0,244.74410459529832,219.5,-2500.0,-0.6097560975609756,,2025.08.20
8744c1661ffffff,7,485000.0,206.64370078740157,884.0,0.0,0.0,1.0,2025.08.20
8744c1662ffffff,22,419990.0,209.58343795903087,67.0,0.0,0.0,1.0,2025.08.20
8744c1663ffffff,26,399950.0,186.7901333052231,164.0,0.0,0.0,2.0,2025.08.20
8744c1664ffffff,25,350000.0,158.56070941336972,109.0,0.0,0.0,2.0,2025.08.20
8744c1665ffffff,22,442000.0,196.77948195831144,204.0,0.0,0.0,,2025.08.20
8744c1666ffffff,12,435000.0,190.13215914572288,61.0,0.0,0.0,,2025.08.20
8744c1668ffffff,8,536400.0,240.8456776881432,316.5,122049.5,39.26250416805602,,2025.08.20
8744c1669ffffff,32,459325.0,197.2584225412624,112.5,0.0,0.0,1.0,2025.08.20
8744c166affffff,15,699900.0,225.98140495867767,82.0,-9000.0,-0.8703220191470844,,2025.08.20
8744c166bffffff,15,675000.0,274.77973568281936,110.0,0.0,0.0,,2025.08.20
8744c166cffffff,32,519170.0,193.54982431734564,130.5,0.0,0.0,,2025.08.20
8744c166dffffff,18,424450.0,216.19141034176775,156.5,0.0,0.0,,2025.08.20
8744c166effffff,3,625000.0,236.65278303672852,133.0,0.0,0.0,,2025.08.20
8744c1670ffffff,27,575000.0,175.2336448598131,97.0,-10000.0,-2.0202020202020203,2.0,2025.08.20
8744c1671ffffff,24,464495.0,191.07691113082456,116.0,0.0,0.0,1.0,2025.08.20
8744c1672ffffff,30,684900.0,184.09785775395017,97.5,0.0,0.0,1.0,2025.08.20
8744c1673ffffff,14,854999.5,199.71578342891286,87.0,0.0,0.0,,2025.08.20
8744c1674ffffff,16,446450.0,175.21726727292258,99.5,0.0,0.0,,2025.08.20
8744c1675ffffff,18,470000.0,182.97296242022634,340.5,139000.0,26.299932449812133,1.0,2025.08.20
8744c1676ffffff,20,475450.0,188.57359424422702,114.5,0.0,0.0,1.0,2025.08.20
8744c1680ffffff,3,498000.0,169.4870283018868,181.0,0.0,0.0,,2025.08.20
8744c1681ffffff,7,409000.0,193.45238095238096,44.0,0.0,0.0,,2025.08.20
8744c1682ffffff,5,389997.0,181.3488576449912,83.0,-5000.0,-1.4710208884966167,,2025.08.20
8744c1683ffffff,3,424900.0,172.24409448818898,82.0,0.0,0.0,,2025.08.20
8744c1684ffffff,5,799900.0,235.26470588235293,279.0,-37600.0,-8.582857142857144,,2025.08.20
8744c1685ffffff,6,419950.0,174.466248605458,317.0,-2950.0,-0.6615833146445391,,2025.08.20
8744c1686ffffff,1,305000.0,240.15748031496062,115.0,-13000.0,-4.088050314465408,,2025.08.20
8744c168cffffff,3,430000.0,204.01978973407546,41.0,0.0,0.0,,2025.08.20
8744c1690ffffff,6,439950.0,173.72112145034492,619.0,117000.0,29.620253164556964,,2025.08.20
8744c1692ffffff,1,419900.0,177.84836933502754,1167.0,50000.0,13.517166801838334,,2025.08.20
8744c1693ffffff,2,357500.0,202.49465757590852,77.0,-12500.0,-2.941176470588235,,2025.08.20
8744c1694ffffff,3,560000.0,279.1563275434243,153.0,0.0,0.0,,2025.08.20
8744c1695ffffff,3,399900.0,191.41727837380012,36.0,0.0,0.0,,2025.08.20
8744c1696ffffff,1,305000.0,223.60703812316714,112.0,-14000.0,-4.38871473354232,,2025.08.20
8744c169cffffff,1,799900.0,170.48167092924126,3859.0,611040.0,323.54124748490943,,2025.08.20
8744c16a0ffffff,6,345000.0,174.21870816301032,676.0,10500.0,3.2915360501567394,,2025.08.20
8744c16a1ffffff,27,340000.0,181.88297074268567,183.0,-11000.0,-2.1999999999999997,,2025.08.20
8744c16a2ffffff,4,354900.0,154.00865800865802,108.0,-7500.0,-3.0,,2025.08.20
8744c16a3ffffff,30,460457.5,189.96637719314657,103.5,0.0,0.0,,2025.08.20
8744c16a4ffffff,4,432000.0,177.97773404047535,125.5,-13000.0,-2.7373737373737375,,2025.08.20
8744c16a5ffffff,2,387000.0,155.60390412716032,678.5,138485.0,7950.279643727919,1.0,2025.08.20
8744c16a6ffffff,7,336900.0,189.94444444444446,231.0,0.0,0.0,,2025.08.20
8744c16a8ffffff,5,410000.0,169.57259158751697,69.0,-18000.0,-4.780952380952381,,2025.08.20
8744c16a9ffffff,6,504950.0,189.9428445831244,37.5,0.0,0.0,,2025.08.20
8744c16aaffffff,1,499900.0,165.85932315859324,70.0,0.0,0.0,,2025.08.20
8744c16abffffff,2,586950.0,208.19533251902328,426.0,52000.0,11.392892215409931,,2025.08.20
8744c16acffffff,13,399900.0,179.25060435132957,51.0,0.0,0.0,,2025.08.20
8744c16adffffff,6,388999.5,190.62112742900837,120.5,0.0,0.0,,2025.08.20
8744c16aeffffff,25,451695.0,187.67849857201142,170.0,-500.0,-0.10928484000699422,,2025.08.20
8744c16b1ffffff,3,349900.0,257.62886597938143,79.0,0.0,0.0,,2025.08.20
8744c16b2ffffff,10,412900.0,197.3804322454888,153.0,0.0,0.0,,2025.08.20
8744c16b4ffffff,4,472000.0,185.1236541049798,1240.5,301450.0,184.34358974358975,,2025.08.20
8744c16b5ffffff,7,341900.0,189.94444444444446,49.0,0.0,0.0,,2025.08.20
8744c16c5ffffff,1,409900.0,179.1520979020979,92.0,-50000.0,-10.871928680147857,,2025.08.20
8744c16e0ffffff,4,487450.0,164.0687523210321,90.0,-15000.0,-3.34075723830735,,2025.08.20
8744c16e1ffffff,33,1400000.0,232.57277734067662,95.0,0.0,0.0,,2025.08.20
8744c16e2ffffff,4,479500.0,204.91803278688525,185.0,0.0,0.0,,2025.08.20
8744c16e3ffffff,19,474000.0,179.4381584081155,105.0,0.0,0.0,,2025.08.20
8744c16e4ffffff,6,469950.0,194.26798817348987,142.0,-33000.0,-6.83134148233223,,2025.08.20
8744c16e5ffffff,17,624900.0,184.58163585083045,159.0,-10000.0,-1.3793103448275863,,2025.08.20
8744c16e6ffffff,9,739000.0,189.8278962239918,132.0,0.0,0.0,,2025.08.20
8744c16eeffffff,6,361500.0,168.05277315130542,707.5,57550.0,21.322712115598367,,2025.08.20
8744c16f4ffffff,1,399800.0,198.31349206349208,5286.0,349800.0,699.6,,2025.08.20
8744c1700ffffff,9,510000.0,151.6410469464063,103.0,0.0,0.0,1.0,2025.08.20
8744c1701ffffff,22,484750.0,165.7153145554259,114.0,0.0,0.0,,2025.08.20
8744c1702ffffff,7,345000.0,212.22527472527472,1261.0,-49900.0,-12.478119529882472,,2025.08.20
8744c1703ffffff,8,447500.0,156.65368093313833,1366.0,99900.0,45.63812600969305,,2025.08.20
8744c1704ffffff,23,475000.0,171.45409074669524,193.0,3832.0,0.6328392717063704,,2025.08.20
8744c1705ffffff,28,341000.0,201.61241029928436,149.0,0.0,0.0,,2025.08.20
8744c1706ffffff,7,449900.0,199.95555555555555,118.0,10000.0,2.222716159146477,,2025.08.20
8744c1708ffffff,15,425000.0,178.52678571428572,145.0,-20000.0,-4.008016032064128,1.0,2025.08.20
8744c1709ffffff,6,462500.0,152.8181718381077,287.5,0.0,0.0,,2025.08.20
8744c170affffff,16,482450.0,160.66403361619362,75.5,0.0,0.0,,2025.08.20
8744c170bffffff,7,669990.0,144.40993788819875,105.0,0.0,0.0,,2025.08.20
8744c170cffffff,16,544212.5,171.82737121965698,135.0,-2642.5,-0.4658729242939647,1.0,2025.08.20
8744c170dffffff,19,514900.0,177.9935275080906,112.0,-6000.0,-1.188118811881188,,2025.08.20
8744c170effffff,15,395000.0,156.59543109801032,107.0,0.0,0.0,,2025.08.20
8744c1710ffffff,4,611450.0,238.90407117739784,120.0,-23500.0,-4.577548233212149,,2025.08.20
8744c1711ffffff,11,515000.0,193.48314606741573,162.0,0.0,0.0,,2025.08.20
8744c1712ffffff,5,600000.0,207.58483033932137,733.0,132750.0,28.41091492776886,,2025.08.20
8744c1713ffffff,1,550000.0,190.3772931810315,33.0,-15000.0,-2.6548672566371683,,2025.08.20
8744c1714ffffff,4,349900.0,223.18616023198953,1112.5,174900.0,inf,,2025.08.20
8744c1715ffffff,4,469750.0,165.91744268090343,1294.5,87250.0,38.09458398744113,,2025.08.20
8744c1716ffffff,8,613500.0,225.76230421172684,106.0,0.0,0.0,,2025.08.20
8744c1718ffffff,1,439900.0,245.75418994413408,1106.0,439900.0,inf,,2025.08.20
8744c1719ffffff,2,573998.5,151.0868256087021,274.5,-15951.5,-2.7692062258968453,,2025.08.20
8744c171affffff,3,769900.0,228.45697329376856,138.0,0.0,0.0,,2025.08.20
8744c171bffffff,8,465500.0,186.11810983134512,131.0,-14450.0,-2.8912308610061643,,2025.08.20
8744c171cffffff,16,554545.0,192.44939051377565,187.0,-315.0,-0.05894339749743175,,2025.08.20
8744c171dffffff,9,530000.0,140.4494382022472,1577.0,155000.0,43.05555555555556,,2025.08.20
8744c171effffff,11,499990.0,181.2871646120377,416.0,0.0,0.0,,2025.08.20
8744c1720ffffff,3,365000.0,232.98816568047337,33.0,0.0,0.0,,2025.08.20
8744c1721ffffff,8,711999.0,219.4449556534349,179.5,0.0,0.0,,2025.08.20
8744c1722ffffff,2,337475.0,180.5473636753701,72.0,-10025.0,-3.076770004189359,,2025.08.20
8744c1723ffffff,15,444525.0,184.18642857142856,64.0,0.0,0.0,,2025.08.20
8744c1724ffffff,4,562500.0,151.56142035496765,298.5,-5000.0,-0.6666755556740757,,2025.08.20
8744c1725ffffff,7,589900.0,203.55417529330572,273.0,-9100.0,-1.5191986644407347,,2025.08.20
8744c1726ffffff,9,600000.0,208.1165452653486,48.0,0.0,0.0,,2025.08.20
8744c1728ffffff,17,368900.0,164.3166089965398,75.0,0.0,0.0,1.0,2025.08.20
8744c1729ffffff,20,362500.0,180.30139935414425,283.5,0.0,0.0,1.0,2025.08.20
8744c172affffff,18,379900.0,170.3968327089986,70.0,0.0,0.0,1.0,2025.08.20
8744c172bffffff,36,382500.0,187.8536238690433,71.5,0.0,0.0,1.0,2025.08.20
8744c172cffffff,11,360000.0,180.27397260273972,308.0,35100.0,10.80332409972299,1.0,2025.08.20
8744c172dffffff,24,431148.5,186.247947454844,174.0,0.0,0.0,,2025.08.20
8744c172effffff,18,380000.0,180.74363016532996,136.0,-17950.0,-4.206531332744925,,2025.08.20
8744c1730ffffff,6,385000.0,255.6380848490358,83.5,0.0,0.0,,2025.08.20
8744c1731ffffff,3,350000.0,194.9877750611247,48.0,0.0,0.0,1.0,2025.08.20
8744c1732ffffff,6,634022.5,215.59322950427537,118.0,546.5,0.07720097599955897,,2025.08.20
8744c1733ffffff,7,539000.0,152.83140283140284,247.0,-52000.0,-8.524590163934425,,2025.08.20
8744c1734ffffff,1,99999.0,128.20384615384614,1570.0,20099.0,25.155193992490616,,2025.08.20
8744c1735ffffff,4,615000.0,210.02541232747024,240.0,0.0,0.0,,2025.08.20
8744c1736ffffff,7,445000.0,179.4778825235678,299.0,0.0,0.0,,2025.08.20
8744c1740ffffff,11,415000.0,224.56715021057556,201.0,0.0,0.0,,2025.08.20
8744c1741ffffff,4,374500.0,211.80549619265506,334.5,182000.0,inf,,2025.08.20
8744c1742ffffff,28,337950.0,189.26500132671242,118.5,0.0,0.0,2.0,2025.08.20
8744c1743ffffff,5,225000.0,185.09259259259258,4048.0,165000.0,143.03073624017156,,2025.08.20
8744c1744ffffff,23,405000.0,173.58722358722358,173.0,0.0,0.0,2.0,2025.08.20
8744c1745ffffff,13,400000.0,171.33815551537072,93.0,-15000.0,-3.2323232323232323,,2025.08.20
8744c1746ffffff,23,401100.0,207.81893004115227,71.0,0.0,0.0,,2025.08.20
8744c1748ffffff,24,439200.0,160.39267194898963,65.0,0.0,0.0,1.0,2025.08.20
8744c1749ffffff,15,448000.0,202.8929188255613,2263.0,240000.0,102.08083233293317,,2025.08.20
8744c174affffff,26,450000.0,176.09516719654113,183.0,-6000.0,-1.2903225806451613,1.0,2025.08.20
8744c174bffffff,20,492250.0,149.56658393028067,227.5,0.0,0.0,,2025.08.20
8744c174cffffff,25,399900.0,194.40740740740742,103.0,0.0,0.0,1.0,2025.08.20
8744c174dffffff,27,405000.0,178.57142857142858,156.0,-5000.0,-1.4710208884966167,1.0,2025.08.20
8744c174effffff,23,399999.0,162.64667535853977,142.0,-5000.0,-1.2658227848101267,,2025.08.20
8744c1750ffffff,12,505990.0,157.25396190633245,135.5,0.0,0.0,,2025.08.20
8744c1751ffffff,38,389500.0,183.50190062574333,89.0,0.0,0.0,5.0,2025.08.20
8744c1752ffffff,33,539785.0,181.57661647475643,156.0,-400.0,-0.06573865597317863,,2025.08.20
8744c1753ffffff,12,354500.0,181.71635219695963,101.5,0.0,0.0,,2025.08.20
8744c1754ffffff,15,499999.0,170.17489069331668,95.0,0.0,0.0,,2025.08.20
8744c1755ffffff,37,424400.0,172.8923476005188,107.0,0.0,0.0,1.0,2025.08.20
8744c1756ffffff,20,405000.0,162.25286024986437,97.0,-10500.0,-2.5604267817233266,1.0,2025.08.20
8744c1758ffffff,12,482450.0,174.99689821202477,247.0,-6150.0,-1.9105085795703522,,2025.08.20
8744c1759ffffff,28,481500.0,166.25983510733786,214.0,-5000.0,-1.4389233954451346,,2025.08.20
8744c175affffff,7,425000.0,164.02013942680094,461.0,0.0,0.0,,2025.08.20
8744c175bffffff,17,518000.0,180.37238169123353,100.0,0.0,0.0,1.0,2025.08.20
8744c175dffffff,9,420000.0,180.19726858877087,323.0,0.0,0.0,,2025.08.20
8744c175effffff,6,387500.0,184.20680951180157,63.5,-2000.0,-0.5012531328320802,,2025.08.20
8744c1760ffffff,32,440500.0,179.09122233450006,76.0,0.0,0.0,3.0,2025.08.20
8744c1761ffffff,32,352500.0,184.0007458859727,78.0,0.0,0.0,,2025.08.20
8744c1762ffffff,23,469900.0,178.81322182397452,65.0,0.0,0.0,,2025.08.20
8744c1763ffffff,13,359900.0,173.22834645669292,217.0,0.0,0.0,3.0,2025.08.20
8744c1764ffffff,17,699000.0,169.39769707705935,54.0,0.0,0.0,,2025.08.20
8744c1765ffffff,16,454900.0,166.5111974335989,115.5,-2450.0,-0.5209418628881017,3.0,2025.08.20
8744c1766ffffff,17,550000.0,167.03857188396557,110.0,0.0,0.0,3.0,2025.08.20
8744c1768ffffff,10,273500.0,181.0059563203177,124.0,-3950.0,-1.36986301369863,,2025.08.20
8744c1769ffffff,15,399900.0,190.4157410345922,85.0,0.0,0.0,,2025.08.20
8744c176affffff,10,369450.0,191.40059762478336,96.5,0.0,0.0,1.0,2025.08.20
8744c176bffffff,26,540000.0,170.5819030758105,78.5,0.0,0.0,,2025.08.20
8744c176cffffff,17,375000.0,183.9613081621678,302.0,50000.0,14.492753623188406,1.0,2025.08.20
8744c176dffffff,16,352450.0,199.90593213977405,220.0,0.0,0.0,1.0,2025.08.20
8744c176effffff,25,349900.0,194.51650943396226,118.0,0.0,0.0,1.0,2025.08.20
8744c1770ffffff,29,459900.0,169.20529801324503,151.0,0.0,0.0,,2025.08.20
8744c1771ffffff,37,393650.0,193.78758008871364,133.0,0.0,-0.05884083553986466,2.0,2025.08.20
8744c1772ffffff,35,499900.0,183.04406779661016,72.0,0.0,0.0,5.0,2025.08.20
8744c1773ffffff,14,448500.0,181.68337954249557,73.5,0.0,0.0,1.0,2025.08.20
8744c1774ffffff,18,513500.0,170.68803199605244,129.5,0.0,0.0,,2025.08.20
8744c1775ffffff,12,530000.0,147.442868958998,145.5,0.0,0.0,,2025.08.20
8744c1776ffffff,42,478695.0,187.89494163424126,66.5,0.0,0.0,3.0,2025.08.20
8744c1780ffffff,1,274900.0,132.54580520732884,650.0,-23600.0,-7.906197654941373,,2025.08.20
8744c1782ffffff,8,534780.0,230.67870201096892,178.5,-1618.0,-0.28835081962039294,,2025.08.20
8744c1783ffffff,1,660000.0,297.2972972972973,3645.0,440100.0,200.1364256480218,,2025.08.20
8744c1785ffffff,1,849900.0,333.6866902237927,75.0,0.0,0.0,,2025.08.20
8744c1786ffffff,1,1150000.0,252.08241999123192,772.0,185000.0,19.170984455958546,,2025.08.20
8744c1788ffffff,2,338999.5,238.83925931225258,475.5,7499.5,2.2386567164179105,,2025.08.20
8744c1789ffffff,4,359245.0,181.66234439834025,83.0,-4500.0,-1.2088812475654476,,2025.08.20
8744c178affffff,2,1900950.0,978.7063205170336,554.0,374950.0,21.878995157384992,,2025.08.20
8744c178bffffff,3,445000.0,189.03993203058624,21.0,0.0,0.0,,2025.08.20
8744c178cffffff,3,454900.0,225.9475218658892,277.0,-15000.0,-4.615384615384616,,2025.08.20
8744c178dffffff,8,365450.0,178.7279682778137,138.0,-2250.0,-0.5993772923410573,,2025.08.20
8744c178effffff,4,347500.0,171.6577323144225,291.5,-20000.0,-5.597685444373539,,2025.08.20
8744c1791ffffff,1,1799999.0,439.6675622862726,1582.0,1001099.0,125.30967580423082,,2025.08.20
8744c1792ffffff,1,524900.0,187.46428571428572,117.0,-10000.0,-1.8695083193120208,,2025.08.20
8744c1795ffffff,1,475000.0,269.27437641723355,117.0,-4000.0,-0.8350730688935281,,2025.08.20
8744c1796ffffff,2,542450.0,239.48796758007285,32.5,0.0,0.0,,2025.08.20
8744c1798ffffff,3,533000.0,251.60256410256412,203.0,0.0,0.0,,2025.08.20
8744c1799ffffff,1,669000.0,291.8848167539267,154.0,-181000.0,-21.294117647058826,,2025.08.20
8744c179affffff,4,425900.0,174.3537135822733,408.0,-13000.0,-2.9619657065658958,,2025.08.20
8744c179bffffff,5,359500.0,172.8658536585366,85.0,0.0,0.0,,2025.08.20
8744c179cffffff,1,1985000.0,237.38340110021525,375.0,0.0,0.0,,2025.08.20
8744c179dffffff,2,335000.0,207.58441909881208,427.0,0.0,0.0,,2025.08.20
8744c17a0ffffff,6,547000.0,176.44840897041001,91.5,-24575.0,-4.347728622164432,,2025.08.20
8744c17a1ffffff,3,810000.0,199.31102362204723,100.0,0.0,0.0,,2025.08.20
8744c17a2ffffff,2,284950.0,181.28104586139148,40.5,-9500.0,-3.815261044176707,,2025.08.20
8744c17a3ffffff,4,466500.0,191.8163158683049,82.0,-2000.0,-0.28612303290414876,,2025.08.20
8744c17a4ffffff,2,451125.0,184.36341917315067,296.5,-4750.0,-1.0750254611293424,,2025.08.20
8744c17a5ffffff,3,520000.0,202.9664324746292,170.0,0.0,0.0,,2025.08.20
8744c17a6ffffff,4,244450.0,198.56193025455798,99.0,-4950.0,-1.5473585495467335,,2025.08.20
8744c17a8ffffff,1,599900.0,136.0934664246824,68.0,-15100.0,-2.4552845528455283,,2025.08.20
8744c17a9ffffff,5,849900.0,215.05763688760806,411.0,0.0,0.0,,2025.08.20
8744c17aaffffff,5,649000.0,206.8386468727184,812.0,-20100.0,-3.9411764705882355,,2025.08.20
8744c17abffffff,6,450000.0,166.70451063837848,174.0,0.0,0.0,,2025.08.20
8744c17acffffff,1,429999.0,182.51230899830222,1219.0,99.0,0.023028611304954642,,2025.08.20
8744c17adffffff,5,950000.0,246.95389681668496,43.0,-24000.0,-5.263711969681019,,2025.08.20
8744c17aeffffff,4,1152035.0,266.91462641722023,338.5,-4750.0,-0.9332023575638507,,2025.08.20
8744c17b1ffffff,2,454450.0,239.986160188457,702.0,229950.0,229.95000000000002,,2025.08.20
8744c17b2ffffff,1,465000.0,186.67201926936974,306.0,-10000.0,-2.1052631578947367,,2025.08.20
8744c17b4ffffff,4,357000.0,175.55661792740693,45.0,-3150.0,-0.8576127465033119,,2025.08.20
8744c17b5ffffff,2,324999.5,143.3820588235294,30.5,0.0,0.0,,2025.08.20
8744c17b6ffffff,4,429500.0,193.89945774620043,262.0,22000.0,5.176470588235294,1.0,2025.08.20
8744c1800ffffff,2,273950.0,203.33552155016298,1854.0,-9550.0,231.8765935747068,,2025.08.20
8744c1801ffffff,1,265000.0,202.13577421815407,28.0,-10000.0,-3.6363636363636362,,2025.08.20
8744c1802ffffff,2,525414.0,206.00974796002498,329.5,-5000.0,-0.9457871383179369,,2025.08.20
8744c1803ffffff,3,110000.0,161.53846153846155,418.0,-20000.0,-16.0,,2025.08.20
8744c1804ffffff,2,380830.0,262.57969360011157,228.0,126780.0,63.02970920891984,,2025.08.20
8744c1805ffffff,2,332900.0,151.97734190881374,71.0,52500.0,30.017152658662095,,2025.08.20
8744c1806ffffff,3,138000.0,120.62937062937063,69.0,0.0,0.0,,2025.08.20
8744c1808ffffff,1,500000.0,195.00780031201248,12.0,0.0,0.0,,2025.08.20
8744c1809ffffff,2,294999.5,113.25337177348993,1389.0,44999.5,19.564999999999998,,2025.08.20
8744c180bffffff,2,302950.0,129.40348182283665,206.5,-36050.0,-11.066602653631286,1.0,2025.08.20
8744c180dffffff,3,815000.0,240.55489964580875,398.0,-160000.0,-2.127659574468085,,2025.08.20
8744c1811ffffff,1,1750000.0,568.5510071474984,79.0,-200000.0,-10.256410256410255,,2025.08.20
8744c1812ffffff,32,362450.0,188.09207426936936,149.5,0.0,0.0,1.0,2025.08.20
8744c1813ffffff,2,810000.0,252.72620100206308,37.5,0.0,0.0,,2025.08.20
8744c1814ffffff,1,340000.0,257.57575757575756,91.0,-10000.0,-2.857142857142857,,2025.08.20
8744c1815ffffff,1,325000.0,305.45112781954884,5527.0,45000.0,16.071428571428573,,2025.08.20
8744c1816ffffff,14,379400.0,205.36875388303454,146.0,-9550.0,-2.3350115681627077,,2025.08.20
8744c1818ffffff,4,449500.0,147.8696029442566,60.5,-9250.0,-1.9786096256684493,,2025.08.20
8744c1819ffffff,36,352850.5,152.95896101916168,161.0,-6000.0,-1.6225755343861028,,2025.08.20
8744c181affffff,5,348900.0,138.09182209469154,113.0,0.0,0.0,1.0,2025.08.20
8744c181bffffff,24,259950.0,142.6290785504258,197.5,-5250.0,-1.7474521333210238,2.0,2025.08.20
8744c181cffffff,3,289900.0,142.17753800882787,236.0,-5000.0,-2.0,,2025.08.20
8744c181effffff,1,465000.0,190.6519065190652,4460.0,281000.0,152.7173913043478,,2025.08.20
8744c1820ffffff,3,365000.0,203.2293986636971,168.0,-7000.0,-1.483365119728756,,2025.08.20
8744c1822ffffff,2,299450.0,180.4035993781073,36.5,0.0,0.0,,2025.08.20
8744c1823ffffff,2,669500.0,278.1115239825559,40.0,0.0,0.0,,2025.08.20
8744c1824ffffff,1,329000.0,164.08977556109727,142.0,-21000.0,-6.0,,2025.08.20
8744c1825ffffff,2,262450.0,152.66791979949875,1834.5,78200.0,116.36192869107443,,2025.08.20
8744c182affffff,1,418500.0,279.0,4054.0,276000.0,193.68421052631578,,2025.08.20
8744c182cffffff,1,777000.0,241.00496277915633,37.0,0.0,0.0,,2025.08.20
8744c182dffffff,3,585000.0,249.52621604548327,141.0,-30000.0,-4.878048780487805,,2025.08.20
8744c182effffff,2,306000.0,180.34060846560845,132.0,-16900.0,-4.744442353138005,,2025.08.20
8744c1830ffffff,16,199000.0,145.5752919550763,114.0,0.0,0.0,,2025.08.20
8744c1831ffffff,7,290000.0,164.96018202502844,112.0,-5000.0,-1.9672131147540985,1.0,2025.08.20
8744c1832ffffff,13,199000.0,133.9522546419098,188.0,0.0,0.0,,2025.08.20
8744c1834ffffff,6,259450.0,156.09871406959155,61.0,-9550.0,-5.631468677980306,,2025.08.20
8744c1835ffffff,5,485000.0,146.06741573033707,551.0,0.0,0.0,,2025.08.20
8744c1836ffffff,26,156000.0,139.19596149502817,125.0,0.0,0.0,,2025.08.20
8744c1840ffffff,7,399000.0,209.3389296956978,34.0,0.0,0.0,1.0,2025.08.20
8744c1841ffffff,16,424495.0,195.43251625373398,141.5,0.0,0.0,,2025.08.20
8744c1842ffffff,10,432000.0,186.51945236504594,129.0,0.0,0.0,1.0,2025.08.20
8744c1843ffffff,14,279450.0,171.9537485701294,101.0,0.0,0.0,,2025.08.20
8744c1844ffffff,10,471000.0,179.6269981214489,83.5,0.0,0.0,,2025.08.20
8744c1845ffffff,8,543876.0,151.5390686661405,63.5,-2500.0,-0.3968260267079789,,2025.08.20
8744c1846ffffff,9,488900.0,182.23303924551263,218.0,0.0,0.0,,2025.08.20
8744c1848ffffff,7,499000.0,171.59559834938102,259.0,-15000.0,-6.002400960384153,,2025.08.20
8744c1849ffffff,1,629900.0,175.90058642837195,112.0,-35100.0,-5.2781954887218046,,2025.08.20
8744c184affffff,2,370000.0,79.91075460718864,101.0,-5000.0,-0.9090909090909091,,2025.08.20
8744c184bffffff,5,400000.0,161.68148746968473,103.0,0.0,0.0,,2025.08.20
8744c184cffffff,11,560000.0,165.24048391856005,377.0,0.0,0.0,,2025.08.20
8744c184dffffff,3,512000.0,144.75544246536612,138.0,-48000.0,-6.030150753768844,1.0,2025.08.20
8744c184effffff,12,584925.0,161.22972419925128,302.0,0.0,0.0,,2025.08.20
8744c1850ffffff,25,339000.0,147.05882352941177,83.0,0.0,0.0,8.0,2025.08.20
8744c1851ffffff,7,489000.0,185.1307669703203,177.0,-10000.0,-1.855287569573284,,2025.08.20
8744c1852ffffff,4,344950.0,132.404181184669,149.5,-4950.0,-1.2378094523630907,,2025.08.20
8744c1853ffffff,3,409912.0,182.8206616366802,775.0,-29988.0,-6.817003864514662,,2025.08.20
8744c1854ffffff,4,417500.0,176.24736965162498,139.0,2500.0,0.5435964340073929,,2025.08.20
8744c1855ffffff,14,490000.0,172.85434526674473,142.0,-5000.0,-1.1111111111111112,2.0,2025.08.20
8744c1856ffffff,13,350000.0,119.97046880767812,368.0,0.0,0.0,,2025.08.20
8744c1858ffffff,6,367500.0,172.7508060515873,166.0,-5250.0,-1.3274336283185841,,2025.08.20
8744c1859ffffff,1,317000.0,276.13240418118465,7.0,0.0,0.0,,2025.08.20
8744c185affffff,8,289500.0,135.88326454981893,311.5,7000.0,3.783783783783784,1.0,2025.08.20
8744c185bffffff,34,242500.0,148.4763862723712,108.5,0.0,0.0,3.0,2025.08.20
8744c185cffffff,5,375000.0,163.73154362416108,164.0,0.0,0.0,,2025.08.20
8744c185dffffff,9,385000.0,182.58426966292134,472.0,-9500.0,-2.4081115335868186,,2025.08.20
8744c185effffff,7,659900.0,173.0697737803216,119.0,-10000.0,-1.550387596899225,1.0,2025.08.20
8744c1860ffffff,9,949000.0,215.64379533424818,112.0,0.0,0.0,,2025.08.20
8744c1861ffffff,5,709900.0,180.2325581395349,144.0,0.0,0.0,,2025.08.20
8744c1862ffffff,5,475000.0,164.64471403812826,147.0,-20099.0,-6.090624517043991,,2025.08.20
8744c1863ffffff,10,554450.0,200.42238352049515,95.0,0.0,0.0,,2025.08.20
8744c1865ffffff,3,1595000.0,268.2024550193375,106.0,0.0,0.0,,2025.08.20
8744c1866ffffff,2,1014500.0,224.631532910562,219.5,-68000.0,-7.429149797570851,,2025.08.20
8744c1868ffffff,17,770000.0,208.16812053925457,85.0,0.0,0.0,,2025.08.20
8744c1869ffffff,3,430000.0,191.7996697853605,89.0,-52000.0,-6.942590120160213,,2025.08.20
8744c186affffff,10,454450.0,171.08269858541894,94.5,-7500.0,-2.0663249077462433,,2025.08.20
8744c186bffffff,11,749000.0,426.90815006468307,740.0,-5000.0,-0.6712310377231843,,2025.08.20
8744c186cffffff,1,689000.0,201.16788321167883,331.0,-200000.0,-22.49718785151856,,2025.08.20
8744c186dffffff,10,652000.0,203.80878222277045,87.5,0.0,0.0,,2025.08.20
8744c186effffff,5,1489900.0,329.4052619942516,663.0,434000.0,688.3068783068783,,2025.08.20
8744c1870ffffff,2,704449.5,232.75098338682537,300.0,-25000.5,-3.3997563534819046,,2025.08.20
8744c1871ffffff,6,429950.0,190.51421381560755,118.0,0.0,0.0,,2025.08.20
8744c1872ffffff,1,2495000.0,577.5462962962963,445.0,-205000.0,-7.592592592592593,,2025.08.20
8744c1873ffffff,6,407450.0,158.43346341698935,78.0,-5050.0,-1.8035714285714286,,2025.08.20
8744c1874ffffff,2,567350.0,193.9023447115489,73.5,-12600.0,-2.0352555359556757,,2025.08.20
8744c1875ffffff,1,1275000.0,198.0736367873233,5130.0,765000.0,150.0,,2025.08.20
8744c1876ffffff,3,399900.0,247.76951672862452,476.0,4900.0,1.240506329113924,,2025.08.20
8744c1880ffffff,10,629950.0,149.39298475136744,220.0,-5000.0,-0.6257822277847309,,2025.08.20
8744c1881ffffff,6,384500.0,155.40250878764905,140.0,-12500.0,-3.4246575342465753,,2025.08.20
8744c1883ffffff,8,347399.5,127.78500895667148,135.0,0.0,0.0,1.0,2025.08.20
8744c1884ffffff,2,489450.0,193.9356643606657,669.0,143935.0,7090.39408866995,,2025.08.20
8744c1885ffffff,7,580000.0,169.73811833171678,313.0,-10000.0,-1.9047619047619049,,2025.08.20
8744c1888ffffff,13,365000.0,134.97970230040596,197.0,-9100.0,-2.444987775061125,2.0,2025.08.20
8744c1889ffffff,7,434369.0,176.7353982300885,315.0,-20000.0,-4.25531914893617,,2025.08.20
8744c188affffff,14,302000.0,145.57897261345653,227.5,-8000.0,-3.054086572092112,1.0,2025.08.20
8744c188bffffff,25,299990.0,157.7231695085256,86.0,0.0,0.0,1.0,2025.08.20
8744c188cffffff,11,423000.0,158.69130434782608,183.0,0.0,0.0,2.0,2025.08.20
8744c188dffffff,7,289900.0,166.4301310043668,282.0,0.0,0.0,,2025.08.20
8744c188effffff,7,300000.0,166.95352839931152,59.0,0.0,0.0,,2025.08.20
8744c1890ffffff,26,361000.0,152.4849752737916,196.5,-1000.0,-0.31746031746031744,,2025.08.20
8744c1891ffffff,4,529000.0,140.9248188102482,493.5,-37950.0,-8.521071292801647,,2025.08.20
8744c1892ffffff,9,348900.0,179.16026625704046,102.0,0.0,0.0,,2025.08.20
8744c1893ffffff,4,349700.0,176.07092674315976,91.5,-2500.0,-1.6134236850596968,1.0,2025.08.20
8744c1894ffffff,44,320400.0,151.38789021485564,163.0,-5000.0,-1.5531765531765531,,2025.08.20
8744c1895ffffff,21,345000.0,170.8701532912534,277.0,-20000.0,-6.105675146771037,2.0,2025.08.20
8744c1896ffffff,16,424367.5,154.33806688942224,256.0,-10000.0,-5.210196779964222,,2025.08.20
8744c1898ffffff,2,507500.0,157.75873068819698,113.5,27500.0,4.351395730706075,,2025.08.20
8744c1899ffffff,12,261450.0,168.35538163481363,122.0,0.0,0.0,,2025.08.20
8744c189affffff,6,449900.0,184.17342249540843,112.0,0.0,0.0,,2025.08.20
8744c189bffffff,11,290000.0,156.99052132701422,252.0,0.0,0.0,,2025.08.20
8744c189cffffff,5,360000.0,132.20338983050848,466.0,0.0,0.0,1.0,2025.08.20
8744c189effffff,3,357500.0,159.0194610778443,68.0,-4900.0,-1.6338779593197732,,2025.08.20
8744c18a0ffffff,2,561950.0,190.94148365694193,184.0,237450.0,inf,,2025.08.20
8744c18a1ffffff,3,618500.0,151.07474352711284,208.0,-42136.0,-4.535629709364908,,2025.08.20
8744c18a2ffffff,2,398750.0,142.3316180876185,197.5,-32500.0,-9.626338573706995,,2025.08.20
8744c18a3ffffff,23,330000.0,161.14707952146375,158.0,-100.0,-0.031746031746031744,3.0,2025.08.20
8744c18a4ffffff,4,377450.0,212.9782091066238,386.5,-17450.0,-4.587155963302752,,2025.08.20
8744c18a5ffffff,16,401650.0,198.21429588626748,127.5,0.0,0.0,,2025.08.20
8744c18a6ffffff,3,599900.0,160.2787456445993,28.0,0.0,0.0,,2025.08.20
8744c18a8ffffff,5,461900.0,145.74553571428572,97.0,-10000.0,-1.7699146370170566,,2025.08.20
8744c18a9ffffff,1,750000.0,213.43198634035286,1667.0,0.0,0.0,,2025.08.20
8744c18aaffffff,8,292500.0,145.94467348704637,260.5,40250.0,36.674259681093396,,2025.08.20
8744c18abffffff,2,390000.0,168.42898120060258,155.5,-22500.0,-5.0,,2025.08.20
8744c18adffffff,8,282495.0,175.73780873970867,43.0,-22500.0,-7.500250008333612,,2025.08.20
8744c18aeffffff,22,483050.0,147.88757844399987,134.5,-5000.0,-0.5780346820809248,2.0,2025.08.20
8744c18b2ffffff,7,350000.0,144.45300462249614,304.0,-10000.0,-2.7777777777777777,,2025.08.20
8744c18b3ffffff,10,410825.0,137.87354808765014,49.5,-217.5,-0.05048453548424535,,2025.08.20
8744c18b4ffffff,2,280000.0,158.2828213252514,1658.5,65500.0,68.64548494983278,,2025.08.20
8744c18b5ffffff,4,359750.0,158.16126962461055,362.5,0.0,0.0,,2025.08.20
8744c18c0ffffff,3,550000.0,171.875,82.0,0.0,0.0,,2025.08.20
8744c18c1ffffff,2,249900.0,128.5687235548328,85.5,-32500.0,-9.704389369961183,,2025.08.20
8744c18c2ffffff,11,519575.0,173.33333333333334,134.0,0.0,0.0,,2025.08.20
8744c18c3ffffff,9,315000.0,148.53123707074886,352.0,0.0,0.0,,2025.08.20
8744c18c4ffffff,4,357500.0,149.53651598015983,137.0,-25000.0,-6.635802469135802,,2025.08.20
8744c18c6ffffff,14,489500.0,158.0626409855978,284.5,-7450.5,-1.602602710260271,,2025.08.20
8744c18c8ffffff,14,330000.0,155.3820985787723,105.5,0.0,0.0,,2025.08.20
8744c18c9ffffff,11,265000.0,129.85971943887776,196.0,0.0,0.0,1.0,2025.08.20
8744c18caffffff,19,372000.0,131.6907391673747,168.0,0.0,0.0,2.0,2025.08.20
8744c18cbffffff,18,264000.0,132.98097251585625,409.0,36000.0,28.125,1.0,2025.08.20
8744c18ccffffff,23,380000.0,143.5854475825754,182.0,0.0,0.0,2.0,2025.08.20
8744c18cdffffff,16,247500.0,151.78355957767724,305.5,-10000.0,-2.835917572590259,2.0,2025.08.20
8744c18ceffffff,9,799000.0,215.11627906976744,334.0,0.0,0.0,1.0,2025.08.20
8744c18d0ffffff,13,394900.0,150.278293135436,146.0,0.0,0.0,2.0,2025.08.20
8744c18d1ffffff,19,330000.0,164.2726719415703,100.0,0.0,0.0,2.0,2025.08.20
8744c18d2ffffff,21,350000.0,158.60105734038228,135.0,0.0,0.0,1.0,2025.08.20
8744c18d3ffffff,8,341500.0,173.02698003846288,157.0,-5450.0,-2.4783992723965436,,2025.08.20
8744c18d4ffffff,9,464900.0,149.00641025641025,195.0,19999.0,2.666533333333333,,2025.08.20
8744c18d5ffffff,4,423955.0,146.21317396745957,113.5,-20050.0,-4.442154143553538,,2025.08.20
8744c18d6ffffff,19,359000.0,146.82156948706708,102.0,0.0,0.0,,2025.08.20
8744c18d8ffffff,27,305000.0,154.90702479338842,128.0,0.0,0.0,2.0,2025.08.20
8744c18d9ffffff,12,332450.0,118.66544435503738,346.0,0.0,0.0,1.0,2025.08.20
8744c18daffffff,12,304500.0,151.85937723625062,1245.0,102000.0,54.26072041166381,2.0,2025.08.20
8744c18dbffffff,21,250000.0,180.86080586080587,256.0,0.0,0.0,2.0,2025.08.20
8744c18dcffffff,13,317500.0,150.69444444444446,279.0,0.0,0.0,3.0,2025.08.20
8744c18ddffffff,8,399500.0,142.27917647058823,113.5,-25500.5,-7.0,1.0,2025.08.20
8744c18deffffff,1,298000.0,256.4543889845095,3535.0,208100.0,231.47942157953284,,2025.08.20
8744c18e0ffffff,18,339945.0,167.83954456541744,154.0,-8500.0,-2.3371435566336984,1.0,2025.08.20
8744c18e1ffffff,26,297500.0,126.68816978164661,187.0,-14499.5,-5.279503105590062,2.0,2025.08.20
8744c18e2ffffff,10,284949.5,163.66153779054662,382.5,49654.5,28.262564744720812,1.0,2025.08.20
8744c18e3ffffff,57,318990.0,148.2832022211939,112.0,0.0,0.0,4.0,2025.08.20
8744c18e6ffffff,18,317425.0,150.88276836158192,128.0,-8500.0,-3.2091164963096572,3.0,2025.08.20
8744c18e8ffffff,32,234000.0,143.41276799953818,387.0,0.0,0.0,1.0,2025.08.20
8744c18e9ffffff,9,300000.0,142.63485477178423,132.0,-14100.0,-4.15929203539823,1.0,2025.08.20
8744c18eaffffff,8,277947.5,146.60660258379022,162.5,-15000.0,-4.910746174038822,1.0,2025.08.20
8744c18ebffffff,11,329990.0,161.23271889400922,244.0,0.0,0.0,,2025.08.20
8744c18ecffffff,15,325000.0,133.19672131147541,120.0,0.0,0.0,1.0,2025.08.20
8744c18edffffff,7,365000.0,127.11088504577823,114.0,-7099.0,-2.2222222222222223,,2025.08.20
8744c18eeffffff,16,252500.0,146.50106720120985,222.5,0.0,0.0,3.0,2025.08.20
8744c18f0ffffff,4,587400.0,180.6544775822116,275.5,-23550.0,-5.13717450112849,,2025.08.20
8744c18f1ffffff,6,510000.0,149.84018226937798,53.0,0.0,0.0,,2025.08.20
8744c18f2ffffff,10,347450.0,181.7758567047424,124.5,-23550.0,-5.978074683110654,1.0,2025.08.20
8744c18f3ffffff,10,587450.0,156.1915726426351,200.0,-7500.0,-1.258903335217637,,2025.08.20
8744c18f4ffffff,2,231320.0,155.47766583029588,138.5,-38680.0,-14.319702602230482,,2025.08.20
8744c18f5ffffff,11,339900.0,126.4038676087765,274.0,0.0,0.0,2.0,2025.08.20
8744c18f6ffffff,5,529999.0,140.68894952251023,312.0,-10501.0,-2.1956521739130435,,2025.08.20
8744c1900ffffff,6,494950.0,178.82156316394247,363.5,-5000.0,-0.9563140429566422,,2025.08.20
8744c1901ffffff,1,555000.0,203.0735455543359,50.0,-14900.0,-2.614493770836989,,2025.08.20
8744c1902ffffff,5,474900.0,199.96,125.0,0.0,0.0,,2025.08.20
8744c1904ffffff,2,578457.0,176.5042108544155,160.5,159750.0,72.77904328018224,,2025.08.20
8744c1905ffffff,1,512900.0,220.12875536480686,19.0,0.0,0.0,,2025.08.20
8744c1906ffffff,1,465000.0,147.3384030418251,1581.0,121000.0,35.174418604651166,,2025.08.20
8744c190affffff,2,846000.0,207.5653722249643,63.5,-2500.0,-0.5592841163310962,,2025.08.20
8744c190bffffff,1,480100.0,160.03333333333333,387.0,-4900.0,-1.0103092783505154,,2025.08.20
8744c190effffff,2,347450.0,171.86845654923377,65.5,-27300.0,-7.789808230984702,,2025.08.20
8744c1910ffffff,3,597800.0,187.2220482305042,245.0,0.0,0.0,,2025.08.20
8744c1911ffffff,2,547450.0,161.06973891711934,200.0,-54800.0,-9.307594018717408,,2025.08.20
8744c1913ffffff,6,292249.5,155.69710512766187,962.0,241000.0,7533.529857762413,,2025.08.20
8744c1915ffffff,2,669950.0,274.154370146273,2160.0,325050.0,162.6063031515758,,2025.08.20
8744c1916ffffff,1,475000.0,182.83294842186297,120.0,-24000.0,-4.809619238476954,,2025.08.20
8744c1918ffffff,1,384900.0,122.42366412213741,9.0,0.0,0.0,,2025.08.20
8744c1919ffffff,2,335000.0,140.84562265972235,17.5,0.0,0.0,,2025.08.20
8744c191affffff,11,171700.0,136.11111111111111,63.0,0.0,0.0,,2025.08.20
8744c191bffffff,5,420000.0,144.93183165382337,796.0,-40000.0,-8.695652173913043,,2025.08.20
8744c191cffffff,1,515000.0,132.4247878632039,33.0,0.0,0.0,,2025.08.20
8744c191dffffff,2,529000.0,124.28583721109968,110.0,-15950.0,-3.07917633113456,,2025.08.20
8744c191effffff,2,337450.0,144.03520090137567,1688.5,80500.0,55.98768416912346,,2025.08.20
8744c1922ffffff,1,299000.0,248.95920066611157,23.0,0.0,0.0,,2025.08.20
8744c1926ffffff,1,460000.0,153.33333333333334,487.0,10000.0,2.2222222222222223,,2025.08.20
8744c1928ffffff,1,508000.0,318.29573934837094,30.0,0.0,0.0,,2025.08.20
8744c192affffff,2,592450.0,256.81240843028206,231.0,44950.0,9.103430619559653,,2025.08.20
8744c192bffffff,2,494950.0,179.1840136054422,225.5,-24950.0,-4.610719578518827,,2025.08.20
8744c192cffffff,2,554950.0,222.35379094333314,221.5,-22550.0,-4.175925925925926,,2025.08.20
8744c192effffff,1,469900.0,276.4117647058824,65.0,-5100.0,-1.0736842105263158,,2025.08.20
8744c1931ffffff,1,425000.0,139.43569553805773,193.0,-55000.0,-11.458333333333332,,2025.08.20
8744c1934ffffff,8,284450.0,191.60348707640543,374.0,132500.0,88.5060816471548,,2025.08.20
8744c1941ffffff,2,433957.0,228.34503579198213,588.5,-16167.5,-4.620108980318955,,2025.08.20
8744c1942ffffff,1,1050000.0,295.2755905511811,129.0,-250000.0,-19.230769230769234,,2025.08.20
8744c1943ffffff,3,575000.0,255.31342480495022,1890.0,350778.0,58.63676026625567,,2025.08.20
8744c1944ffffff,3,1225000.0,142.02898550724638,374.0,0.0,0.0,,2025.08.20
8744c1946ffffff,2,1465000.0,252.91224553485694,344.5,-24950.0,-2.495249524952495,,2025.08.20
8744c1948ffffff,4,743450.0,228.7645626847505,99.5,0.0,0.0,,2025.08.20
8744c1949ffffff,11,569800.0,240.42220484753713,119.0,0.0,0.0,1.0,2025.08.20
8744c194affffff,6,802000.0,188.131214381081,56.5,0.0,0.0,,2025.08.20
8744c194bffffff,6,717000.0,219.74812450244684,661.0,0.0,0.0,,2025.08.20
8744c194cffffff,3,645000.0,194.7731755424063,139.0,-15000.0,-3.007518796992481,,2025.08.20
8744c194dffffff,10,522000.0,151.91087482898757,85.5,0.0,0.0,,2025.08.20
8744c194effffff,1,365000.0,148.79739094985732,127.0,-31500.0,-7.944514501891551,,2025.08.20
8744c1950ffffff,4,1133000.0,253.2340495500597,259.5,-57500.0,-2.875,,2025.08.20
8744c1952ffffff,1,209900.0,198.7689393939394,113.0,-30000.0,-12.505210504376823,,2025.08.20
8744c1953ffffff,1,1377000.0,292.97872340425533,1413.0,83000.0,6.414219474497681,,2025.08.20
8744c1955ffffff,2,899600.0,233.59245230186048,3506.5,612150.0,272.6870715290823,,2025.08.20
8744c1958ffffff,2,992000.0,246.45154879198986,124.0,-25500.0,-3.923076923076923,,2025.08.20
8744c195affffff,3,675000.0,207.9823192927717,256.0,-120000.0,-15.8,,2025.08.20
8744c195bffffff,6,944187.5,237.83352514663736,131.0,0.0,0.0,,2025.08.20
8744c195cffffff,1,680000.0,231.4499659632403,86.0,-45000.0,-6.206896551724138,,2025.08.20
8744c195effffff,3,799900.0,185.34119629317607,1006.0,0.0,0.0,,2025.08.20
8744c1960ffffff,2,628997.5,229.37811337236624,91.0,-8501.0,-1.1679431366910782,,2025.08.20
8744c1963ffffff,1,725000.0,230.01269035532994,25.0,0.0,0.0,,2025.08.20
8744c1964ffffff,1,1989600.0,366.4763308159882,436.0,0.0,0.0,,2025.08.20
8744c1965ffffff,2,390000.0,280.8978349318477,26.5,0.0,0.0,,2025.08.20
8744c1968ffffff,14,814900.0,259.2471365143808,297.0,0.0,0.0,,2025.08.20
8744c1969ffffff,8,566200.0,195.49820815297272,112.5,-12500.5,-2.094054343710779,,2025.08.20
8744c196affffff,21,695000.0,258.1165158371041,156.0,0.0,0.0,,2025.08.20
8744c196bffffff,16,494950.0,228.17170424926468,121.0,-5500.0,-1.0493679566986034,1.0,2025.08.20
8744c196cffffff,1,460000.0,303.030303030303,14.0,0.0,0.0,,2025.08.20
8744c196dffffff,8,649450.0,220.42922857463415,110.0,-20500.5,-2.9078606306011734,,2025.08.20
8744c1970ffffff,1,549900.0,237.43523316062175,1577.0,202900.0,58.47262247838617,,2025.08.20
8744c1971ffffff,2,395499.5,327.94277250180824,200.5,-24400.5,-6.290810865460432,,2025.08.20
8744c1972ffffff,3,460000.0,182.10609659540776,128.0,-21000.0,-5.0,,2025.08.20
8744c1973ffffff,1,799900.0,198.58490566037736,74.0,0.0,0.0,,2025.08.20
8744c1980ffffff,2,279900.0,151.13116688969268,166.5,-32550.0,-9.169014084507042,,2025.08.20
8744c1981ffffff,3,157900.0,119.98480243161094,83.0,0.0,0.0,,2025.08.20
8744c1982ffffff,2,277400.0,129.9792042501108,200.0,-2050.0,-0.5495404309157891,,2025.08.20
8744c1983ffffff,1,400000.0,473.93364928909955,49.0,-99900.0,-19.983996799359872,,2025.08.20
8744c1984ffffff,2,437000.0,200.5654959565574,230.5,-105500.0,-14.429824561403509,,2025.08.20
8744c1985ffffff,2,337449.5,133.96705903229622,1250.5,93465.0,84.92752819601039,,2025.08.20
8744c1986ffffff,1,1500000.0,518.6721991701245,48.0,0.0,0.0,,2025.08.20
8744c1988ffffff,4,329900.0,163.28971501672294,172.5,0.0,0.0,,2025.08.20
8744c1989ffffff,4,204900.0,149.27172298106876,103.0,-20000.0,-11.097290212128508,,2025.08.20
8744c198affffff,1,259990.0,186.23925501432666,107.0,-15010.0,-5.458181818181818,,2025.08.20
8744c198bffffff,2,165500.0,116.71888053467,25.0,0.0,0.0,,2025.08.20
8744c198cffffff,10,196450.0,152.78529341029343,106.5,-6000.0,-2.998235470699784,,2025.08.20
8744c198dffffff,16,194950.0,129.74525315437623,111.5,0.0,0.0,1.0,2025.08.20
8744c198effffff,1,224900.0,160.1851851851852,1413.0,129900.0,136.73684210526315,,2025.08.20
8744c1990ffffff,3,229900.0,239.47916666666666,34.0,0.0,0.0,,2025.08.20
8744c1992ffffff,3,635000.0,140.54891544931385,994.0,-70000.0,-9.929078014184398,,2025.08.20
8744c1993ffffff,2,439450.0,190.6538379217056,365.0,-92550.0,-15.121330485199877,,2025.08.20
8744c1994ffffff,1,205000.0,190.69767441860466,72.0,-10000.0,-4.651162790697675,,2025.08.20
8744c1995ffffff,1,255000.0,160.9848484848485,74.0,0.0,0.0,,2025.08.20
8744c1998ffffff,1,839900.0,151.49711399711398,295.0,-60099.0,-6.67767408630454,,2025.08.20
8744c1999ffffff,2,894250.0,181.4603981544771,329.5,-197750.0,-17.226858203884124,,2025.08.20
8744c199affffff,5,353900.0,153.24500768049154,40.0,0.0,0.0,,2025.08.20
8744c199bffffff,2,452791.5,151.71377488453575,41.0,-136708.5,-16.996134092764667,,2025.08.20
8744c199dffffff,4,299950.0,223.452164370903,911.5,-37550.0,-10.893406593406594,,2025.08.20
8744c19a1ffffff,5,554701.0,206.88487584650113,439.0,0.0,0.0,,2025.08.20
8744c19a3ffffff,1,334990.0,193.8599537037037,202.0,0.0,0.0,,2025.08.20
8744c19a8ffffff,24,303950.0,147.10804569761788,163.0,-8025.0,-2.2530147044703295,1.0,2025.08.20
8744c19a9ffffff,12,169999.5,148.0218501393365,136.0,0.0,0.0,,2025.08.20
8744c19aaffffff,11,334900.0,157.21859341445955,175.0,0.0,0.0,,2025.08.20
8744c19abffffff,18,291400.0,161.43975475620346,222.0,0.0,0.0,,2025.08.20
8744c19acffffff,4,323450.0,145.55858274763747,111.5,-23000.0,-6.50049850448654,,2025.08.20
8744c19adffffff,2,342150.0,191.72865866584863,2873.0,84800.0,48.484848484848484,,2025.08.20
8744c19aeffffff,11,299900.0,166.70942912123155,357.0,-21200.0,-3.1181056037652595,,2025.08.20
8744c19b1ffffff,1,399000.0,110.28192371475953,192.0,-91000.0,-18.571428571428573,,2025.08.20
8744c1a00ffffff,43,249900.0,179.53252032520325,131.0,0.0,0.0,3.0,2025.08.20
8744c1a01ffffff,11,469900.0,112.35955056179775,967.0,-20099.0,-4.101845105806339,2.0,2025.08.20
8744c1a02ffffff,31,233000.0,147.83821478382148,317.0,0.0,0.0,2.0,2025.08.20
8744c1a03ffffff,9,495000.0,163.1819557977596,86.0,0.0,0.0,,2025.08.20
8744c1a04ffffff,9,264500.0,178.78787878787878,216.0,-5000.0,-2.2222222222222223,1.0,2025.08.20
8744c1a05ffffff,13,598650.0,161.84103811841038,397.0,0.0,0.0,1.0,2025.08.20
8744c1a06ffffff,27,270000.0,162.72965879265092,173.0,0.0,0.0,1.0,2025.08.20
8744c1a08ffffff,1,90000.0,53.69928400954654,126.0,-72000.0,-44.44444444444444,,2025.08.20
8744c1a0affffff,1,325000.0,276.12574341546303,629.0,25000.0,8.333333333333332,,2025.08.20
8744c1a0bffffff,15,275000.0,160.4052573932092,202.0,-6000.0,-2.8571591837667643,,2025.08.20
8744c1a0cffffff,12,300000.0,151.10607186771642,240.0,0.0,0.0,1.0,2025.08.20
8744c1a0effffff,6,676750.0,182.02214282551589,23.0,112250.0,37.54180602006689,,2025.08.20
8744c1a10ffffff,61,230000.0,175.426944971537,414.0,0.0,0.0,2.0,2025.08.20
8744c1a11ffffff,19,289900.0,141.5958451369216,201.0,-1000.0,-0.4761904761904762,2.0,2025.08.20
8744c1a12ffffff,81,260000.0,194.4675885911841,496.0,0.0,0.0,3.0,2025.08.20
8744c1a13ffffff,30,260000.0,163.36633663366337,233.0,-7500.5,-2.1920716543730245,1.0,2025.08.20
8744c1a14ffffff,58,284950.0,154.98245573177454,194.5,0.0,0.0,,2025.08.20
8744c1a15ffffff,20,232450.0,172.1899995947972,168.5,-2500.0,-0.7836990595611284,2.0,2025.08.20
8744c1a16ffffff,102,249999.5,185.3626561258414,449.0,0.0,0.0,3.0,2025.08.20
8744c1a18ffffff,44,265000.0,163.06755260243634,199.5,0.0,0.0,6.0,2025.08.20
8744c1a19ffffff,15,235000.0,185.0,92.0,0.0,0.0,,2025.08.20
8744c1a1affffff,29,244900.0,141.72453703703704,196.0,0.0,0.0,2.0,2025.08.20
8744c1a1bffffff,49,219000.0,170.32902467685076,302.0,0.0,0.0,4.0,2025.08.20
8744c1a1cffffff,18,312499.5,152.3684210526316,303.5,0.0,0.0,,2025.08.20
8744c1a1dffffff,8,247500.0,161.14150783772055,652.5,55500.0,29.365079365079367,1.0,2025.08.20
8744c1a1effffff,16,462500.0,174.92979083468447,98.5,0.0,0.0,,2025.08.20
8744c1a20ffffff,39,449990.0,155.55555555555554,109.0,-21000.0,-3.8320757508507177,4.0,2025.08.20
8744c1a21ffffff,9,489619.0,144.67592592592592,72.0,0.0,0.0,,2025.08.20
8744c1a22ffffff,19,535000.0,141.38016940707524,137.0,-10000.0,-1.7574692442882252,4.0,2025.08.20
8744c1a23ffffff,4,439950.0,158.10526830030875,415.0,-60000.0,-9.220729320509587,,2025.08.20
8744c1a24ffffff,16,339950.0,137.3282967032967,250.0,-50.0,-0.0125,2.0,2025.08.20
8744c1a25ffffff,22,342950.0,146.65079612356305,486.5,2650.0,0.5357615800316605,2.0,2025.08.20
8744c1a26ffffff,22,332250.0,159.00965614972012,362.5,0.0,0.0,1.0,2025.08.20
8744c1a28ffffff,1,324990.0,191.73451327433628,126.0,0.0,0.0,,2025.08.20
8744c1a2affffff,4,395000.0,142.57746662846355,366.0,-14500.0,-3.3570234113712374,,2025.08.20
8744c1a2bffffff,3,524900.0,142.05683355886333,68.0,-20000.0,-4.000800160032006,,2025.08.20
8744c1a2cffffff,32,395500.0,139.48522085685818,73.0,0.0,0.0,4.0,2025.08.20
8744c1a2dffffff,6,279950.0,156.89549166171574,283.0,-17500.0,-6.12305854241338,3.0,2025.08.20
8744c1a2effffff,7,425000.0,139.23267326732673,104.0,0.0,0.0,,2025.08.20
8744c1a30ffffff,7,270000.0,153.73563218390805,325.0,0.0,0.0,3.0,2025.08.20
8744c1a31ffffff,14,393000.0,142.849110692632,435.0,144250.0,56.64210526315789,3.0,2025.08.20
8744c1a32ffffff,47,320000.0,164.29014259144452,140.0,0.0,0.0,,2025.08.20
8744c1a33ffffff,17,570000.0,179.02010050251258,161.0,0.0,0.0,,2025.08.20
8744c1a34ffffff,13,250000.0,136.83634373289544,124.0,0.0,0.0,2.0,2025.08.20
8744c1a35ffffff,4,292500.0,180.1699281440371,928.5,41555.0,15.003935940314797,,2025.08.20
8744c1a36ffffff,16,244949.5,156.93698241353263,141.5,0.0,0.0,1.0,2025.08.20
8744c1a40ffffff,18,304900.0,180.27329096606206,289.5,0.0,0.0,1.0,2025.08.20
8744c1a41ffffff,14,342500.0,173.2518291144563,177.5,-495.0,-0.12375309382734569,2.0,2025.08.20
8744c1a42ffffff,13,350000.0,200.0,70.0,0.0,0.0,1.0,2025.08.20
8744c1a43ffffff,3,128000.0,126.98412698412699,894.0,-4000.0,-3.7593984962406015,,2025.08.20
8744c1a44ffffff,16,285000.0,158.78491807681976,59.5,0.0,0.0,1.0,2025.08.20
8744c1a45ffffff,4,306950.0,159.35868914718307,55.5,0.0,0.0,,2025.08.20
8744c1a46ffffff,19,440836.0,173.2394366197183,111.0,0.0,0.0,1.0,2025.08.20
8744c1a48ffffff,18,359900.0,175.40960264900662,96.5,0.0,0.0,,2025.08.20
8744c1a49ffffff,18,363640.0,167.02488687782807,214.0,-1550.0,-0.5205970840083314,1.0,2025.08.20
8744c1a4affffff,29,373802.0,208.82568040537012,114.0,-5100.0,-1.436619718309859,2.0,2025.08.20
8744c1a4bffffff,29,400000.0,195.9414504324684,145.0,-4900.0,-1.113889520345533,,2025.08.20
8744c1a4cffffff,18,322400.0,182.71439228950345,137.0,-9000.0,-2.4921862237521375,2.0,2025.08.20
8744c1a4dffffff,7,430000.0,128.42465753424656,73.0,-10000.0,-2.865329512893983,,2025.08.20
8744c1a4effffff,18,352450.0,187.78631162982413,133.0,-4255.0,-1.4748700173310225,,2025.08.20
8744c1a50ffffff,21,325000.0,179.17369308600337,102.0,0.0,0.0,1.0,2025.08.20
8744c1a51ffffff,23,339000.0,199.364161849711,91.0,-90.0,-0.026087712687324273,,2025.08.20
8744c1a52ffffff,14,349950.0,212.95419185377887,65.0,0.0,0.0,,2025.08.20
8744c1a53ffffff,30,362490.0,207.99455984174085,84.0,0.0,0.0,2.0,2025.08.20
8744c1a54ffffff,13,362791.0,167.13688610240334,59.0,0.0,0.0,1.0,2025.08.20
8744c1a55ffffff,7,259900.0,172.64276228419655,159.0,0.0,0.0,1.0,2025.08.20
8744c1a56ffffff,26,319948.5,158.85624846746236,267.0,0.0,0.0,1.0,2025.08.20
8744c1a58ffffff,5,314900.0,186.46179401993356,51.0,0.0,0.0,,2025.08.20
8744c1a59ffffff,23,332000.0,160.25641025641025,100.0,0.0,0.0,,2025.08.20
8744c1a5affffff,17,334840.0,184.1080426356589,56.0,0.0,0.0,1.0,2025.08.20
8744c1a5bffffff,24,357250.0,197.02503790431268,77.0,0.0,0.0,,2025.08.20
8744c1a5cffffff,19,310000.0,196.07843137254903,205.0,0.0,0.0,,2025.08.20
8744c1a5dffffff,12,323700.0,193.36970658927595,139.0,-16500.0,-4.82952944491406,2.0,2025.08.20
8744c1a5effffff,22,349999.5,187.23224533175556,79.5,0.0,0.0,1.0,2025.08.20
8744c1a60ffffff,8,272495.0,153.14258911819888,226.0,-5000.0,-1.694915254237288,,2025.08.20
8744c1a61ffffff,9,250000.0,161.82572614107883,691.0,-7900.0,-2.4695217255392308,,2025.08.20
8744c1a62ffffff,6,418945.0,155.8180297405998,95.5,-13505.0,-3.1376072444853333,,2025.08.20
8744c1a63ffffff,13,289900.0,153.12131919905772,135.0,-10100.0,-2.72972972972973,,2025.08.20
8744c1a64ffffff,22,342450.0,147.85908234492416,91.0,0.0,0.0,1.0,2025.08.20
8744c1a65ffffff,8,270995.0,168.25875133663288,89.0,-2500.0,-0.9124087591240875,,2025.08.20
8744c1a66ffffff,12,297500.0,153.88394834486618,112.0,5000.0,2.632964718272775,,2025.08.20
8744c1a68ffffff,7,349000.0,178.42535787321063,82.0,0.0,0.0,,2025.08.20
8744c1a69ffffff,9,355000.0,144.14802065404476,97.0,0.0,0.0,,2025.08.20
8744c1a6affffff,4,391950.0,133.53109656301146,1054.0,-7500.0,-1.7445917655268668,,2025.08.20
8744c1a6bffffff,5,319900.0,249.500998003992,119.0,-60000.0,-15.306122448979592,,2025.08.20
8744c1a6cffffff,3,479900.0,155.15680569026836,295.0,0.0,0.0,1.0,2025.08.20
8744c1a6dffffff,10,305000.0,160.67887989570318,56.5,0.0,0.0,3.0,2025.08.20
8744c1a6effffff,7,399900.0,231.05555555555554,64.0,0.0,0.0,,2025.08.20
8744c1a70ffffff,1,360000.0,154.37392795883363,166.0,75000.0,26.31578947368421,,2025.08.20
8744c1a71ffffff,8,332500.0,169.86636845356907,282.0,0.0,0.0,,2025.08.20
8744c1a72ffffff,8,410000.0,152.11395403773645,402.5,0.0,0.0,,2025.08.20
8744c1a73ffffff,2,322500.0,119.06893649326645,2207.0,33000.0,15.31306990881459,,2025.08.20
8744c1a74ffffff,1,385000.0,163.55140186915887,37.0,0.0,0.0,,2025.08.20
8744c1a75ffffff,13,240000.0,175.0,250.0,0.0,0.0,,2025.08.20
8744c1a76ffffff,2,320000.0,210.846018735363,118.0,-5000.0,-2.0,,2025.08.20
8744c1a80ffffff,54,545000.0,325.17716748781277,209.5,0.0,0.0,1.0,2025.08.20
8744c1a81ffffff,74,266500.0,257.64309520994016,394.5,-1000.0,-0.6451612903225806,,2025.08.20
8744c1a82ffffff,75,589900.0,340.8738766656337,229.0,0.0,0.0,,2025.08.20
8744c1a83ffffff,127,515801.0,398.1797497155859,350.0,0.0,0.0,,2025.08.20
8744c1a84ffffff,69,300000.0,227.18124341412013,197.0,0.0,0.0,2.0,2025.08.20
8744c1a85ffffff,111,364900.0,231.46367521367523,530.0,0.0,0.0,3.0,2025.08.20
8744c1a86ffffff,43,408000.0,258.45864661654133,503.0,0.0,0.0,1.0,2025.08.20
8744c1a88ffffff,107,365000.0,337.0098039215686,334.0,0.0,0.0,,2025.08.20
8744c1a89ffffff,55,649900.0,282.8764268761302,428.0,0.0,0.0,,2025.08.20
8744c1a8affffff,185,439000.0,413.22314049586777,302.0,0.0,0.0,1.0,2025.08.20
8744c1a8bffffff,98,366500.0,295.4223715017815,330.5,0.0,0.0,,2025.08.20
8744c1a8cffffff,41,375000.0,276.85185185185185,330.0,0.0,0.0,,2025.08.20
8744c1a8dffffff,50,477000.0,348.8319279967044,293.5,-108.5,-0.025072212593876375,,2025.08.20
8744c1a8effffff,358,329999.5,362.36083223706987,389.0,0.0,0.0,1.0,2025.08.20
8744c1a90ffffff,72,344000.0,230.24594533475636,333.0,0.0,0.0,1.0,2025.08.20
8744c1a91ffffff,60,499900.0,274.65694682675814,275.5,0.0,0.0,,2025.08.20
8744c1a92ffffff,101,220000.0,187.63102725366878,281.0,-5100.0,-2.941176470588235,5.0,2025.08.20
8744c1a93ffffff,44,625000.0,314.08642498335655,104.5,-10000.0,-1.4388489208633095,2.0,2025.08.20
8744c1a94ffffff,83,265000.0,182.1875,174.0,-10000.0,-4.095079232693911,7.0,2025.08.20
8744c1a95ffffff,42,382450.0,227.5011086274854,196.0,0.0,0.0,4.0,2025.08.20
8744c1a96ffffff,50,265500.0,158.96703764800088,205.0,-10000.0,-2.556535957292267,2.0,2025.08.20
8744c1a98ffffff,40,860000.0,352.91327900110593,139.0,0.0,0.0,,2025.08.20
8744c1a99ffffff,50,1437500.0,487.69618645020574,151.0,0.0,0.0,,2025.08.20
8744c1a9affffff,40,733250.0,293.0039470333588,97.0,0.0,0.0,,2025.08.20
8744c1a9bffffff,18,687000.0,352.96981499513146,333.5,0.0,0.0,,2025.08.20
8744c1a9cffffff,89,575000.0,357.0238095238095,302.0,0.0,0.0,,2025.08.20
8744c1a9dffffff,104,419500.0,430.4772891152488,199.0,0.0,0.0,,2025.08.20
8744c1a9effffff,40,725000.0,359.13195711358725,297.5,0.0,0.0,,2025.08.20
8744c1aa0ffffff,41,239900.0,192.44226731980405,204.0,0.0,0.0,4.0,2025.08.20
8744c1aa1ffffff,39,274900.0,211.9839040485108,358.0,0.0,0.0,4.0,2025.08.20
8744c1aa2ffffff,63,244490.0,190.21586892957032,223.0,-5500.0,-1.872146118721461,4.0,2025.08.20
8744c1aa3ffffff,39,245000.0,196.42857142857142,364.0,0.0,0.0,,2025.08.20
8744c1aa4ffffff,90,369950.0,227.88275627347053,273.0,0.0,0.0,1.0,2025.08.20
8744c1aa5ffffff,56,259900.0,191.18150684931507,425.5,0.0,0.0,1.0,2025.08.20
8744c1aa6ffffff,68,228450.0,178.4313725490196,217.5,-5500.0,-2.2947263017356474,1.0,2025.08.20
8744c1aa8ffffff,98,399950.0,221.89270327443086,326.0,0.0,0.0,5.0,2025.08.20
8744c1aa9ffffff,59,227000.0,179.92329545454547,243.0,0.0,0.0,4.0,2025.08.20
8744c1aaaffffff,64,275500.0,213.5707851351931,703.5,250.0,0.07267441860465117,,2025.08.20
8744c1aabffffff,97,310000.0,198.33333333333334,349.0,-10000.0,-4.0,1.0,2025.08.20
8744c1aacffffff,93,288000.0,191.28540305010893,396.0,0.0,0.0,8.0,2025.08.20
8744c1aadffffff,28,380000.0,194.7690595436839,124.0,-8000.0,-2.5915750915750912,3.0,2025.08.20
8744c1aaeffffff,93,349800.0,230.60227889310906,214.0,0.0,0.0,4.0,2025.08.20
8744c1ab0ffffff,3,450000.0,263.92961876832845,299.0,-49900.0,-9.981996399279856,,2025.08.20
8744c1ab1ffffff,33,228850.0,185.0,345.0,0.0,0.0,1.0,2025.08.20
8744c1ab2ffffff,7,300000.0,175.13076474022182,106.0,0.0,0.0,1.0,2025.08.20
8744c1ab3ffffff,15,299900.0,190.17212659633537,124.0,0.0,0.0,1.0,2025.08.20
8744c1ab4ffffff,9,266000.0,168.26923076923077,134.0,0.0,0.0,2.0,2025.08.20
8744c1ab5ffffff,14,259000.0,164.16807270496204,242.5,-12500.0,-3.2389380066708817,1.0,2025.08.20
8744c1ab6ffffff,12,276200.0,108.84115428012555,101.5,0.0,0.0,1.0,2025.08.20
8744c1ac0ffffff,71,540000.0,210.0401800258214,131.0,0.0,0.0,,2025.08.20
8744c1ac1ffffff,28,424950.0,188.87790392765515,146.0,-10000.0,-3.373636363636363,,2025.08.20
8744c1ac2ffffff,33,609000.0,250.0,210.0,-10100.0,-3.225806451612903,,2025.08.20
8744c1ac3ffffff,38,459500.0,228.10037323947407,174.5,0.0,0.0,1.0,2025.08.20
8744c1ac4ffffff,16,390000.0,191.18674890775046,152.0,0.0,0.0,,2025.08.20
8744c1ac5ffffff,29,475000.0,193.39506172839506,315.0,0.0,0.0,1.0,2025.08.20
8744c1ac6ffffff,38,435000.0,194.95167235878768,118.0,-2500.0,-0.5813953488372093,,2025.08.20
8744c1ac8ffffff,37,456000.0,266.0123966942149,155.0,0.0,0.0,1.0,2025.08.20
8744c1ac9ffffff,11,349500.0,226.36010362694302,55.0,0.0,0.0,,2025.08.20
8744c1acaffffff,24,402500.0,212.73863237610777,181.0,-2500.0,-0.45871559633027525,,2025.08.20
8744c1accffffff,61,410000.0,233.458177278402,203.0,0.0,0.0,1.0,2025.08.20
8744c1acdffffff,28,315000.0,218.303946263644,225.0,-7000.0,-2.2519646156334874,,2025.08.20
8744c1aceffffff,44,482500.0,229.93077096341443,162.0,0.0,0.0,1.0,2025.08.20
8744c1ad0ffffff,29,1495000.0,337.3892623662959,300.0,0.0,0.0,,2025.08.20
8744c1ad1ffffff,15,365000.0,262.5,349.0,-6000.0,-1.791044776119403,,2025.08.20
8744c1ad2ffffff,16,3195000.0,543.8066465256798,302.0,0.0,0.0,,2025.08.20
8744c1ad3ffffff,8,3474950.0,396.3421578385113,485.0,-27500.0,-2.391304347826087,,2025.08.20
8744c1ad4ffffff,78,339900.0,245.2196455505279,195.5,0.0,0.0,1.0,2025.08.20
8744c1ad5ffffff,5,750000.0,396.6155473294553,42.0,0.0,0.0,,2025.08.20
8744c1ad6ffffff,22,947000.0,407.6252352747932,102.5,0.0,0.0,,2025.08.20
8744c1ad8ffffff,27,449900.0,232.66666666666666,111.0,0.0,0.0,,2025.08.20
8744c1ad9ffffff,22,254500.0,202.1380585748792,189.0,0.0,0.0,,2025.08.20
8744c1adaffffff,32,414487.5,301.5361311744771,183.5,0.0,0.0,,2025.08.20
8744c1adbffffff,38,504500.0,252.90613193839,106.0,0.0,0.0,,2025.08.20
8744c1adcffffff,53,445000.0,276.3005780346821,356.0,0.0,0.0,,2025.08.20
8744c1addffffff,52,440000.0,233.40681205786728,117.5,0.0,0.0,1.0,2025.08.20
8744c1adeffffff,5,4750000.0,500.0,302.0,1400100.0,100.84566596194504,,2025.08.20
8744c1ae0ffffff,29,470000.0,182.52173913043478,140.0,0.0,0.0,1.0,2025.08.20
8744c1ae1ffffff,29,429990.0,197.31489015459724,89.0,0.0,0.0,2.0,2025.08.20
8744c1ae2ffffff,22,436250.0,197.47778332358035,127.0,-1800.0,-0.49518569463548834,,2025.08.20
8744c1ae3ffffff,20,537500.0,196.2456664349519,80.5,-10000.0,-2.3122159850307407,,2025.08.20
8744c1ae4ffffff,3,325000.0,170.87276550998948,106.0,-100.0,-0.028985507246376812,,2025.08.20
8744c1ae5ffffff,28,244500.0,171.96075581395348,68.5,0.0,0.0,3.0,2025.08.20
8744c1ae6ffffff,34,202000.0,204.6951515151515,220.0,-19500.0,-8.775937559489815,2.0,2025.08.20
8744c1ae8ffffff,18,534950.0,200.6845238095238,91.5,-2500.0,-0.4166666666666667,,2025.08.20
8744c1ae9ffffff,18,414499.0,207.14369557047155,93.0,0.0,0.0,1.0,2025.08.20
8744c1aeaffffff,23,615000.0,219.23414206372405,113.0,-10000.0,-1.7391304347826086,,2025.08.20
8744c1aebffffff,15,495000.0,186.58122879758764,305.0,0.0,0.0,,2025.08.20
8744c1aecffffff,19,405031.0,194.40832249674904,269.0,0.0,0.0,2.0,2025.08.20
8744c1aedffffff,27,355000.0,184.64480077745384,90.0,0.0,0.0,4.0,2025.08.20
8744c1aeeffffff,17,515000.0,195.7048839625909,72.0,0.0,0.0,,2025.08.20
8744c1af0ffffff,51,324000.0,213.23202614379085,166.0,0.0,0.0,,2025.08.20
8744c1af1ffffff,34,475000.0,231.53138945556546,241.5,0.0,0.0,1.0,2025.08.20
8744c1af2ffffff,47,530000.0,280.7692307692308,111.0,0.0,0.0,,2025.08.20
8744c1af3ffffff,34,567450.0,251.86567164179104,280.0,0.0,0.0,1.0,2025.08.20
8744c1af4ffffff,80,269533.5,182.02695741758242,295.5,0.0,0.0,2.0,2025.08.20
8744c1af5ffffff,13,295900.0,139.32246998284734,114.0,-25100.0,-6.693333333333333,,2025.08.20
8744c1af6ffffff,57,287000.0,205.17241379310346,292.0,-10000.0,-2.288853284504463,1.0,2025.08.20
8744c1b00ffffff,18,315000.0,171.923959574562,175.0,-5500.0,-1.6767723880597014,,2025.08.20
8744c1b01ffffff,21,440990.0,158.76842105263157,104.0,0.0,0.0,,2025.08.20
8744c1b02ffffff,1,340000.0,140.26402640264027,443.0,-35000.0,-9.333333333333334,,2025.08.20
8744c1b03ffffff,27,250000.0,165.05228398459,90.0,0.0,0.0,3.0,2025.08.20
8744c1b04ffffff,4,264500.0,187.55411255411255,100.5,-15050.5,-5.377208931419457,1.0,2025.08.20
8744c1b06ffffff,10,259250.0,166.78571428571428,220.0,0.0,0.0,1.0,2025.08.20
8744c1b08ffffff,5,421360.0,121.21979286536248,256.0,-15100.0,-2.9320388349514563,1.0,2025.08.20
8744c1b09ffffff,20,377000.0,176.80586397058823,121.0,-4080.0,-1.037957548669231,1.0,2025.08.20
8744c1b0affffff,21,279900.0,134.69036697247705,346.0,0.0,0.0,1.0,2025.08.20
8744c1b0bffffff,19,365000.0,205.01568217459487,153.0,-5000.0,-1.2362467548522686,1.0,2025.08.20
8744c1b0cffffff,9,339000.0,191.72245891661595,35.0,0.0,0.0,,2025.08.20
8744c1b0dffffff,20,359995.0,167.44548286604362,186.0,0.0,0.0,1.0,2025.08.20
8744c1b0effffff,14,379500.0,134.40625444736148,69.0,0.0,0.0,3.0,2025.08.20
8744c1b10ffffff,12,313750.0,169.24118838049515,327.0,5000.0,1.3333333333333335,,2025.08.20
8744c1b11ffffff,17,290000.0,142.36902050113895,302.0,0.0,0.0,,2025.08.20
8744c1b12ffffff,10,359950.0,114.3488455988456,90.5,0.0,0.0,2.0,2025.08.20
8744c1b13ffffff,15,220000.0,108.6086956521739,600.0,65100.0,48.61837191934279,2.0,2025.08.20
8744c1b14ffffff,1,411794.0,170.44453642384107,70.0,-17426.0,-4.059922650389078,,2025.08.20
8744c1b15ffffff,8,315250.0,141.57740976532668,297.5,76494.0,47.253398106826936,2.0,2025.08.20
8744c1b16ffffff,3,376000.0,136.54441007512153,1593.0,130000.0,50.0,1.0,2025.08.20
8744c1b18ffffff,31,186900.0,133.33333333333334,110.0,0.0,0.0,1.0,2025.08.20
8744c1b19ffffff,18,316500.0,176.73521850899743,177.0,500.0,0.15267641760053743,5.0,2025.08.20
8744c1b1affffff,27,278000.0,139.739663093415,295.0,0.0,0.0,2.0,2025.08.20
8744c1b1bffffff,5,200000.0,118.83033419023137,161.0,0.0,0.0,,2025.08.20
8744c1b1cffffff,16,241000.0,165.12150983970645,202.5,0.0,0.0,2.0,2025.08.20
8744c1b1dffffff,19,219900.0,145.7204767063922,229.0,0.0,0.0,6.0,2025.08.20
8744c1b1effffff,25,191000.0,134.7240051347882,234.0,0.0,0.0,3.0,2025.08.20
8744c1b22ffffff,1,2100000.0,290.0552486187845,257.0,0.0,0.0,,2025.08.20
8744c1b23ffffff,3,305000.0,129.0186125211506,1454.0,35000.0,12.727272727272727,,2025.08.20
8744c1b24ffffff,3,524900.0,208.29365079365078,57.0,-15000.0,-2.34375,,2025.08.20
8744c1b25ffffff,4,624949.5,195.0542631211446,92.0,-12500.0,-2.1739168242031726,,2025.08.20
8744c1b26ffffff,6,468450.0,178.1341154044396,153.0,0.0,0.0,2.0,2025.08.20
8744c1b2affffff,9,350000.0,135.38320330426802,245.0,0.0,0.0,,2025.08.20
8744c1b2bffffff,23,440000.0,172.13382292941657,110.0,0.0,0.0,,2025.08.20
8744c1b2cffffff,3,379999.0,210.6060606060606,1233.0,795.0,0.0994993742177722,,2025.08.20
8744c1b2dffffff,1,617000.0,192.8125,43.0,-27000.0,-4.192546583850932,,2025.08.20
8744c1b2effffff,1,305000.0,476.5625,526.0,-24500.0,-7.435508345978755,,2025.08.20
8744c1b30ffffff,3,625000.0,234.31294678316124,211.0,-125000.0,-16.666666666666664,,2025.08.20
8744c1b31ffffff,3,1280000.0,172.61353104726598,175.0,-15000.0,-1.1583011583011582,,2025.08.20
8744c1b32ffffff,8,539999.5,197.12407497897078,93.0,0.0,0.0,,2025.08.20
8744c1b33ffffff,6,391000.0,99.06866556575159,209.5,-10000.0,-9.263102751073166,,2025.08.20
8744c1b34ffffff,2,1527500.0,285.9920647729499,875.0,953000.0,401.9911012235817,,2025.08.20
8744c1b35ffffff,2,601000.0,195.76261056657899,46.0,0.0,0.0,,2025.08.20
8744c1b36ffffff,3,719900.0,214.70325082016106,52.0,0.0,0.0,,2025.08.20
8744c1b41ffffff,7,357000.0,131.57894736842104,148.0,-2000.0,-0.5571030640668524,,2025.08.20
8744c1b42ffffff,12,535831.0,175.80197684811668,178.5,-30000.0,-5.8479662337911975,,2025.08.20
8744c1b43ffffff,16,344950.0,142.70485796801586,207.5,0.0,0.0,,2025.08.20
8744c1b45ffffff,6,462500.0,139.29315094516193,218.0,-29747.5,-6.709423452855956,1.0,2025.08.20
8744c1b46ffffff,1,519500.0,204.5275590551181,4411.0,360500.0,226.72955974842765,,2025.08.20
8744c1b48ffffff,19,467500.0,142.65831593597773,223.0,0.0,0.0,1.0,2025.08.20
8744c1b49ffffff,14,319950.0,149.62663423904576,84.0,-5000.0,-1.9055944055944058,,2025.08.20
8744c1b4affffff,13,360500.0,147.9869771112865,306.0,0.0,0.0,1.0,2025.08.20
8744c1b4bffffff,29,388495.0,167.5769888793841,82.0,-10100.0,-1.5303030303030303,1.0,2025.08.20
8744c1b4cffffff,12,321495.0,150.34962406015038,106.0,-16550.0,-4.896825396825397,2.0,2025.08.20
8744c1b4dffffff,22,291950.0,147.19303481713615,203.0,-1000.0,-0.4705882352941176,2.0,2025.08.20
8744c1b4effffff,19,379900.0,146.99683877766068,126.0,0.0,0.0,1.0,2025.08.20
8744c1b50ffffff,6,411500.0,148.68918335473415,102.0,-2500.0,-0.6172839506172839,2.0,2025.08.20
8744c1b51ffffff,1,371000.0,158.41161400512382,25.0,0.0,0.0,,2025.08.20
8744c1b52ffffff,20,409500.0,156.5301327189007,100.5,-13689.0,-2.5214820523879506,3.0,2025.08.20
8744c1b53ffffff,14,372449.5,122.74758477767764,93.5,0.0,0.0,2.0,2025.08.20
8744c1b54ffffff,3,785000.0,188.88354186717999,72.0,0.0,0.0,,2025.08.20
8744c1b55ffffff,5,750210.0,201.12868632707776,126.0,0.0,0.0,,2025.08.20
8744c1b56ffffff,7,480000.0,126.85402029664324,157.0,0.0,0.0,2.0,2025.08.20
8744c1b58ffffff,5,500000.0,153.3457249070632,1974.0,100000.0,20.2020202020202,,2025.08.20
8744c1b59ffffff,17,299000.0,181.249375,103.0,0.0,0.0,1.0,2025.08.20
8744c1b5affffff,28,500000.0,167.18592212000488,168.5,0.0,0.0,3.0,2025.08.20
8744c1b5bffffff,11,236000.0,133.77936366339577,189.0,0.0,0.0,2.0,2025.08.20
8744c1b5cffffff,19,364900.0,143.42629482071712,484.0,-20100.0,-4.568181818181818,1.0,2025.08.20
8744c1b5dffffff,4,456950.0,138.71061591383096,395.5,0.0,0.0,,2025.08.20
8744c1b5effffff,3,349900.0,151.53746210480728,50.0,-5000.0,-1.5873015873015872,,2025.08.20
8744c1b61ffffff,2,560450.0,169.2629132361377,34.0,0.0,0.0,,2025.08.20
8744c1b62ffffff,2,1762250.0,343.07436244640036,3913.0,1337250.0,inf,,2025.08.20
8744c1b64ffffff,1,375000.0,946.969696969697,77.0,-50000.0,-11.76470588235294,,2025.08.20
8744c1b66ffffff,4,691000.0,243.47771310165925,344.5,-21002.5,-4.676833212062414,,2025.08.20
8744c1b68ffffff,21,332500.0,145.9137144861452,82.0,0.0,0.0,,2025.08.20
8744c1b69ffffff,14,268000.0,158.12221401810376,695.5,10000.0,4.878048780487805,,2025.08.20
8744c1b6affffff,3,550000.0,184.3701618578466,45.0,0.0,0.0,,2025.08.20
8744c1b6bffffff,16,324500.0,164.5564647856638,126.0,0.0,0.0,,2025.08.20
8744c1b6cffffff,2,937500.0,178.69032158063706,151.5,0.0,0.0,,2025.08.20
8744c1b6dffffff,2,398000.0,160.9137967680461,652.5,200500.0,inf,1.0,2025.08.20
8744c1b6effffff,10,412900.0,158.28156931000123,289.0,-21500.0,-4.2768203592318965,,2025.08.20
8744c1b71ffffff,7,589900.0,210.63768944809837,141.0,-20000.0,-4.546487838145033,,2025.08.20
8744c1b72ffffff,16,386990.0,171.04443917666262,83.5,0.0,0.0,,2025.08.20
8744c1b73ffffff,5,332000.0,140.8450704225352,127.0,-10000.0,-3.0395136778115504,,2025.08.20
8744c1b74ffffff,1,730000.0,161.0767872903795,68.0,-35000.0,-4.57516339869281,,2025.08.20
8744c1b76ffffff,3,477900.0,124.9305941143809,61.0,0.0,0.0,,2025.08.20
8744c1b80ffffff,14,227450.0,154.65056363068027,272.0,-2500.0,-0.9262689885142646,2.0,2025.08.20
8744c1b81ffffff,35,250000.0,152.99479166666666,153.0,0.0,0.0,3.0,2025.08.20
8744c1b82ffffff,4,237400.0,185.61111111111111,612.5,-5050.0,-2.1956521739130435,,2025.08.20
8744c1b83ffffff,4,232000.0,150.6639744549804,195.0,-20000.0,-7.660637490513534,,2025.08.20
8744c1b84ffffff,14,234950.0,152.78776978417267,114.0,0.0,0.0,,2025.08.20
8744c1b85ffffff,18,288250.0,144.9061954624782,122.0,0.0,0.0,2.0,2025.08.20
8744c1b86ffffff,32,212500.0,153.47498893315625,186.5,0.0,0.0,5.0,2025.08.20
8744c1b89ffffff,34,434500.0,222.282774495937,194.0,0.0,0.0,,2025.08.20
8744c1b8bffffff,41,399000.0,230.0222963470419,439.0,-10001.0,-2.52475631189078,1.0,2025.08.20
8744c1b8cffffff,16,239950.0,135.50600343053173,308.0,0.0,0.0,1.0,2025.08.20
8744c1b8dffffff,9,275000.0,147.05882352941177,96.0,0.0,0.0,,2025.08.20
8744c1b8effffff,5,244900.0,148.87537993920972,352.0,-21500.0,-8.07057057057057,,2025.08.20
8744c1b90ffffff,25,170000.0,111.5327380952381,243.0,-4000.0,-1.509433962264151,1.0,2025.08.20
8744c1b91ffffff,26,227400.0,135.2829733082483,267.5,0.0,0.0,2.0,2025.08.20
8744c1b92ffffff,12,236500.0,146.62596499861593,98.0,-2500.0,-1.050420168067227,,2025.08.20
8744c1b93ffffff,12,275000.0,131.14460068876696,62.0,0.0,0.0,1.0,2025.08.20
8744c1b94ffffff,8,217000.0,142.64265440404003,209.0,0.0,0.0,1.0,2025.08.20
8744c1b95ffffff,17,240000.0,127.85714285714286,153.0,0.0,0.0,,2025.08.20
8744c1b96ffffff,1,263000.0,122.89719626168224,219.0,-42000.0,-13.77049180327869,,2025.08.20
8744c1b98ffffff,15,200000.0,176.2295081967213,154.0,0.0,0.0,2.0,2025.08.20
8744c1b99ffffff,5,349999.0,214.61716937354987,939.0,0.0,0.0,,2025.08.20
8744c1b9affffff,24,194450.0,144.81484424666243,607.0,0.0,0.0,,2025.08.20
8744c1b9bffffff,9,175000.0,162.96296296296296,358.0,0.0,0.0,2.0,2025.08.20
8744c1b9cffffff,9,199950.0,135.6,232.0,0.0,0.0,,2025.08.20
8744c1b9effffff,15,209000.0,167.84452296819788,147.0,0.0,0.0,,2025.08.20
8744c1ba0ffffff,12,489950.0,151.1765271012208,127.5,-14300.0,-2.7694391538167604,,2025.08.20
8744c1ba1ffffff,17,295000.0,133.96907216494844,216.0,0.0,0.0,1.0,2025.08.20
8744c1ba2ffffff,12,222000.0,135.2623420858308,410.5,4500.0,2.25,,2025.08.20
8744c1ba3ffffff,21,255900.0,134.52914798206277,129.0,0.0,0.0,2.0,2025.08.20
8744c1ba4ffffff,7,344900.0,157.21899224806202,592.0,318745.0,47.55791648221927,3.0,2025.08.20
8744c1ba5ffffff,4,438650.0,110.76144744698806,721.5,-6500.0,-1.1818181818181819,,2025.08.20
8744c1ba6ffffff,19,212000.0,162.944582299421,127.0,0.0,0.0,3.0,2025.08.20
8744c1ba8ffffff,49,225500.0,149.95,219.0,0.0,0.0,4.0,2025.08.20
8744c1ba9ffffff,20,249499.5,153.09460143406017,142.0,0.0,0.0,2.0,2025.08.20
8744c1baaffffff,30,290000.0,153.9828454457547,179.0,0.0,0.0,,2025.08.20
8744c1babffffff,43,212000.0,134.6240179573513,147.0,0.0,0.0,5.0,2025.08.20
8744c1bacffffff,48,226700.0,132.60590500641848,424.5,0.0,0.0,1.0,2025.08.20
8744c1badffffff,35,283003.0,158.0,190.0,0.0,0.0,1.0,2025.08.20
8744c1baeffffff,31,250000.0,123.03149606299213,111.0,0.0,0.0,7.0,2025.08.20
8744c1bb0ffffff,18,229999.5,152.2462919594067,75.0,0.0,0.0,5.0,2025.08.20
8744c1bb1ffffff,19,258000.0,119.34713375796179,186.0,-5000.0,-2.9629629629629632,,2025.08.20
8744c1bb2ffffff,19,190000.0,166.91394658753708,196.0,0.0,0.0,,2025.08.20
8744c1bb3ffffff,16,218750.0,143.24129997123958,258.0,0.0,0.0,,2025.08.20
8744c1bb4ffffff,20,222450.0,161.74357235915025,103.5,0.0,0.0,,2025.08.20
8744c1bb5ffffff,30,234999.5,138.88888888888889,525.5,54547.5,42.10654936461388,2.0,2025.08.20
8744c1bb6ffffff,7,250000.0,201.61290322580646,319.0,-19100.0,-4.0,,2025.08.20
8744c1c04ffffff,1,305000.0,170.01114827201783,71.0,0.0,0.0,,2025.08.20
8744c1c05ffffff,1,640000.0,250.98039215686273,55.0,0.0,0.0,,2025.08.20
8744c1c09ffffff,1,394000.0,174.4906997342781,1135.0,1100.0,0.27996945787732247,,2025.08.20
8744c1c0affffff,5,485000.0,272.5971370143149,142.0,-125000.0,-11.818181818181818,,2025.08.20
8744c1c0bffffff,6,670000.0,373.60968025030525,307.5,-15000.0,-3.067484662576687,,2025.08.20
8744c1c0cffffff,2,285360.0,164.166256404646,2274.0,93547.5,137.13419913419915,,2025.08.20
8744c1c18ffffff,2,894500.0,312.20430107526886,257.0,-25500.0,-3.0,,2025.08.20
8744c1c19ffffff,17,589900.0,219.62025316455697,146.0,0.0,0.0,,2025.08.20
8744c1c1bffffff,1,370000.0,208.0989876265467,649.0,20000.0,5.714285714285714,,2025.08.20
8744c1c1dffffff,4,1812500.0,439.1613810005507,1336.5,852550.0,133.45952696901102,,2025.08.20
8744c1c22ffffff,1,774900.0,331.0123878684323,120.0,-50000.0,-6.06134076857801,,2025.08.20
8744c1c23ffffff,2,114000.0,77.79586852549099,97.0,-16000.0,-14.097222222222221,,2025.08.20
8744c1c28ffffff,4,342450.0,161.7947287545271,29.0,0.0,0.0,,2025.08.20
8744c1c29ffffff,4,312500.0,171.88584101756544,66.5,-19500.0,-4.19831223628692,,2025.08.20
8744c1c2affffff,3,374900.0,125.2385496183206,77.0,-40000.0,-9.640877319836106,,2025.08.20
8744c1c2dffffff,11,299990.0,146.33658536585367,152.0,0.0,0.0,,2025.08.20
8744c1c2effffff,1,285000.0,129.54545454545453,20.0,-14900.0,-4.968322774258086,,2025.08.20
8744c1c40ffffff,5,589000.0,155.0,104.0,0.0,0.0,,2025.08.20
8744c1c41ffffff,2,382450.0,158.96672666059243,400.5,-31550.0,-6.483121359800309,,2025.08.20
8744c1c42ffffff,2,214950.0,146.08388217250092,1732.0,71450.0,50.31690140845071,,2025.08.20
8744c1c43ffffff,6,367000.0,168.63351022305602,81.0,-7500.0,-2.5316455696202533,,2025.08.20
8744c1c44ffffff,1,488950.0,165.521327014218,531.0,-9550.0,-1.9157472417251755,,2025.08.20
8744c1c45ffffff,1,350000.0,140.39310068190935,69.0,0.0,0.0,,2025.08.20
8744c1c48ffffff,6,400900.0,167.2247169273379,334.5,0.0,0.0,,2025.08.20
8744c1c49ffffff,9,399900.0,156.8592057761733,134.0,-45000.0,-11.842105263157894,,2025.08.20
8744c1c4affffff,10,489949.5,149.2457877703207,245.0,-20000.0,-4.555025764063939,1.0,2025.08.20
8744c1c4bffffff,6,482500.0,178.73687492192084,51.0,0.0,0.0,,2025.08.20
8744c1c4cffffff,1,249900.0,195.234375,75.0,-7000.0,-2.7247956403269753,,2025.08.20
8744c1c4dffffff,4,550000.0,164.09991530192775,85.5,-5000.0,-0.8695652173913043,,2025.08.20
8744c1c4effffff,4,384000.0,173.61901430348257,273.5,-21000.0,-4.391163793103448,,2025.08.20
8744c1c51ffffff,4,300250.0,151.80518144816364,107.0,-13250.0,-4.7477203647416415,1.0,2025.08.20
8744c1c52ffffff,6,277450.0,189.56684762605818,96.5,0.0,0.0,,2025.08.20
8744c1c56ffffff,3,399000.0,225.3839205058717,142.0,0.0,0.0,,2025.08.20
8744c1c58ffffff,5,300000.0,163.1321370309951,119.0,55000.0,22.448979591836736,,2025.08.20
8744c1c5bffffff,1,464900.0,161.0880110880111,492.0,-85100.0,-15.472727272727274,,2025.08.20
8744c1c5cffffff,3,288000.0,191.94841774197022,1042.0,5000.0,1.7857142857142856,,2025.08.20
8744c1c5dffffff,5,399000.0,149.55022488755623,56.0,-10000.0,-4.04,,2025.08.20
8744c1c5effffff,1,489000.0,113.8268156424581,408.0,-36000.0,-6.857142857142858,,2025.08.20
8744c1c61ffffff,3,250000.0,204.2483660130719,50.0,0.0,0.0,,2025.08.20
8744c1c65ffffff,4,372720.0,165.43275632490014,66.5,-18800.0,-4.980132450331126,,2025.08.20
8744c1c66ffffff,1,425000.0,145.69763455605073,192.0,-100000.0,-19.047619047619047,,2025.08.20
8744c1c68ffffff,6,319700.0,170.1014184341937,152.0,-9500.0,-2.8981238103870206,,2025.08.20
8744c1c69ffffff,12,374949.5,165.94811434110895,154.0,-2450.5,-0.8171057019006336,1.0,2025.08.20
8744c1c6affffff,5,399900.0,165.84766584766584,484.0,-20000.0,-5.797101449275362,,2025.08.20
8744c1c6bffffff,8,299550.0,178.13613420427555,120.5,-6950.0,-2.0513342768757257,1.0,2025.08.20
8744c1c6cffffff,8,396995.0,191.39978455928522,114.0,0.0,0.0,,2025.08.20
8744c1c6dffffff,12,310000.0,179.87849094113844,137.0,0.0,0.0,,2025.08.20
8744c1c6effffff,7,374900.0,177.75229357798165,172.0,0.0,0.0,,2025.08.20
8744c1c70ffffff,2,301000.0,169.2561862592578,137.5,-4000.0,-1.3559322033898304,1.0,2025.08.20
8744c1c71ffffff,1,465000.0,263.00904977375563,72.0,0.0,0.0,,2025.08.20
8744c1c72ffffff,1,349900.0,177.8851042196238,2885.0,180900.0,107.04142011834318,,2025.08.20
8744c1c74ffffff,1,749000.0,141.32075471698113,273.0,-100000.0,-11.778563015312132,,2025.08.20
8744c1c82ffffff,1,495000.0,188.4278644842025,26.0,0.0,0.0,,2025.08.20
8744c1c84ffffff,1,275000.0,162.14622641509433,3585.0,229100.0,499.1285403050109,,2025.08.20
8744c1c86ffffff,15,245000.0,195.3125,92.0,0.0,0.0,,2025.08.20
8744c1c88ffffff,1,619000.0,281.3636363636364,389.0,-6000.0,-0.96,,2025.08.20
8744c1c89ffffff,1,2150000.0,314.32748538011697,5565.0,650000.0,43.333333333333336,,2025.08.20
8744c1c8affffff,1,325000.0,253.90625,131.0,0.0,0.0,,2025.08.20
8744c1c99ffffff,1,310000.0,184.30439952437575,5594.0,161000.0,108.0536912751678,,2025.08.20
8744c1c9bffffff,1,680000.0,201.4814814814815,914.0,-69000.0,-9.212283044058744,,2025.08.20
8744c1ca2ffffff,2,344950.0,159.4767157371888,121.5,30450.0,8.034300791556728,,2025.08.20
8744c1cacffffff,2,499945.0,242.44011983093765,46.5,-49550.0,-8.557858376511227,,2025.08.20
8744c1caeffffff,1,320000.0,173.16017316017317,59.0,0.0,0.0,,2025.08.20
8744c1cb0ffffff,2,577450.0,259.1483095728845,70.0,-50000.0,-5.714285714285714,,2025.08.20
8744c1cc0ffffff,2,432900.0,202.09883088635127,77.5,-2550.0,-0.48571428571428565,,2025.08.20
8744c1cc1ffffff,5,309999.0,144.05447878470403,77.0,-3900.0,-1.2384884090187362,,2025.08.20
8744c1cc2ffffff,5,345900.0,192.16666666666666,80.0,0.0,0.0,,2025.08.20
8744c1cc3ffffff,1,2799900.0,270.9143686502177,3835.0,2250000.0,409.16530278232403,,2025.08.20
8744c1cc4ffffff,9,440000.0,213.8047138047138,145.0,-9900.0,-2.829379822806516,1.0,2025.08.20
8744c1cc5ffffff,1,260000.0,174.9663526244953,253.0,-10000.0,-3.7037037037037033,,2025.08.20
8744c1cc6ffffff,12,392214.5,195.86929795092635,117.0,0.0,0.0,,2025.08.20
8744c1ccbffffff,2,452000.0,181.1598250766088,99.0,-25000.0,-5.2602108036890645,1.0,2025.08.20
8744c1cceffffff,1,405000.0,186.63594470046084,4838.0,165100.0,68.82034180908711,,2025.08.20
8744c1cd0ffffff,1,369900.0,238.95348837209303,182.0,-30000.0,-7.501875468867217,,2025.08.20
8744c1cd5ffffff,1,495000.0,200.24271844660194,42.0,0.0,0.0,,2025.08.20
8744c1cd9ffffff,1,654321.0,269.82309278350516,743.0,-170679.0,-20.688363636363636,,2025.08.20
8744c1cddffffff,1,1972200.0,288.1227173119065,52.0,0.0,0.0,,2025.08.20
8744c1ce0ffffff,12,309450.0,164.24268478435147,127.0,0.0,0.0,,2025.08.20
8744c1ce1ffffff,5,480000.0,245.0,157.0,-5000.0,-1.9607843137254901,,2025.08.20
8744c1ce2ffffff,10,402450.0,269.54595791805093,334.5,-30000.0,-5.835195974823946,,2025.08.20
8744c1ce3ffffff,13,289900.0,155.60165975103735,212.0,-5000.0,-1.7247326664367024,,2025.08.20
8744c1ce4ffffff,17,589900.0,417.77620396600565,124.0,0.0,0.0,,2025.08.20
8744c1ce5ffffff,11,325000.0,214.4160583941606,144.0,-10000.0,-2.7777777777777777,,2025.08.20
8744c1ce6ffffff,18,359950.0,203.989218328841,131.0,0.0,0.0,,2025.08.20
8744c1ce9ffffff,1,310000.0,222.70114942528735,27.0,0.0,0.0,,2025.08.20
8744c1ceaffffff,3,359900.0,151.3456686291001,57.0,-10000.0,-2.703433360367667,,2025.08.20
8744c1cecffffff,7,330000.0,155.6122448979592,261.0,0.0,0.0,1.0,2025.08.20
8744c1cedffffff,1,679000.0,248.53587115666178,316.0,-311000.0,-31.414141414141415,,2025.08.20
8744c1ceeffffff,1,290000.0,81.92090395480226,20.0,-20000.0,-6.451612903225806,,2025.08.20
8744c1cf1ffffff,19,397847.0,192.16666666666666,80.0,0.0,0.0,,2025.08.20
8744c1cf2ffffff,3,465000.0,259.4401041666667,310.0,-11000.0,-2.0,,2025.08.20
8744c1cf3ffffff,1,325000.0,295.7233848953594,1579.0,-99900.0,-23.511414450458933,,2025.08.20
8744c1cf4ffffff,2,472000.0,212.0160737038126,153.0,-63000.0,-12.201680672268907,,2025.08.20
8744c1cf5ffffff,8,315400.0,176.16743665692806,70.0,-6250.0,-2.1434695627322093,,2025.08.20
8744c1d0affffff,2,374450.0,152.5764489963891,38.5,-28000.0,-6.9090900663438575,,2025.08.20
8744c1d40ffffff,1,475000.0,97.87760148361838,88.0,-25000.0,-5.0,,2025.08.20
8744c1d44ffffff,2,230500.0,114.3663367298371,1324.5,18050.0,16.94844201324097,,2025.08.20
8744c1d45ffffff,1,259900.0,190.8223201174743,70.0,0.0,0.0,,2025.08.20
8744c1d49ffffff,7,299900.0,148.46534653465346,50.0,-9900.0,-2.870397216584517,2.0,2025.08.20
8744c1d4affffff,1,699900.0,289.454094292804,68.0,-50100.0,-6.68,,2025.08.20
8744c1d4bffffff,1,339900.0,171.14803625377644,69.0,0.0,0.0,,2025.08.20
8744c1d51ffffff,1,150000.0,100.80645161290323,247.0,-25000.0,-14.285714285714285,,2025.08.20
8744c1d53ffffff,1,157250.0,119.12878787878788,397.0,157250.0,inf,,2025.08.20
8744c1d54ffffff,1,169900.0,214.52020202020202,61.0,-10000.0,-5.558643690939411,,2025.08.20
8744c1d58ffffff,2,512000.0,191.4119018577701,65.0,-10000.0,-1.669449081803005,,2025.08.20
8744c1d5affffff,16,216450.0,143.5830797836376,112.5,-5549.5,-2.1661443368554263,,2025.08.20
8744c1d5bffffff,1,249900.0,168.85135135135135,19.0,0.0,0.0,,2025.08.20
8744c1d5dffffff,3,250000.0,161.29032258064515,273.0,0.0,0.0,,2025.08.20
8744c1d5effffff,20,261490.0,142.2705749718151,76.0,0.0,0.0,,2025.08.20
8744c1d61ffffff,2,279450.0,169.6338193397017,272.5,-48550.0,-13.599439775910364,,2025.08.20
8744c1d62ffffff,2,154450.0,135.13405858913274,77.0,-20050.0,-10.025,,2025.08.20
8744c1d68ffffff,1,325000.0,183.20180383314545,85.0,32100.0,10.95937179924889,,2025.08.20
8744c1d6dffffff,1,179000.0,111.04218362282879,62.0,-20000.0,-10.050251256281408,,2025.08.20
8744c1d71ffffff,1,680000.0,228.95622895622895,209.0,0.0,0.0,,2025.08.20
8744c1d73ffffff,7,475290.0,158.48151515151514,82.0,9999.0,1.9491608023548217,,2025.08.20
8744c3942ffffff,1,1800000.0,371.4403631861329,387.0,0.0,0.0,,2025.08.20
8744c3943ffffff,2,713000.0,307.64523397950364,3013.0,585500.0,inf,,2025.08.20
8744c3944ffffff,1,338160.0,150.29333333333332,124.0,-34405.0,-9.234630198757264,,2025.08.20
8744c3945ffffff,1,1990000.0,239.7012768007709,20.0,0.0,0.0,,2025.08.20
8744c3948ffffff,2,692500.0,361.9684183465885,3393.0,333050.0,87.6996358502303,,2025.08.20
8744c3949ffffff,1,699900.0,237.81855249745158,67.0,-75100.0,-9.69032258064516,,2025.08.20
8744c394affffff,1,499000.0,265.70820021299255,2997.0,270000.0,117.90393013100437,,2025.08.20
8744c394bffffff,3,345900.0,200.4055619930475,1206.0,184900.0,inf,,2025.08.20
8744c394cffffff,2,494500.0,259.9879887876263,36.5,-12500.0,-4.545454545454546,,2025.08.20
8744c3955ffffff,2,1352450.0,430.23891912227896,684.0,55000.0,12.395551008116453,,2025.08.20
8744c395dffffff,2,702000.0,286.03470809062674,588.0,-30500.0,2.799388379204893,,2025.08.20
8744c3962ffffff,1,924900.0,385.375,74.0,-64100.0,-6.481294236602629,,2025.08.20
8744c3966ffffff,1,399900.0,114.88078138465958,310.0,-56285.0,-12.338196126571457,,2025.08.20
8744c396affffff,1,917000.0,269.9440682955549,174.0,-33000.0,-3.4736842105263155,,2025.08.20
8744c3970ffffff,3,849900.0,354.125,120.0,0.0,0.0,,2025.08.20
8744c3971ffffff,3,799000.0,475.685234305924,119.0,-200000.0,-6.920415224913495,,2025.08.20
8744c3973ffffff,1,749900.0,243.15823605706873,73.0,-49100.0,-6.145181476846058,,2025.08.20
8744c3975ffffff,3,560000.0,305.18518518518516,316.0,-139000.0,-19.88555078683834,,2025.08.20
8744c3b28ffffff,1,1480000.0,189.8165961267154,3043.0,-95000.0,-6.031746031746032,,2025.08.20
8744c3b2cffffff,1,699000.0,295.18581081081084,62.0,0.0,0.0,,2025.08.20
8744c3b48ffffff,6,385900.0,175.4090909090909,50.0,0.0,0.0,,2025.08.20
8744c3b49ffffff,4,440725.0,192.15702996788065,154.0,5975.0,1.358726549175668,,2025.08.20
8744c3b4bffffff,5,350000.0,259.64749536178107,899.0,0.0,0.0,,2025.08.20
8744c3b4dffffff,8,404950.0,178.44818629841328,77.0,0.0,0.0,,2025.08.20
8744c3b65ffffff,1,1450000.0,174.0278444551128,65.0,0.0,0.0,,2025.08.20
8744c3b69ffffff,3,380900.0,189.42307692307693,83.0,-9000.0,-2.308284175429597,,2025.08.20
8744c3b6bffffff,17,989000.0,280.3030303030303,336.0,-40000.0,-3.3333333333333335,,2025.08.20
8744c5200ffffff,7,149900.0,108.3092485549133,113.0,0.0,0.0,,2025.08.20
8744c5204ffffff,1,80000.0,102.04081632653062,609.0,-15000.0,-15.789473684210526,,2025.08.20
8744c5205ffffff,3,300000.0,147.34774066797644,299.0,0.0,0.0,,2025.08.20
8744c5210ffffff,1,305000.0,123.73225152129818,831.0,5000.0,1.6666666666666667,,2025.08.20
8744c5213ffffff,1,349999.0,147.30597643097644,209.0,-29001.0,-7.651978891820581,,2025.08.20
8744c5223ffffff,1,510900.0,156.42988364972445,285.0,-39000.0,-7.092198581560284,,2025.08.20
8744c5225ffffff,1,2500000.0,1240.6947890818858,253.0,0.0,0.0,,2025.08.20
8744c522affffff,2,785000.0,218.85320227397625,61.5,0.0,0.0,,2025.08.20
8744c522effffff,1,247000.0,165.2173913043478,84.0,0.0,0.0,,2025.08.20
8744c5245ffffff,1,629000.0,376.1961722488038,28.0,0.0,0.0,,2025.08.20
8744c524dffffff,2,769950.0,206.0,196.0,-5000.0,-1.4289797084881395,,2025.08.20
8744c5250ffffff,2,192000.0,100.78796528991842,2039.5,57750.0,349.7027027027027,,2025.08.20
8744c5259ffffff,1,334900.0,183.0054644808743,86.0,-10000.0,-2.8993911278631486,,2025.08.20
8744c525affffff,1,225000.0,156.25,43.0,0.0,0.0,,2025.08.20
8744c525bffffff,2,603000.0,264.62573099415204,1400.5,85000.0,56.666666666666664,,2025.08.20
8744c525dffffff,5,369900.0,192.05607476635515,49.0,0.0,0.0,,2025.08.20
8744c5262ffffff,1,60000.0,64.1025641025641,2592.0,2001.0,3.4500594837842034,,2025.08.20
8744c5265ffffff,1,3000000.0,384.22131147540983,4964.0,1000000.0,50.0,,2025.08.20
8744c5266ffffff,5,299900.0,97.85932721712538,448.0,-50000.0,-11.389521640091116,,2025.08.20
8744c526affffff,1,214900.0,137.05357142857142,75.0,-10100.0,-4.488888888888889,,2025.08.20
8744c5272ffffff,1,565000.0,176.06731068868805,33.0,0.0,0.0,,2025.08.20
8744c5282ffffff,1,699999.0,255.94113345521023,51.0,-50001.0,-6.6668,,2025.08.20
8744c5285ffffff,1,250000.0,211.50592216582064,194.0,115100.0,85.32246108228317,,2025.08.20
8744c5286ffffff,1,389000.0,225.5072463768116,120.0,-36000.0,-8.470588235294118,,2025.08.20
8744c5289ffffff,1,195000.0,176.6304347826087,256.0,-5000.0,-2.5,,2025.08.20
8744c528bffffff,4,279500.0,158.36948478153622,168.0,-25000.0,-7.489501695292089,,2025.08.20
8744c5290ffffff,1,260000.0,141.68937329700273,63.0,-15000.0,-5.454545454545454,,2025.08.20
8744c5291ffffff,1,195000.0,162.5,61.0,-5000.0,-2.5,,2025.08.20
8744c5292ffffff,3,195000.0,174.7311827956989,110.0,-14900.0,-6.800000000000001,,2025.08.20
8744c5293ffffff,1,199900.0,144.22799422799423,272.0,-25100.0,-11.155555555555557,,2025.08.20
8744c5295ffffff,2,338500.0,188.76357560568087,2909.0,74500.0,95.51282051282051,,2025.08.20
8744c529effffff,1,399900.0,128.91682785299807,36.0,0.0,0.0,,2025.08.20
8744c52abffffff,1,375000.0,179.0830945558739,15.0,0.0,0.0,,2025.08.20
8744c52adffffff,3,410000.0,172.01283079390538,104.0,-9100.0,-2.4266666666666667,,2025.08.20
8744c52aeffffff,1,599000.0,411.4010989010989,96.0,-51000.0,-7.846153846153846,,2025.08.20
8744c52c0ffffff,1,240000.0,151.8987341772152,49.0,0.0,0.0,,2025.08.20
8744c52ccffffff,1,265000.0,152.9140219272937,61.0,-10000.0,-3.6363636363636362,,2025.08.20
8744c52d1ffffff,1,350000.0,214.59227467811158,397.0,-69000.0,-16.467780429594274,,2025.08.20
8744c52d2ffffff,1,899000.0,207.57330870468715,1654.0,49000.0,5.764705882352941,,2025.08.20
8744c52d3ffffff,2,439950.0,184.98517558490528,125.0,5000.0,0.9345794392523363,,2025.08.20
8744c52d6ffffff,1,340000.0,230.35230352303523,33.0,-10000.0,-2.857142857142857,,2025.08.20
8744c52daffffff,2,709900.0,205.8940482412632,469.0,275900.0,130.40098800282288,,2025.08.20
8744c52deffffff,1,399000.0,244.03669724770643,302.0,39100.0,10.864128924701307,,2025.08.20
8744c52eaffffff,1,350000.0,219.98742928975486,57.0,0.0,0.0,,2025.08.20
8744c52ebffffff,3,289900.0,168.05797101449275,275.0,-25100.0,-7.968253968253968,,2025.08.20
8744c52eeffffff,1,999900.0,384.5769230769231,67.0,-200100.0,-16.675,,2025.08.20
8744c52f5ffffff,1,629914.0,202.60984239305242,361.0,0.0,0.0,,2025.08.20
8744c5300ffffff,4,154000.0,114.63545261099608,631.5,56250.0,118.42105263157893,,2025.08.20
8744c5301ffffff,8,167000.0,109.2072940287226,43.5,0.0,0.0,,2025.08.20
8744c5302ffffff,1,425000.0,141.52514152514152,1117.0,425000.0,inf,,2025.08.20
8744c5303ffffff,7,147000.0,80.24017467248909,309.0,-10000.0,-9.714285714285714,,2025.08.20
8744c5309ffffff,1,399000.0,183.0275229357798,1043.0,-100000.0,-20.04008016032064,,2025.08.20
8744c530dffffff,3,209000.0,139.33333333333334,173.0,69100.0,49.39242315939957,,2025.08.20
8744c5319ffffff,1,445000.0,180.96787311915412,47.0,0.0,0.0,,2025.08.20
8744c531dffffff,1,299500.0,213.92857142857142,75.0,0.0,0.0,,2025.08.20
8744c5351ffffff,3,245000.0,216.63563004345127,37.0,0.0,0.0,,2025.08.20
8744c535effffff,1,620000.0,173.37807606263982,61.0,-20000.0,-3.125,,2025.08.20
8744c5361ffffff,1,1274900.0,264.44721012238125,163.0,0.0,0.0,,2025.08.20
8744c5366ffffff,1,269999.0,175.32402597402597,98.0,0.0,0.0,,2025.08.20
8744c5370ffffff,1,210000.0,163.04347826086956,78.0,10000.0,5.0,,2025.08.20
8744c5641ffffff,3,265000.0,205.11126564673157,97.0,0.0,0.0,,2025.08.20
8744c5649ffffff,1,539900.0,234.7391304347826,20.0,0.0,0.0,,2025.08.20
8744c564affffff,1,899000.0,177.59778743579614,4608.0,349000.0,63.45454545454545,,2025.08.20
8744c564bffffff,2,747500.0,264.8907629280544,493.5,11250.0,2.307692307692308,,2025.08.20
8744c564dffffff,2,562125.0,231.96924603174602,165.5,-38000.0,-6.08,,2025.08.20
8744c5661ffffff,2,417450.0,170.56881611471192,1795.5,69950.0,314.8463203463204,,2025.08.20
8744c5663ffffff,1,415000.0,174.58981909970552,61.0,0.0,0.0,,2025.08.20
8744c5668ffffff,1,535000.0,152.85714285714286,1168.0,-30000.0,-5.3097345132743365,,2025.08.20
8744c566cffffff,4,599450.0,254.96072743745614,243.0,-37550.0,-8.684933649346117,,2025.08.20
8744c566dffffff,1,650000.0,320.5128205128205,355.0,-149000.0,-18.64831038798498,,2025.08.20
8744c5acbffffff,1,574000.0,206.32638389647735,41.0,0.0,0.0,,2025.08.20
8744cc020ffffff,1,799000.0,229.07110091743118,174.0,-89000.0,-10.022522522522523,,2025.08.20
8744cc026ffffff,12,317400.0,173.9846144382969,71.5,0.0,0.0,,2025.08.20
8744cc030ffffff,3,384000.0,166.9294990723562,315.0,60000.0,15.793629902605948,,2025.08.20
8744cc032ffffff,4,340000.0,163.70899754205982,706.0,73599.5,28.962015083677098,,2025.08.20
8744cc034ffffff,9,350000.0,149.90006662225184,178.0,0.0,0.0,,2025.08.20
8744cc035ffffff,7,334900.0,148.87725280077936,56.0,-175.0,-0.05238344683080147,,2025.08.20
8744cc036ffffff,14,284950.0,174.16584903192046,52.0,0.0,0.0,,2025.08.20
8744cc101ffffff,1,625000.0,266.6382252559727,16.0,0.0,0.0,,2025.08.20
8744cc103ffffff,1,374900.0,172.20946256316032,3589.0,248560.0,196.7389583663131,,2025.08.20
8744cc106ffffff,1,975000.0,336.09100310237847,75.0,0.0,0.0,,2025.08.20
8744cc110ffffff,1,955000.0,159.16666666666666,3410.0,892500.0,1428.0,,2025.08.20
8744cc111ffffff,1,725000.0,112.45540561501474,111.0,0.0,0.0,,2025.08.20
8744cc112ffffff,1,1475000.0,377.43091095189357,43.0,0.0,0.0,,2025.08.20
8744cc119ffffff,1,694900.0,269.75931677018633,17.0,0.0,0.0,,2025.08.20
8744cc11bffffff,2,413950.0,187.02639066219007,1938.5,107700.0,124.08571428571429,,2025.08.20
8744cc130ffffff,2,740000.0,196.90991685073453,53.0,-50000.0,-4.0,,2025.08.20
8744cc132ffffff,2,284450.0,208.9433099948037,92.0,-8000.0,-2.7055754531689904,,2025.08.20
8744cc134ffffff,1,515000.0,143.61405465699943,292.0,-35000.0,-6.363636363636363,,2025.08.20
8744cc135ffffff,3,674900.0,242.59525521207763,383.0,-75000.0,-10.32258064516129,,2025.08.20
8744cc136ffffff,1,289000.0,284.4488188976378,461.0,-50000.0,-14.749262536873156,,2025.08.20
8744cc182ffffff,1,242350.0,161.56666666666666,156.0,-32650.0,-11.872727272727273,,2025.08.20
8744cc183ffffff,1,1699900.0,566.6333333333333,88.0,0.0,0.0,,2025.08.20
8744cc184ffffff,1,265000.0,163.58024691358025,134.0,-20000.0,-7.017543859649122,,2025.08.20
8744cc188ffffff,2,810000.0,239.81715447006422,352.5,-115000.0,-9.935897435897436,,2025.08.20
8744cc189ffffff,4,457450.0,150.3100730927364,413.5,19706.0,4.686459542246152,,2025.08.20
8744cc18dffffff,1,335000.0,187.78026905829597,18.0,0.0,0.0,,2025.08.20
8744cc18effffff,1,650000.0,157.76699029126215,19.0,0.0,0.0,,2025.08.20
8744cc194ffffff,1,750000.0,154.44810543657331,75.0,-50000.0,-6.25,,2025.08.20
8744cc195ffffff,1,1200000.0,316.1222339304531,90.0,85000.0,7.623318385650224,,2025.08.20
8744cc199ffffff,1,549900.0,274.95,216.0,-25100.0,-4.3652173913043475,,2025.08.20
8744cc19dffffff,1,425000.0,369.5652173913044,93.0,0.0,0.0,,2025.08.20
8744cc1a0ffffff,1,549900.0,132.50602409638554,3379.0,270000.0,96.46302250803859,,2025.08.20
8744cc1a1ffffff,1,330000.0,190.0921658986175,3676.0,180100.0,120.14676450967312,,2025.08.20
8744cc1a2ffffff,4,214900.0,176.73730842911877,93.0,-4550.0,-3.053691275167785,,2025.08.20
8744cc1a3ffffff,1,210000.0,156.25,11.0,0.0,0.0,,2025.08.20
8744cc1a4ffffff,4,477400.0,211.73048825263922,129.0,-5000.0,-0.9092562284051645,,2025.08.20
8744cc1a5ffffff,10,547950.0,197.3086260920089,135.0,-5900.0,-1.223688903066896,,2025.08.20
8744cc1a6ffffff,3,790000.0,175.4496026767043,353.0,0.0,0.0,,2025.08.20
8744cc1a8ffffff,3,335000.0,173.31444759206798,41.0,0.0,0.0,,2025.08.20
8744cc1a9ffffff,7,270000.0,155.9817945383615,163.0,0.0,0.0,,2025.08.20
8744cc1abffffff,2,142500.0,106.90172543135785,772.5,-117000.0,-52.34113712374582,,2025.08.20
8744cc1acffffff,4,517400.0,142.18511952014808,49.0,0.0,0.0,,2025.08.20
8744cc1adffffff,1,300000.0,234.7417840375587,1079.0,300000.0,inf,,2025.08.20
8744cc1aeffffff,2,324999.5,142.49166487993136,76.0,0.0,0.0,,2025.08.20
8744cc1b1ffffff,1,339900.0,133.8188976377953,436.0,-60000.0,-15.003750937734434,,2025.08.20
8744cc1b3ffffff,1,999999.0,361.79413892908826,201.0,-900001.0,-47.36847368421053,,2025.08.20
8744cc1b4ffffff,13,498999.0,178.9568345323741,337.0,-3501.0,-0.6212954747116237,1.0,2025.08.20
8744cc1b5ffffff,5,300000.0,195.11002444987776,34.0,0.0,0.0,,2025.08.20
8744cc400ffffff,5,325000.0,297.3790322580645,75.0,-21000.0,-6.431705743170574,,2025.08.20
8744cc402ffffff,4,314900.0,207.93402777777777,421.0,137500.0,inf,,2025.08.20
8744cc403ffffff,3,360000.0,219.2448233861145,883.0,31445.0,9.570695926100653,,2025.08.20
8744cc409ffffff,4,612500.0,270.62781403349015,10.0,0.0,0.0,,2025.08.20
8744cc40affffff,1,999999.0,239.2342105263158,3694.0,304999.0,43.88474820143885,,2025.08.20
8744cc40bffffff,1,1975000.0,228.5350613283962,4381.0,575100.0,41.08150582184442,,2025.08.20
8744cc40cffffff,6,804500.0,253.12706025167557,156.5,-19950.5,-2.6613285384224517,,2025.08.20
8744cc40dffffff,1,849900.0,279.021667760998,54.0,-25100.0,-2.8685714285714288,,2025.08.20
8744cc40effffff,2,1137500.0,262.9553374308797,2205.0,413000.0,64.24135939154712,,2025.08.20
8744cc410ffffff,5,529999.0,305.0169491525424,105.0,0.0,0.0,,2025.08.20
8744cc411ffffff,3,435000.0,240.59734513274336,75.0,0.0,0.0,,2025.08.20
8744cc412ffffff,6,379400.0,198.34090839547835,87.0,-12550.0,-3.2315543277028427,,2025.08.20
8744cc413ffffff,7,470000.0,269.804822043628,104.0,-9801.0,-2.086206896551724,,2025.08.20
8744cc419ffffff,2,423450.0,163.09795947488584,699.5,209950.0,inf,,2025.08.20
8744cc41affffff,2,364950.0,247.3476484647001,13.5,0.0,0.0,,2025.08.20
8744cc41cffffff,1,799000.0,269.3863789615644,91.0,0.0,0.0,,2025.08.20
8744cc41dffffff,2,1062500.0,263.14449179158953,3767.5,619750.0,160.27077497665735,,2025.08.20
8744cc422ffffff,1,1095000.0,378.7616741611899,69.0,0.0,0.0,,2025.08.20
8744cc424ffffff,2,734500.0,208.45917225950785,3602.5,265500.0,52.12328767123287,,2025.08.20
8744cc429ffffff,1,495000.0,253.84615384615384,194.0,-64000.0,-11.449016100178891,,2025.08.20
8744cc42affffff,7,499500.0,214.10609037328095,154.0,0.0,0.0,,2025.08.20
8744cc42bffffff,1,300000.0,81.16883116883118,548.0,-89000.0,-22.87917737789203,,2025.08.20
8744cc42dffffff,1,705000.0,214.4160583941606,131.0,-10000.0,-1.3986013986013985,,2025.08.20
8744cc430ffffff,1,450000.0,468.75,55.0,0.0,0.0,,2025.08.20
8744cc433ffffff,1,949900.0,316.6333333333333,76.0,0.0,0.0,,2025.08.20
8744cc434ffffff,4,696500.0,227.09149686520377,51.5,-24450.0,-3.227000225788259,,2025.08.20
8744cc435ffffff,2,310450.0,249.70735785953178,79.0,3000.0,0.9132197504988434,,2025.08.20
8744cc436ffffff,2,1299950.0,268.10272441724675,923.5,594950.0,214.88936170212767,,2025.08.20
8744cc444ffffff,1,617500.0,771.875,33.0,0.0,0.0,,2025.08.20
8744cc445ffffff,1,799000.0,326.3888888888889,455.0,-751000.0,-48.45161290322581,,2025.08.20
8744cc446ffffff,1,285000.0,239.8989898989899,26.0,35000.0,14.000000000000002,,2025.08.20
8744cc450ffffff,3,825000.0,212.30056613484302,301.0,-75000.0,-8.333333333333332,,2025.08.20
8744cc451ffffff,1,889000.0,240.9867172675522,55.0,0.0,0.0,,2025.08.20
8744cc452ffffff,4,442900.0,317.6170964660936,174.0,-22050.0,-4.752155172413794,,2025.08.20
8744cc454ffffff,1,629000.0,167.95727636849134,159.0,-20000.0,-3.0816640986132513,,2025.08.20
8744cc455ffffff,1,569900.0,293.15843621399176,97.0,0.0,0.0,,2025.08.20
8744cc45effffff,1,750000.0,346.1005999077065,56.0,0.0,0.0,,2025.08.20
8744cc462ffffff,1,400000.0,202.42914979757086,111.0,0.0,0.0,,2025.08.20
8744cc466ffffff,4,379950.0,253.28253166218255,63.5,0.0,0.0,,2025.08.20
8744cc471ffffff,2,368500.0,211.69907753677387,60.0,0.0,0.0,,2025.08.20
8744cc473ffffff,1,659900.0,260.93317516805064,231.0,-15100.0,-2.237037037037037,,2025.08.20
8744cc474ffffff,2,659950.0,542.9280397022333,370.0,-165000.0,-18.301875468867216,,2025.08.20
8744cc476ffffff,1,750000.0,311.2033195020747,245.0,-25000.0,-3.225806451612903,,2025.08.20
8744cc480ffffff,1,420000.0,125.22361359570662,40.0,0.0,0.0,,2025.08.20
8744cc482ffffff,1,2650000.0,222.97013041649137,91.0,-200000.0,-7.017543859649122,,2025.08.20
8744cc485ffffff,1,370000.0,214.7417295414974,265.0,0.0,0.0,,2025.08.20
8744cc486ffffff,1,415000.0,193.92523364485982,408.0,175000.0,72.91666666666666,,2025.08.20
8744cc488ffffff,30,512500.0,221.35621182373472,177.5,0.0,0.0,,2025.08.20
8744cc489ffffff,4,400000.0,188.91814117662324,278.5,-7500.0,-1.6666666666666667,,2025.08.20
8744cc48affffff,5,434900.0,202.43188471065076,381.0,-15000.0,-5.466970387243736,1.0,2025.08.20
8744cc48bffffff,9,790000.0,205.54165176975332,866.0,-5000.0,-0.628930817610063,,2025.08.20
8744cc48cffffff,5,499999.0,161.29,283.0,-25001.0,-4.762095238095238,,2025.08.20
8744cc48dffffff,4,1089700.0,276.6467963621785,859.5,12150.0,-1.4428571428571428,,2025.08.20
8744cc48effffff,7,385000.0,245.06683640992998,262.0,-20000.0,-3.642987249544627,,2025.08.20
8744cc491ffffff,12,690000.0,270.7808564231738,180.0,0.0,0.0,,2025.08.20
8744cc493ffffff,2,280000.0,196.55626568899459,161.0,0.0,0.0,,2025.08.20
8744cc495ffffff,1,919900.0,204.5131169408626,28.0,-20000.0,-2.127885945313331,,2025.08.20
8744cc496ffffff,1,795000.0,519.6078431372549,800.0,660000.0,488.8888888888889,,2025.08.20
8744cc498ffffff,1,597000.0,282.67045454545456,1070.0,597000.0,inf,,2025.08.20
8744cc49cffffff,12,437500.0,220.91640059575354,149.5,-12500.0,-1.5644555694618274,,2025.08.20
8744cc49dffffff,3,630000.0,198.15968289920724,73.0,-20000.0,-4.546487838145033,,2025.08.20
8744cc4a0ffffff,3,399000.0,206.89605911330048,357.0,-4000.0,-1.21580547112462,,2025.08.20
8744cc4a1ffffff,2,402450.0,222.86755923446572,138.5,-7550.0,-1.8195745946749962,,2025.08.20
8744cc4a2ffffff,1,350000.0,246.30541871921181,168.0,-30000.0,-7.894736842105263,,2025.08.20
8744cc4a4ffffff,8,477500.0,221.97885391695178,70.0,0.0,0.0,,2025.08.20
8744cc4a5ffffff,3,445000.0,173.35410985586287,37.0,0.0,0.0,,2025.08.20
8744cc4a8ffffff,2,428950.0,188.43525766470972,725.0,21950.0,8.961410018552876,,2025.08.20
8744cc4a9ffffff,9,300000.0,166.66666666666666,67.0,0.0,0.0,,2025.08.20
8744cc4abffffff,1,395000.0,198.69215291750504,768.0,-55000.0,-12.222222222222221,,2025.08.20
8744cc4acffffff,2,617400.0,259.4210552729212,186.5,-12500.0,-1.6449532833267535,,2025.08.20
8744cc4adffffff,1,499900.0,182.44525547445255,5688.0,300000.0,150.07503751875936,,2025.08.20
8744cc4aeffffff,2,524500.0,334.130299785441,167.5,-37950.0,-7.119139892486561,,2025.08.20
8744cc4b0ffffff,1,699000.0,131.7128321085359,3673.0,346500.0,98.29787234042553,,2025.08.20
8744cc4b1ffffff,17,650000.0,244.95322501230922,180.0,0.0,0.0,,2025.08.20
8744cc4b2ffffff,3,280000.0,201.46520146520146,142.0,-40000.0,-10.81081081081081,,2025.08.20
8744cc4b5ffffff,1,899999.0,162.161981981982,243.0,-499001.0,-35.66840600428878,,2025.08.20
8744cc4c4ffffff,1,725000.0,191.59619450317123,4796.0,444650.0,158.60531478509006,,2025.08.20
8744cc4c6ffffff,1,625000.0,266.6382252559727,315.0,26000.0,4.340567612687813,,2025.08.20
8744cc4d5ffffff,2,1023950.0,202.455025784665,491.5,-201050.0,-14.723174603174602,,2025.08.20
8744cc4e1ffffff,1,439900.0,222.62145748987854,41.0,-10000.0,-2.222716159146477,,2025.08.20
8744cc4e2ffffff,6,463750.0,210.1600741656366,81.0,-17450.0,-4.713114754098361,,2025.08.20
8744cc4e3ffffff,2,984500.0,304.2620720713145,85.0,-140499.5,-14.04996404996405,,2025.08.20
8744cc4e4ffffff,11,645000.0,270.7808564231738,44.0,0.0,0.0,,2025.08.20
8744cc4e5ffffff,4,275000.0,152.48173772997313,89.5,-19900.0,-4.991816693944354,,2025.08.20
8744cc4e6ffffff,3,300000.0,164.83516483516485,75.0,-10000.0,-4.0,,2025.08.20
8744cc4ecffffff,1,1440000.0,614.3344709897611,197.0,-240000.0,-14.285714285714285,,2025.08.20
8744cc4eeffffff,2,1112500.0,281.0457516339869,81.0,-10000.0,-1.680672268907563,,2025.08.20
8744cc4f0ffffff,4,397950.0,236.86191700330517,105.0,-30050.0,-6.469473684210526,,2025.08.20
8744cc4f1ffffff,2,524950.0,219.22499717442287,110.5,-17500.0,-3.6988670297638677,,2025.08.20
8744cc4f3ffffff,1,994900.0,285.89080459770116,317.0,-254100.0,-20.34427542033627,,2025.08.20
8744cc4f4ffffff,6,412850.0,258.270807549505,261.0,0.0,0.0,,2025.08.20
8744cc4f5ffffff,13,325000.0,182.75848862881574,72.0,0.0,0.0,,2025.08.20
8744cc4f6ffffff,2,444950.0,204.8886277143497,625.0,30000.0,5.556584552694944,,2025.08.20
8744cc502ffffff,12,534450.0,214.97406871133342,118.5,-14500.0,-2.5695141852874714,,2025.08.20
8744cc503ffffff,9,749000.0,283.14238952536823,271.0,-47070.0,-5.636363636363637,,2025.08.20
8744cc504ffffff,4,755000.0,225.05040856773428,2411.5,240050.0,63.2661700195479,,2025.08.20
8744cc508ffffff,2,697499.5,181.91059329075154,152.0,-52500.5,-7.000066666666667,,2025.08.20
8744cc509ffffff,22,522450.0,257.24345834726114,195.0,0.0,0.0,,2025.08.20
8744cc50affffff,10,774900.0,246.72241077183372,84.0,0.0,0.0,,2025.08.20
8744cc50bffffff,2,1449500.0,285.4309437575015,196.0,154500.0,6.927035093135741,,2025.08.20
8744cc50cffffff,1,950000.0,208.1507449605609,1671.0,450100.0,90.0380076015203,,2025.08.20
8744cc50dffffff,11,1069900.0,342.88194444444446,251.0,95000.0,9.744589188634732,,2025.08.20
8744cc50effffff,2,678450.0,210.59492738539382,107.5,-74050.0,-8.585195936139332,,2025.08.20
8744cc510ffffff,4,384900.0,255.17420133452623,29.0,0.0,0.0,,2025.08.20
8744cc511ffffff,9,315000.0,189.00555898702902,162.0,0.0,0.0,1.0,2025.08.20
8744cc512ffffff,8,392400.0,199.1416026362978,272.5,0.0,0.0,,2025.08.20
8744cc513ffffff,11,524500.0,234.73282442748092,63.0,0.0,0.0,,2025.08.20
8744cc514ffffff,11,399000.0,180.91242789722077,110.0,0.0,0.0,,2025.08.20
8744cc515ffffff,12,452000.0,256.0517625207167,328.5,0.0,0.0,,2025.08.20
8744cc516ffffff,3,890000.0,251.11441307578008,165.0,0.0,0.0,1.0,2025.08.20
8744cc518ffffff,4,832450.0,282.6081347986831,134.0,-17500.0,-3.1818181818181817,,2025.08.20
8744cc519ffffff,4,677420.0,254.58120437956205,304.0,-32500.0,-7.889831877430819,,2025.08.20
8744cc51affffff,7,669500.0,190.86973632428177,113.0,-10000.0,-1.282215668675471,,2025.08.20
8744cc51bffffff,1,1199900.0,167.21014492753622,100.0,0.0,0.0,,2025.08.20
8744cc51cffffff,9,825000.0,265.625,77.0,0.0,0.0,,2025.08.20
8744cc51effffff,47,599900.0,225.38742690058479,149.0,-5.0,-0.001081081081081081,,2025.08.20
8744cc520ffffff,3,700000.0,273.01092043681746,27.0,-25000.0,-2.7777777777777777,,2025.08.20
8744cc521ffffff,3,799900.0,252.98582995951418,42.0,0.0,0.0,,2025.08.20
8744cc522ffffff,10,577500.0,162.3793370808296,100.0,0.0,0.0,1.0,2025.08.20
8744cc524ffffff,4,531995.0,154.41970852418615,51.0,-5250.0,-0.7394366197183099,,2025.08.20
8744cc525ffffff,4,562500.0,185.2409148553069,175.5,-5000.0,-1.0640561821664185,,2025.08.20
8744cc526ffffff,20,650000.0,185.4277377136194,157.0,-15000.0,-2.021132897603486,,2025.08.20
8744cc52bffffff,6,602900.0,351.13570180547464,54.0,5000.0,0.8162826941596111,,2025.08.20
8744cc52cffffff,4,1387500.0,295.8368088594426,369.5,103050.0,38.32279657865377,,2025.08.20
8744cc530ffffff,12,402450.0,208.4190221537161,122.5,0.0,0.0,,2025.08.20
8744cc531ffffff,25,520000.0,205.96313697144922,84.0,0.0,0.0,2.0,2025.08.20
8744cc532ffffff,3,958000.0,241.42765169805247,16.0,0.0,0.0,,2025.08.20
8744cc533ffffff,10,376950.0,198.42616545429473,98.5,-3000.0,-0.7896814951302974,,2025.08.20
8744cc534ffffff,27,379900.0,193.34719334719335,65.0,0.0,0.0,,2025.08.20
8744cc535ffffff,12,594000.0,180.39713803960188,124.5,0.0,0.0,,2025.08.20
8744cc536ffffff,14,589945.0,215.78537853326117,113.0,-24640.0,-2.685010642076417,1.0,2025.08.20
8744cc543ffffff,1,1250000.0,375.37537537537537,34.0,0.0,0.0,,2025.08.20
8744cc544ffffff,1,525000.0,238.8535031847134,5319.0,345100.0,191.82879377431908,,2025.08.20
8744cc550ffffff,2,2347400.0,428.5203521447264,992.0,1209950.0,76.62375849611169,,2025.08.20
8744cc552ffffff,1,265000.0,128.76579203109816,227.0,-35000.0,-11.666666666666666,,2025.08.20
8744cc554ffffff,9,568900.0,265.4314159292035,69.0,0.0,0.0,,2025.08.20
8744cc556ffffff,1,6449000.0,1796.3788300835654,459.0,-301000.0,-4.45925925925926,,2025.08.20
8744cc558ffffff,1,370000.0,240.88541666666666,307.0,-69000.0,-15.717539863325742,,2025.08.20
8744cc559ffffff,2,482000.0,285.6972810012375,246.0,-155400.0,-19.452288492171046,,2025.08.20
8744cc560ffffff,6,482500.0,180.64993439433528,188.5,0.0,0.0,,2025.08.20
8744cc561ffffff,5,739900.0,259.2385953396784,201.0,0.0,0.0,1.0,2025.08.20
8744cc562ffffff,1,780000.0,167.74193548387098,5671.0,695100.0,818.7279151943462,,2025.08.20
8744cc563ffffff,3,849900.0,257.15582450832073,64.0,0.0,0.0,,2025.08.20
8744cc565ffffff,7,445900.0,196.08619173262971,107.0,-10000.0,-2.1934634788330776,,2025.08.20
8744cc569ffffff,1,819900.0,387.6595744680851,119.0,-30000.0,-3.5298270384751147,,2025.08.20
8744cc56cffffff,1,435000.0,247.1590909090909,126.0,-14900.0,-3.3118470771282507,,2025.08.20
8744cc56dffffff,1,315000.0,233.33333333333334,43.0,-10000.0,-3.076923076923077,,2025.08.20
8744cc570ffffff,2,582499.5,165.3140116384797,92.5,-17500.5,-2.8696452173913043,,2025.08.20
8744cc571ffffff,2,519450.0,190.4388583631195,1810.0,183320.0,285.63461853111266,,2025.08.20
8744cc572ffffff,25,499999.0,214.27346763823402,164.0,0.0,0.0,,2025.08.20
8744cc573ffffff,2,1347500.0,287.3639533771234,166.0,-167500.0,-8.68522930315664,,2025.08.20
8744cc576ffffff,8,400400.0,215.40770609318997,159.0,3500.0,0.8976660682226212,,2025.08.20
8744cc583ffffff,3,725000.0,382.6530612244898,64.0,0.0,0.0,,2025.08.20
8744cc584ffffff,5,685000.0,241.27100387763895,44.0,0.0,0.0,,2025.08.20
8744cc586ffffff,1,799900.0,347.7826086956522,19.0,0.0,0.0,,2025.08.20
8744cc588ffffff,2,1696400.0,232.83117768444873,413.5,1028900.0,370.90522243713735,,2025.08.20
8744cc589ffffff,2,645000.0,303.26758064124067,199.0,-12500.0,-1.5625,,2025.08.20
8744cc58affffff,9,744900.0,227.7173913043478,379.0,0.0,0.0,,2025.08.20
8744cc58bffffff,1,515000.0,205.91763294682127,28.0,0.0,0.0,,2025.08.20
8744cc58cffffff,6,1100000.0,246.08163194303506,107.0,0.0,0.0,,2025.08.20
8744cc58effffff,15,549900.0,220.55882352941177,71.0,-100.0,-0.022222222222222223,,2025.08.20
8744cc590ffffff,1,450000.0,125.0,200.0,0.0,0.0,,2025.08.20
8744cc591ffffff,2,727500.0,137.32862055908916,4139.0,305500.0,62.47443762781187,,2025.08.20
8744cc592ffffff,3,499900.0,285.5771077395813,397.0,-35500.0,-9.726027397260275,,2025.08.20
8744cc594ffffff,9,700000.0,210.52631578947367,360.0,56000.0,9.195402298850574,,2025.08.20
8744cc595ffffff,1,350000.0,257.7319587628866,28.0,0.0,0.0,,2025.08.20
8744cc596ffffff,6,1544950.0,265.7414642011137,1207.5,116500.0,27.637566869742823,,2025.08.20
8744cc598ffffff,1,495000.0,265.7004830917874,24.0,0.0,0.0,,2025.08.20
8744cc599ffffff,1,775000.0,463.51674641148327,78.0,-15000.0,-1.89873417721519,,2025.08.20
8744cc59dffffff,6,607450.0,225.40704098898442,460.5,0.0,0.0,,2025.08.20
8744cc5a0ffffff,2,694950.0,190.88998953037157,241.0,-52500.0,-7.634082985912261,,2025.08.20
8744cc5a1ffffff,1,975000.0,193.1458003169572,1023.0,975000.0,inf,,2025.08.20
8744cc5a2ffffff,6,1137500.0,225.57653973600742,66.5,0.0,0.0,,2025.08.20
8744cc5a3ffffff,5,849900.0,260.4325468844525,43.0,0.0,0.0,,2025.08.20
8744cc5a5ffffff,11,649840.0,242.63959883532837,141.0,0.0,0.0,,2025.08.20
8744cc5a6ffffff,2,859950.0,213.3642027137075,1041.5,160050.0,33.35015152824987,,2025.08.20
8744cc5a8ffffff,2,354000.0,197.1979401641713,89.5,-1000.0,-0.3125,,2025.08.20
8744cc5a9ffffff,10,507500.0,170.72715844158006,183.0,-5000.0,-0.8928571428571428,,2025.08.20
8744cc5aaffffff,1,749900.0,255.15481456277647,70.0,-100.0,-0.013333333333333334,,2025.08.20
8744cc5abffffff,2,769187.5,275.11868132649,1038.5,120000.0,38.79248338323072,,2025.08.20
8744cc5acffffff,4,594650.0,237.57115804044355,171.0,0.0,0.0,,2025.08.20
8744cc5adffffff,12,434900.0,177.75629607590707,139.0,0.0,0.0,3.0,2025.08.20
8744cc5aeffffff,4,787500.0,217.58344432314993,235.5,-47500.0,-5.698679856243106,,2025.08.20
8744cc5b0ffffff,9,1350000.0,280.5524725613516,97.0,0.0,0.0,,2025.08.20
8744cc5b1ffffff,11,525000.0,188.801261829653,127.0,0.0,0.0,,2025.08.20
8744cc5b2ffffff,3,2190000.0,301.6528925619835,85.0,0.0,0.0,,2025.08.20
8744cc5b3ffffff,5,565000.0,275.7847533632287,118.0,0.0,0.0,,2025.08.20
8744cc5b4ffffff,9,975000.0,224.17503586800575,1268.0,0.0,0.0,,2025.08.20
8744cc5b5ffffff,14,706000.0,200.89100976223102,84.0,0.0,0.0,,2025.08.20
8744cc5b6ffffff,9,1290000.0,318.76172607879926,107.0,0.0,0.0,,2025.08.20
8744cc886ffffff,3,260000.0,140.22435897435898,58.0,0.0,0.0,,2025.08.20
8744cc890ffffff,2,654950.0,172.22407844409153,198.0,-80000.0,-11.11111111111111,,2025.08.20
8744cc892ffffff,5,295000.0,222.41231822070145,786.0,80100.0,31.42408787759906,,2025.08.20
8744cc894ffffff,1,565000.0,121.24463519313305,77.0,-10000.0,-1.7391304347826086,,2025.08.20
8744cc895ffffff,3,315000.0,147.7042538825118,188.0,0.0,0.0,,2025.08.20
8744cc898ffffff,1,529000.0,198.05316360913517,1485.0,79100.0,17.581684818848633,,2025.08.20
8744cc89dffffff,1,175000.0,120.1923076923077,17.0,-3000.0,-1.6853932584269662,,2025.08.20
8744cc8b2ffffff,1,324900.0,215.45092838196285,28.0,-10000.0,-2.9859659599880564,,2025.08.20
8744cc9b2ffffff,1,210000.0,168.53932584269663,21.0,0.0,0.0,,2025.08.20
8744cc9b6ffffff,2,334950.0,238.8455438296834,64.5,-5000.0,-1.4705882352941175,,2025.08.20
8744ccc00ffffff,21,1092500.0,308.4415584415584,144.0,0.0,0.0,,2025.08.20
8744ccc01ffffff,6,299999.5,207.06169737576772,143.0,-7550.0,-3.8959965984649108,,2025.08.20
8744ccc02ffffff,4,1950000.0,245.01668377160624,277.0,-126050.0,-10.504166666666666,,2025.08.20
8744ccc03ffffff,11,809900.0,199.15160457395794,109.0,0.0,0.0,,2025.08.20
8744ccc04ffffff,18,623250.0,155.54977255097214,139.0,0.0,0.0,,2025.08.20
8744ccc05ffffff,13,710000.0,171.82846932698035,98.0,0.0,0.0,,2025.08.20
8744ccc06ffffff,18,612450.0,231.58356487224012,131.0,-5000.0,-1.2195121951219512,1.0,2025.08.20
8744ccc08ffffff,2,534724.0,219.14609957669825,194.0,0.0,0.0,,2025.08.20
8744ccc09ffffff,12,524950.0,217.29915554451054,78.0,0.0,0.0,,2025.08.20
8744ccc0affffff,8,509631.5,223.09446453602467,85.5,0.0,0.0,,2025.08.20
8744ccc0dffffff,4,777450.0,232.37965875865132,728.0,777450.0,inf,,2025.08.20
8744ccc0effffff,1,1700000.0,225.55393392596523,51.0,0.0,0.0,,2025.08.20
8744ccc10ffffff,14,437400.0,257.6257213520198,196.5,0.0,0.0,,2025.08.20
8744ccc11ffffff,3,409900.0,226.9656699889258,33.0,0.0,0.0,,2025.08.20
8744ccc12ffffff,16,339950.0,226.4642976130982,99.5,0.0,0.0,1.0,2025.08.20
8744ccc13ffffff,12,341559.5,197.8691985143598,122.5,0.0,0.0,,2025.08.20
8744ccc14ffffff,10,397250.0,204.3566575962128,148.5,0.0,0.0,,2025.08.20
8744ccc16ffffff,14,422450.0,170.1469671726138,96.5,0.0,0.0,,2025.08.20
8744ccc18ffffff,7,249900.0,208.25,170.0,0.0,0.0,,2025.08.20
8744ccc19ffffff,3,1700000.0,400.7537688442211,317.0,0.0,0.0,,2025.08.20
8744ccc1affffff,11,210000.0,182.79139784946236,79.0,0.0,0.0,,2025.08.20
8744ccc1bffffff,1,269000.0,166.0493827160494,25.0,0.0,0.0,,2025.08.20
8744ccc1cffffff,1,575000.0,427.82738095238096,1824.0,-50000.0,-8.0,,2025.08.20
8744ccc1effffff,3,339000.0,170.33542976939202,62.0,-10000.0,-2.865329512893983,,2025.08.20
8744ccc20ffffff,18,487495.0,179.8932492571654,146.5,0.0,0.0,,2025.08.20
8744ccc21ffffff,9,475000.0,183.75494071146244,104.0,-30000.0,-5.825242718446602,,2025.08.20
8744ccc22ffffff,42,409995.0,180.56729280931393,122.0,-993.0,-0.22021107442158558,2.0,2025.08.20
8744ccc23ffffff,10,512499.5,156.14757885161902,911.0,70000.0,17.38854379742401,1.0,2025.08.20
8744ccc24ffffff,9,529900.0,165.50522648083623,235.0,-10000.0,-1.694915254237288,,2025.08.20
8744ccc25ffffff,16,448950.0,203.5160163007199,70.0,0.0,0.0,,2025.08.20
8744ccc26ffffff,9,355900.0,190.08264462809916,106.0,0.0,0.0,,2025.08.20
8744ccc28ffffff,1,2850000.0,472.40179015415214,3008.0,1550100.0,119.24763443341794,,2025.08.20
8744ccc29ffffff,16,432290.0,156.15136835867975,64.0,0.0,0.0,,2025.08.20
8744ccc2affffff,6,534950.0,171.61401197758698,2338.5,217999.5,80.56952565937436,,2025.08.20
8744ccc2bffffff,3,625000.0,228.93772893772893,125.0,-25000.0,-3.8461538461538463,,2025.08.20
8744ccc2cffffff,6,589450.0,278.4890597279716,201.5,-7999.5,-1.3987701829150898,1.0,2025.08.20
8744ccc2dffffff,1,682498.0,272.9992,166.0,-67502.0,-9.000266666666667,,2025.08.20
8744ccc2effffff,8,404945.0,173.90341999114565,191.5,0.0,0.0,,2025.08.20
8744ccc30ffffff,6,632450.0,140.4553843542249,166.5,-5000.0,-0.8198065256599443,,2025.08.20
8744ccc31ffffff,12,762500.0,220.41260849947162,96.5,-5000.0,-0.5159958720330238,,2025.08.20
8744ccc32ffffff,5,634998.0,179.89309210526315,75.0,-30099.0,-6.615179374020602,,2025.08.20
8744ccc33ffffff,26,403990.0,193.9369943673422,118.0,-10000.0,-2.4753087947721477,,2025.08.20
8744ccc34ffffff,34,677500.0,155.7012894230125,105.5,0.0,0.0,,2025.08.20
8744ccc35ffffff,15,425000.0,204.49846625766872,370.0,0.0,0.0,,2025.08.20
8744ccc36ffffff,23,585000.0,174.57542457542456,125.0,0.0,0.0,,2025.08.20
8744ccc40ffffff,3,750000.0,223.21428571428572,62.0,0.0,0.0,,2025.08.20
8744ccc41ffffff,1,320000.0,194.1747572815534,102.0,50000.0,18.51851851851852,,2025.08.20
8744ccc42ffffff,3,295000.0,216.3364334816013,69.0,0.0,0.0,,2025.08.20
8744ccc43ffffff,2,335750.0,178.8545918367347,570.5,186250.0,inf,,2025.08.20
8744ccc44ffffff,15,350000.0,162.68971332209105,96.0,0.0,0.0,,2025.08.20
8744ccc46ffffff,5,490000.0,180.39977790116603,1136.0,40100.0,8.913091798177373,,2025.08.20
8744ccc4affffff,11,399900.0,160.8713866778383,89.0,0.0,0.0,,2025.08.20
8744ccc4dffffff,3,315900.0,156.85203574975174,37.0,-4000.0,-1.2503907471084714,,2025.08.20
8744ccc4effffff,1,619900.0,192.9950186799502,1209.0,619900.0,inf,,2025.08.20
8744ccc50ffffff,12,344950.0,178.97406266050334,92.5,-10500.0,-2.7666688666710666,,2025.08.20
8744ccc51ffffff,25,229999.0,182.33333333333334,128.0,0.0,0.0,1.0,2025.08.20
8744ccc52ffffff,10,313950.0,173.42915671151164,130.0,-8500.0,-2.465811965811966,,2025.08.20
8744ccc53ffffff,14,252450.0,180.3684425392937,145.0,-10000.0,-3.8838612368024132,,2025.08.20
8744ccc54ffffff,14,480000.0,213.58344767435676,59.5,-14950.0,-4.106957406880076,,2025.08.20
8744ccc55ffffff,4,408700.0,165.2781675273211,82.5,-622.5,-0.15295488921091555,,2025.08.20
8744ccc56ffffff,6,279499.5,197.61478475372007,616.0,0.0,0.0,,2025.08.20
8744ccc58ffffff,6,355000.0,167.24789305434467,125.5,0.0,0.0,,2025.08.20
8744ccc59ffffff,8,237500.0,155.5084408345278,60.0,0.0,0.0,,2025.08.20
8744ccc5affffff,9,392000.0,191.7610710607621,128.0,0.0,0.0,,2025.08.20
8744ccc5bffffff,5,497900.0,211.892797319933,311.0,0.0,0.0,,2025.08.20
8744ccc5cffffff,4,320750.0,179.0505786369494,45.0,-2500.0,-0.9259259259259258,,2025.08.20
8744ccc5dffffff,13,360000.0,173.54596622889306,75.0,0.0,0.0,1.0,2025.08.20
8744ccc5effffff,15,259000.0,163.03583977512298,72.0,-2000.0,-0.8699434536755112,1.0,2025.08.20
8744ccc61ffffff,10,380490.0,135.5167442660972,161.0,-17500.0,-5.181701094261166,1.0,2025.08.20
8744ccc62ffffff,1,389900.0,125.08822585819698,348.0,-10000.0,-2.5006251562890722,,2025.08.20
8744ccc63ffffff,6,490000.0,199.83031674208144,80.5,0.0,0.0,,2025.08.20
8744ccc65ffffff,1,305000.0,224.59499263622976,42.0,0.0,0.0,,2025.08.20
8744ccc6dffffff,1,1100000.0,215.51724137931035,133.0,-100000.0,-8.333333333333332,,2025.08.20
8744ccc6effffff,2,1277400.0,241.86232207878186,70.5,-65050.0,-3.293670886075949,,2025.08.20
8744ccc70ffffff,5,415000.0,194.8356807511737,49.0,0.0,0.0,,2025.08.20
8744ccc71ffffff,7,350000.0,183.5373317013464,58.0,0.0,0.0,,2025.08.20
8744ccc72ffffff,6,494727.5,197.30313856141845,213.5,13000.0,3.430079155672823,,2025.08.20
8744ccc73ffffff,1,389000.0,121.5625,38.0,-12500.0,-3.1133250311332503,,2025.08.20
8744ccc74ffffff,2,397500.0,298.23120382442414,34.0,-15000.0,-3.0303030303030303,,2025.08.20
8744ccc75ffffff,3,295000.0,167.70892552586696,7.0,0.0,0.0,,2025.08.20
8744ccc76ffffff,19,512400.0,203.8701622971286,661.0,99100.0,15.986449427326988,,2025.08.20
8744ccc80ffffff,32,423495.0,200.29127264607723,62.0,0.0,0.0,1.0,2025.08.20
8744ccc81ffffff,23,450000.0,190.6222611744084,72.0,0.0,0.0,,2025.08.20
8744ccc82ffffff,23,529999.0,186.184565569347,78.0,0.0,0.0,,2025.08.20
8744ccc83ffffff,19,465000.0,194.21487603305786,97.0,0.0,0.0,,2025.08.20
8744ccc84ffffff,11,365000.0,216.71018276762402,860.0,180000.0,128.57142857142858,,2025.08.20
8744ccc85ffffff,13,400000.0,195.4477981197427,153.0,0.0,0.0,1.0,2025.08.20
8744ccc86ffffff,21,460000.0,207.09912699076784,125.0,0.0,0.0,,2025.08.20
8744ccc88ffffff,6,699450.0,223.13140863498637,156.5,0.0,0.0,,2025.08.20
8744ccc8affffff,6,420000.0,210.3571586598606,53.5,0.0,0.0,1.0,2025.08.20
8744ccc8cffffff,7,999900.0,371.7100371747212,516.0,0.0,0.0,,2025.08.20
8744ccc8effffff,21,434900.0,190.3153153153153,110.0,0.0,0.0,1.0,2025.08.20
8744ccc90ffffff,42,697450.0,311.1848676101832,138.5,0.0,0.0,,2025.08.20
8744ccc91ffffff,27,459900.0,208.1507449605609,126.0,0.0,0.0,1.0,2025.08.20
8744ccc92ffffff,16,427500.0,250.30585865069176,74.5,0.0,0.0,,2025.08.20
8744ccc93ffffff,20,562450.0,247.59703857889633,79.5,0.0,0.0,,2025.08.20
8744ccc94ffffff,14,380000.0,207.63350456372675,55.5,-4500.0,-1.1401972233034903,3.0,2025.08.20
8744ccc95ffffff,22,657500.0,264.60001974481224,119.5,-15750.0,-1.8183940242763772,,2025.08.20
8744ccc96ffffff,36,442250.0,228.94701521167718,90.0,0.0,0.0,,2025.08.20
8744ccc98ffffff,5,575000.0,183.61408882082696,36.0,0.0,0.0,,2025.08.20
8744ccc99ffffff,19,640000.0,201.05985037406484,120.0,0.0,0.0,1.0,2025.08.20
8744ccc9affffff,12,579950.0,179.77343692742718,126.0,0.0,0.0,,2025.08.20
8744ccc9bffffff,7,545000.0,197.8050025523226,132.0,0.0,0.0,,2025.08.20
8744ccc9cffffff,14,667000.0,165.32370539370004,177.0,0.0,0.0,,2025.08.20
8744ccc9dffffff,11,765000.0,187.32327992459943,91.0,0.0,0.0,,2025.08.20
8744ccc9effffff,9,420000.0,231.1435523114355,346.0,0.0,0.0,,2025.08.20
8744ccca0ffffff,27,359000.0,215.5083655083655,147.0,0.0,0.0,2.0,2025.08.20
8744ccca1ffffff,29,385000.0,188.6879925822902,153.0,0.0,0.0,,2025.08.20
8744ccca2ffffff,15,415500.0,217.2268907563025,102.0,0.0,0.0,1.0,2025.08.20
8744ccca3ffffff,31,410000.0,189.0359168241966,54.0,0.0,0.0,,2025.08.20
8744ccca4ffffff,24,400000.0,187.88429341357994,108.5,0.0,0.0,2.0,2025.08.20
8744ccca5ffffff,26,432500.0,185.5706168968017,63.0,0.0,0.0,,2025.08.20
8744ccca6ffffff,32,442649.0,212.7283918595371,115.0,0.0,0.0,,2025.08.20
8744ccca8ffffff,4,462450.0,225.08230564953254,82.0,97550.0,41.52830991911451,,2025.08.20
8744ccca9ffffff,3,800000.0,372.59615384615387,330.0,-50000.0,-5.88235294117647,,2025.08.20
8744cccaaffffff,4,374500.0,191.84952978056427,515.5,185000.0,inf,,2025.08.20
8744cccacffffff,3,439900.0,205.08158508158508,939.0,369900.0,inf,,2025.08.20
8744cccadffffff,5,384900.0,200.1929570670526,63.0,-5000.0,-1.2823800974608874,1.0,2025.08.20
8744cccaeffffff,24,397630.0,210.23240997229917,82.0,0.0,0.0,1.0,2025.08.20
8744cccb0ffffff,24,455000.0,216.56072135609998,58.0,0.0,0.0,2.0,2025.08.20
8744cccb1ffffff,26,477500.0,165.26464192444155,104.0,0.0,0.0,2.0,2025.08.20
8744cccb2ffffff,16,489988.0,234.24517350928642,79.5,0.0,0.0,,2025.08.20
8744cccb3ffffff,17,460000.0,191.3477537437604,76.0,-7000.0,-1.3592233009708738,,2025.08.20
8744cccb4ffffff,8,519950.0,213.97119341563786,140.0,0.0,0.0,,2025.08.20
8744cccb5ffffff,11,355900.0,205.26960784313727,198.0,0.0,0.0,1.0,2025.08.20
8744cccb6ffffff,13,470000.0,200.30816640986131,91.0,0.0,0.0,,2025.08.20
8744cccc0ffffff,1,499999.0,194.93138401559455,488.0,19999.0,4.166458333333333,,2025.08.20
8744cccc1ffffff,1,929999.0,153.51584681413007,365.0,0.0,0.0,,2025.08.20
8744cccc3ffffff,13,365000.0,220.8258527827648,208.0,0.0,0.0,,2025.08.20
8744cccc5ffffff,2,447000.0,212.94089609151573,231.5,-35450.0,-7.403288875316174,,2025.08.20
8744cccc6ffffff,1,239000.0,142.26190476190476,1132.0,49100.0,25.855713533438653,,2025.08.20
8744cccc8ffffff,3,285000.0,144.08493427704752,172.0,0.0,0.0,,2025.08.20
8744ccccdffffff,1,325000.0,362.7232142857143,105.0,0.0,0.0,,2025.08.20
8744cccd0ffffff,3,579000.0,369.26020408163265,112.0,0.0,0.0,,2025.08.20
8744cccd1ffffff,2,557000.0,192.3706313097182,749.0,274500.0,inf,,2025.08.20
8744cccd2ffffff,3,625000.0,252.7173913043478,34.0,0.0,0.0,,2025.08.20
8744cccd3ffffff,5,815000.0,230.67133312122175,64.0,0.0,0.0,,2025.08.20
8744cccd5ffffff,2,1125000.0,174.87028861507736,106.0,-50000.0,-4.166666666666666,,2025.08.20
8744cccd6ffffff,3,575000.0,332.7546296296296,300.0,-124900.0,-17.84540648664095,,2025.08.20
8744cccddffffff,1,399000.0,247.05882352941177,428.0,229100.0,134.84402589758682,,2025.08.20
8744ccce1ffffff,2,336000.0,165.4357459379616,1814.0,87000.0,53.37423312883436,,2025.08.20
8744ccce3ffffff,2,162500.0,142.5438596491228,475.0,-7499.5,-3.1248046866861943,,2025.08.20
8744ccce6ffffff,4,994450.0,235.10850378343682,330.5,279550.0,42.11538461538461,,2025.08.20
8744ccce8ffffff,5,375000.0,193.80053908355796,121.0,0.0,0.0,,2025.08.20
8744ccceaffffff,9,445000.0,198.67549668874173,84.0,0.0,0.0,,2025.08.20
8744cccebffffff,1,345000.0,226.6754270696452,89.0,0.0,0.0,,2025.08.20
8744cccecffffff,5,339990.0,150.8382229673093,154.0,0.0,0.0,,2025.08.20
8744cccedffffff,9,369000.0,168.5114503816794,56.0,-6000.0,-1.6,,2025.08.20
8744ccceeffffff,3,329000.0,245.2415812591508,22.0,0.0,0.0,,2025.08.20
8744cccf0ffffff,1,1185000.0,258.56425921885227,64.0,0.0,0.0,,2025.08.20
8744cccf1ffffff,1,449900.0,349.03025601241274,118.0,-30000.0,-6.251302354657221,,2025.08.20
8744cccf3ffffff,1,1179900.0,257.45145101461924,65.0,-5100.0,-0.43037974683544306,,2025.08.20
8744ccd00ffffff,38,349000.0,157.52578736840238,161.0,0.0,0.0,,2025.08.20
8744ccd01ffffff,2,274950.0,167.3537265707385,40.5,-5950.0,-3.1835205992509366,,2025.08.20
8744ccd02ffffff,26,443400.0,194.1841057822274,61.0,2000.0,0.47858339315625753,,2025.08.20
8744ccd03ffffff,14,485000.0,180.8852721711164,223.5,-5468.0,-1.1397772042802155,,2025.08.20
8744ccd04ffffff,8,426400.0,150.75260258151116,76.5,0.0,0.0,,2025.08.20
8744ccd05ffffff,23,279900.0,158.76470588235293,287.0,-100.0,-0.03333333333333333,,2025.08.20
8744ccd06ffffff,18,306950.0,169.6027713514323,152.5,-2050.0,-1.174785100286533,3.0,2025.08.20
8744ccd08ffffff,10,357500.0,169.59304465816376,229.5,9950.0,2.842857142857143,,2025.08.20
8744ccd09ffffff,1,289900.0,250.12942191544434,81.0,-10000.0,-3.334444814938313,,2025.08.20
8744ccd0affffff,20,399700.0,156.1032863849765,89.0,-2070.0,-0.47165339844273774,3.0,2025.08.20
8744ccd0bffffff,20,411445.0,169.5436071261896,97.5,-7660.0,-1.9747200245261047,,2025.08.20
8744ccd0cffffff,7,325000.0,206.40788662969808,63.0,0.0,0.0,,2025.08.20
8744ccd0dffffff,1,319900.0,196.0171568627451,795.0,319900.0,inf,,2025.08.20
8744ccd0effffff,19,420000.0,175.37647537647538,125.0,-10000.0,-1.9650708653680824,,2025.08.20
8744ccd10ffffff,15,445000.0,241.82412358882948,99.0,0.0,0.0,,2025.08.20
8744ccd11ffffff,13,384900.0,187.1101871101871,146.0,-5500.0,-1.0476190476190477,,2025.08.20
8744ccd12ffffff,7,649900.0,152.74151436031332,100.0,0.0,0.0,,2025.08.20
8744ccd13ffffff,9,315000.0,184.49559918754233,371.0,-27000.0,-5.2617959113258,2.0,2025.08.20
8744ccd14ffffff,2,399500.0,123.31063687351592,1205.0,184500.0,inf,,2025.08.20
8744ccd15ffffff,18,405000.0,185.55713004118581,162.0,-6000.0,-1.5803914395463692,,2025.08.20
8744ccd16ffffff,13,600000.0,165.03352243424445,286.0,-13000.0,-1.984732824427481,1.0,2025.08.20
8744ccd18ffffff,17,470000.0,161.74183514774495,107.0,-2500.0,-0.45454545454545453,,2025.08.20
8744ccd19ffffff,24,399945.0,176.9955985437157,165.5,0.0,0.0,1.0,2025.08.20
8744ccd1affffff,15,559900.0,175.56179775280899,80.0,-100.0,-0.011111111111111112,,2025.08.20
8744ccd1bffffff,9,515000.0,151.13350125944584,90.0,-20000.0,-2.797202797202797,1.0,2025.08.20
8744ccd1cffffff,11,449000.0,169.8069328652918,82.0,0.0,0.0,,2025.08.20
8744ccd1dffffff,14,334700.0,158.7691307641477,251.0,-4699.5,-0.9227389019024188,,2025.08.20
8744ccd1effffff,5,355000.0,177.13880014199503,30.0,0.0,0.0,1.0,2025.08.20
8744ccd20ffffff,16,336400.0,178.39601676559116,50.5,0.0,0.0,1.0,2025.08.20
8744ccd21ffffff,10,380000.0,163.21269913387133,76.0,0.0,0.0,,2025.08.20
8744ccd22ffffff,3,312000.0,137.7295492487479,94.0,-15001.0,-4.762222222222222,,2025.08.20
8744ccd23ffffff,15,398999.0,190.63893016344724,160.0,-11000.0,-3.0136986301369864,,2025.08.20
8744ccd24ffffff,10,398500.0,161.42849975631432,108.5,-1500.0,-0.35714285714285715,,2025.08.20
8744ccd25ffffff,15,337000.0,173.56572258533043,89.0,-9900.0,-2.666666666666667,,2025.08.20
8744ccd26ffffff,5,340000.0,183.96,960.0,100.0,0.02942041776993233,,2025.08.20
8744ccd28ffffff,7,279000.0,214.0734265734266,202.0,-10900.0,-3.7599172128320113,,2025.08.20
8744ccd2affffff,9,325000.0,205.0919377652051,172.0,-13000.0,-2.810810810810811,1.0,2025.08.20
8744ccd2bffffff,4,319450.0,169.7091531380507,108.0,-500.0,-0.15625,,2025.08.20
8744ccd2cffffff,6,244999.5,195.27239609206822,124.0,0.0,0.0,,2025.08.20
8744ccd2dffffff,5,350000.0,143.5947204968944,3730.0,199900.0,142.7857142857143,1.0,2025.08.20
8744ccd2effffff,15,312500.0,189.70380818053596,329.0,-7000.0,-2.0895522388059704,1.0,2025.08.20
8744ccd30ffffff,2,312500.0,146.7124030751608,45.0,-12000.0,-3.007518796992481,,2025.08.20
8744ccd31ffffff,8,352500.0,133.63278966395885,50.5,-5000.0,-1.36986301369863,,2025.08.20
8744ccd32ffffff,10,382000.0,206.2987317719081,265.0,0.0,0.0,1.0,2025.08.20
8744ccd33ffffff,13,325000.0,174.14403778040142,323.0,0.0,0.0,,2025.08.20
8744ccd34ffffff,3,369000.0,252.06232813932172,72.0,-14000.0,-4.844290657439446,,2025.08.20
8744ccd35ffffff,8,496000.0,185.5395908683384,83.0,24870.0,4.759966766246231,,2025.08.20
8744ccd36ffffff,6,319999.5,172.93738162878788,274.5,127449.5,inf,1.0,2025.08.20
8744ccd49ffffff,2,594950.0,256.88680691356194,82.5,-5050.0,-1.1222222222222222,,2025.08.20
8744ccd4dffffff,1,650000.0,295.45454545454544,365.0,-25000.0,-3.7037037037037033,,2025.08.20
8744ccd50ffffff,2,829500.0,269.90655890979195,345.0,-49500.0,-5.730433991303556,,2025.08.20
8744ccd51ffffff,2,639950.0,344.6627725607938,555.5,205000.0,inf,,2025.08.20
8744ccd52ffffff,4,437450.0,192.49295806165577,787.5,120050.0,40.11712971707201,,2025.08.20
8744ccd54ffffff,3,385000.0,157.9163248564397,100.0,0.0,0.0,,2025.08.20
8744ccd55ffffff,2,434950.0,181.40622252523946,1636.5,171500.0,57.744107744107744,,2025.08.20
8744ccd56ffffff,2,614900.0,232.67642857142857,73.5,0.0,0.0,,2025.08.20
8744ccd5dffffff,3,499900.0,246.6206216082881,90.0,0.0,0.0,,2025.08.20
8744ccd60ffffff,4,267500.0,139.6871103809948,91.5,-2500.0,-0.9090909090909091,,2025.08.20
8744ccd64ffffff,1,389000.0,324.1666666666667,2309.0,299000.0,332.22222222222223,,2025.08.20
8744ccd70ffffff,14,452700.0,186.78916470316136,374.0,-2500.0,-0.43478260869565216,,2025.08.20
8744ccd71ffffff,3,525000.0,199.7716894977169,111.0,-25000.0,-3.597122302158273,,2025.08.20
8744ccd72ffffff,11,420000.0,187.46875,331.0,-16000.0,-3.4482758620689653,1.0,2025.08.20
8744ccd73ffffff,7,498336.0,188.07019363762103,130.0,0.0,0.0,,2025.08.20
8744ccd75ffffff,1,1999999.0,362.12185406481984,356.0,-200001.0,-9.090954545454546,,2025.08.20
8744ccd76ffffff,1,320000.0,142.22222222222223,3177.0,117100.0,57.71315919172005,,2025.08.20
8744ccd80ffffff,12,512450.0,202.89490875906264,94.5,0.0,0.0,,2025.08.20
8744ccd81ffffff,20,594500.0,188.29237788005008,174.5,0.0,0.0,,2025.08.20
8744ccd82ffffff,3,780000.0,204.50145208131656,44.0,0.0,0.0,,2025.08.20
8744ccd83ffffff,23,837700.0,196.42857142857142,117.0,-15001.0,-1.9356129032258065,,2025.08.20
8744ccd84ffffff,13,650000.0,184.24396442185514,178.0,0.0,0.0,1.0,2025.08.20
8744ccd85ffffff,9,650000.0,209.51888256595964,41.0,0.0,0.0,,2025.08.20
8744ccd86ffffff,14,907400.0,207.7852751177283,151.5,-40000.0,-5.4673853027111905,1.0,2025.08.20
8744ccd88ffffff,12,487500.0,187.54153963414635,59.0,0.0,0.0,1.0,2025.08.20
8744ccd89ffffff,7,449900.0,191.88861985472155,217.0,-20000.0,-4.256224728665674,1.0,2025.08.20
8744ccd8affffff,24,342450.0,217.41844960753986,101.5,0.0,0.0,2.0,2025.08.20
8744ccd8bffffff,22,384450.0,199.7226782986579,77.0,0.0,0.0,2.0,2025.08.20
8744ccd8cffffff,13,755000.0,170.43678339014565,134.0,0.0,0.0,,2025.08.20
8744ccd8dffffff,12,727500.0,172.76208944175772,156.0,-7950.0,-1.2423816221284576,,2025.08.20
8744ccd8effffff,13,499800.0,206.16276041666666,75.0,-5000.0,-1.0434782608695654,,2025.08.20
8744ccd90ffffff,31,650000.0,312.04992798847815,105.0,0.0,0.0,,2025.08.20
8744ccd91ffffff,10,1125000.0,286.63917631988716,186.5,-5050.0,-0.8706896551724137,,2025.08.20
8744ccd92ffffff,31,399000.0,299.2857142857143,110.0,0.0,0.0,1.0,2025.08.20
8744ccd93ffffff,26,567000.0,246.40596752913982,76.0,0.0,0.0,,2025.08.20
8744ccd94ffffff,23,335000.0,181.10795454545453,97.0,0.0,0.0,,2025.08.20
8744ccd95ffffff,28,536950.0,208.31369341686985,113.5,0.0,0.0,,2025.08.20
8744ccd96ffffff,9,420000.0,235.66666666666666,40.0,0.0,0.0,,2025.08.20
8744ccd98ffffff,19,345000.0,178.22265625,418.0,25000.0,8.47457627118644,,2025.08.20
8744ccd99ffffff,28,463906.5,245.10040902594045,113.5,0.0,0.0,,2025.08.20
8744ccd9affffff,16,333000.0,193.82022471910113,359.5,0.0,0.0,,2025.08.20
8744ccd9bffffff,4,539900.0,207.79122248596477,430.5,55450.0,12.71600707606773,,2025.08.20
8744ccd9cffffff,7,579500.0,210.126582278481,120.0,0.0,0.0,,2025.08.20
8744ccd9dffffff,30,342500.0,192.8066037735849,73.0,-5000.0,-1.4290731340784633,,2025.08.20
8744ccd9effffff,13,540000.0,218.55670103092783,269.0,0.0,0.0,,2025.08.20
8744ccda0ffffff,2,847450.0,238.68478414632762,2111.0,105000.0,56.78745267712277,,2025.08.20
8744ccda1ffffff,11,825000.0,210.68859198355602,97.0,0.0,0.0,,2025.08.20
8744ccda2ffffff,11,444900.0,178.60407145824678,153.0,-20000.0,-3.462068965517241,1.0,2025.08.20
8744ccda3ffffff,10,435750.0,194.27521321643707,304.0,0.0,0.0,,2025.08.20
8744ccda4ffffff,13,450000.0,176.70454545454547,167.0,0.0,0.0,,2025.08.20
8744ccda5ffffff,11,535000.0,220.2202643171806,122.0,-20099.0,-3.8099684506882845,,2025.08.20
8744ccda6ffffff,14,413500.0,174.56689013292788,105.5,0.0,0.0,1.0,2025.08.20
8744ccda8ffffff,5,765000.0,206.20437956204378,92.0,0.0,0.0,,2025.08.20
8744ccda9ffffff,12,670000.0,190.01672271378413,88.0,0.0,0.0,,2025.08.20
8744ccdaaffffff,7,475000.0,210.4143947655398,771.0,153100.0,29.1674604686607,,2025.08.20
8744ccdabffffff,13,439000.0,187.0576339737108,265.0,0.0,0.0,,2025.08.20
8744ccdacffffff,14,682995.0,199.30555555555554,125.0,-51050.0,-7.457571188514395,1.0,2025.08.20
8744ccdadffffff,13,749000.0,200.87674058793192,89.0,-5000.0,-1.1222222222222222,,2025.08.20
8744ccdaeffffff,9,520000.0,189.02439024390245,152.0,-16000.0,-2.091503267973856,,2025.08.20
8744ccdb0ffffff,11,350000.0,174.7311827956989,86.0,0.0,0.0,2.0,2025.08.20
8744ccdb1ffffff,21,539900.0,187.5784190715182,219.0,-16000.0,-2.237762237762238,2.0,2025.08.20
8744ccdb2ffffff,18,280000.0,213.59765280157865,142.0,0.0,0.0,2.0,2025.08.20
8744ccdb3ffffff,15,515000.0,158.16455696202533,110.0,-27500.0,-4.68,1.0,2025.08.20
8744ccdb4ffffff,17,410000.0,195.3839122486289,99.0,0.0,0.0,,2025.08.20
8744ccdb5ffffff,27,469000.0,189.70272755133314,111.0,0.0,0.0,,2025.08.20
8744ccdb6ffffff,16,357000.0,198.66814650388457,81.5,-500.0,-0.14088475626937164,2.0,2025.08.20
8744ce105ffffff,2,400000.0,203.4587995930824,2312.5,175050.0,350.80160320641284,,2025.08.20
8744ce109ffffff,1,399000.0,285.0,98.0,-30000.0,-6.993006993006993,,2025.08.20
8744ce121ffffff,3,369000.0,195.73752103196858,338.0,-20000.0,-3.8313586705647023,,2025.08.20
8744ce124ffffff,3,250000.0,226.44927536231884,51.0,0.0,0.0,,2025.08.20
8744ce125ffffff,1,795000.0,218.64686468646866,50.0,0.0,0.0,,2025.08.20
8744ce12cffffff,2,416950.0,257.3582702436937,152.0,-32500.0,-6.880699448160309,,2025.08.20
8744ce12dffffff,4,379499.5,206.46746214074733,110.5,10000.0,2.941185121132709,,2025.08.20
8744ce142ffffff,1,3277777.0,358.5796958757248,645.0,-721223.0,-18.035083770942737,,2025.08.20
8744ce144ffffff,2,1124000.0,285.7384774310085,401.5,-125500.0,-10.040000000000001,,2025.08.20
8744ce146ffffff,1,574999.0,325.7784702549575,191.0,-90000.0,-13.533854938127726,,2025.08.20
8744ce150ffffff,1,1300000.0,434.4919786096257,114.0,0.0,0.0,,2025.08.20
8744ce151ffffff,4,534500.0,202.854996243426,1060.0,225050.0,69.84016718094745,,2025.08.20
8744ce154ffffff,1,409900.0,256.1875,78.0,0.0,0.0,,2025.08.20
8744ce155ffffff,2,324950.0,234.99643874643874,34.0,-5000.0,-1.3888888888888888,,2025.08.20
8744ce156ffffff,1,355000.0,262.18611521418023,278.0,-45000.0,-11.25,,2025.08.20
8744ce15cffffff,2,209000.0,189.484126984127,276.5,-450.0,-4.730663069059671,,2025.08.20
8744ce15effffff,3,400000.0,177.3576097105509,375.0,-39900.0,-9.07024323709934,,2025.08.20
8744ce161ffffff,1,674900.0,209.33622828784118,266.0,-204100.0,-23.21956769055745,,2025.08.20
8744ce162ffffff,1,1135000.0,354.13416536661464,2837.0,1010000.0,808.0,,2025.08.20
8744ce164ffffff,1,349900.0,229.59317585301838,44.0,-15100.0,-4.136986301369864,,2025.08.20
8744ce166ffffff,2,312000.0,134.6166136197827,102.0,-37950.0,-14.722121536147307,,2025.08.20
8744ce168ffffff,1,1500000.0,345.0655624568668,2392.0,1125000.0,300.0,,2025.08.20
8744ce171ffffff,1,819900.0,350.8344030808729,119.0,-25000.0,-2.958930050893597,,2025.08.20
8744ce172ffffff,1,724900.0,220.6697108066971,663.0,-74100.0,-9.274092615769712,,2025.08.20
8744ce173ffffff,1,374900.0,240.32051282051282,48.0,0.0,0.0,,2025.08.20
8744ce175ffffff,1,990000.0,340.7917383820998,42.0,0.0,0.0,,2025.08.20
8744ce176ffffff,1,695000.0,254.20629114850036,767.0,-255000.0,-26.842105263157894,,2025.08.20
8744ce800ffffff,3,406665.0,191.86556259132976,148.0,-12885.0,-3.1675209262878425,,2025.08.20
8744ce801ffffff,3,650000.0,151.1627906976744,121.0,0.0,0.0,,2025.08.20
8744ce802ffffff,9,799000.0,267.7827380952381,321.0,-25000.0,-2.857142857142857,,2025.08.20
8744ce803ffffff,1,375000.0,215.02293577981652,663.0,6000.0,1.6260162601626018,,2025.08.20
8744ce804ffffff,8,369950.0,205.4125936223051,487.0,103735.0,61.95723585976229,,2025.08.20
8744ce805ffffff,14,473500.0,201.94071309387897,95.0,-2500.0,-0.5952380952380952,,2025.08.20
8744ce806ffffff,1,425000.0,128.0120481927711,37.0,0.0,0.0,,2025.08.20
8744ce809ffffff,1,210000.0,150.0,445.0,-35000.0,-14.285714285714285,,2025.08.20
8744ce80affffff,1,449000.0,268.5406698564593,42.0,-1000.0,-0.2222222222222222,,2025.08.20
8744ce80bffffff,2,537500.0,227.22443707609466,320.5,-24500.0,-3.5923451290934585,,2025.08.20
8744ce80dffffff,5,469900.0,186.788256227758,113.0,0.0,0.0,1.0,2025.08.20
8744ce80effffff,1,350000.0,199.31662870159454,68.0,0.0,0.0,,2025.08.20
8744ce810ffffff,2,1424949.5,402.2766759750877,23.0,450.0,0.05300353356890459,,2025.08.20
8744ce811ffffff,4,1090000.0,444.506810751026,57.0,0.0,0.0,,2025.08.20
8744ce814ffffff,8,637000.0,244.16508974439841,62.5,-7950.0,-1.5736313929452557,,2025.08.20
8744ce815ffffff,5,759900.0,254.76539589442814,169.0,-5900.0,-0.8742035857164024,,2025.08.20
8744ce818ffffff,13,897999.0,237.73503349902745,374.0,15000.0,1.0452961672473868,,2025.08.20
8744ce81affffff,14,809500.0,225.60589112602537,159.0,0.0,0.0,,2025.08.20
8744ce81bffffff,4,402400.0,196.40198511166253,2197.5,112500.0,69.55057137983967,,2025.08.20
8744ce81cffffff,8,414500.0,194.11764705882354,62.5,0.0,0.0,,2025.08.20
8744ce81dffffff,1,899777.0,368.30822758902985,71.0,0.0,0.0,,2025.08.20
8744ce81effffff,20,845000.0,222.74895992638642,82.5,-12500.0,-1.5486305274301693,,2025.08.20
8744ce820ffffff,17,525000.0,181.90854870775348,267.0,0.0,0.0,2.0,2025.08.20
8744ce821ffffff,19,617425.0,204.1650390625,74.0,0.0,0.0,,2025.08.20
8744ce822ffffff,8,444950.0,268.4083496412263,827.0,265993.5,139.6194770094562,1.0,2025.08.20
8744ce823ffffff,12,409970.0,210.37170882808468,132.0,0.0,0.0,,2025.08.20
8744ce824ffffff,13,708393.0,223.50830860534126,196.0,6520.0,0.8636058990110917,,2025.08.20
8744ce825ffffff,15,599000.0,178.35550181378477,190.0,-50000.0,-6.896551724137931,,2025.08.20
8744ce826ffffff,8,699000.0,178.505158423112,120.5,-4950.5,-0.673629065178936,1.0,2025.08.20
8744ce828ffffff,1,500000.0,234.0823970037453,35.0,0.0,0.0,,2025.08.20
8744ce829ffffff,3,759000.0,204.32513049962714,278.0,-110000.0,-6.470588235294119,,2025.08.20
8744ce82affffff,3,550000.0,253.0017152658662,19.0,0.0,0.0,,2025.08.20
8744ce82bffffff,9,490000.0,197.9507412721186,132.0,0.0,0.0,,2025.08.20
8744ce82cffffff,1,616000.0,148.36223506743738,320.0,-143900.0,-18.93670219765759,,2025.08.20
8744ce82dffffff,2,455000.0,158.92515542802488,28.0,0.0,0.0,,2025.08.20
8744ce82effffff,6,502495.0,215.95759564936156,261.0,-21950.0,-6.944632169677179,,2025.08.20
8744ce830ffffff,1,405000.0,208.97832817337462,75.0,-9900.0,-2.386117136659436,,2025.08.20
8744ce831ffffff,1,440000.0,175.9296281487405,1077.0,440000.0,inf,,2025.08.20
8744ce832ffffff,7,385000.0,260.5563002680965,141.0,-2500.0,-0.3205128205128205,2.0,2025.08.20
8744ce833ffffff,2,497450.0,218.96617394405007,562.5,297500.0,inf,,2025.08.20
8744ce834ffffff,7,615000.0,236.45743766122098,113.0,0.0,0.0,,2025.08.20
8744ce835ffffff,3,634999.0,183.79131693198264,118.0,0.0,0.0,,2025.08.20
8744ce836ffffff,6,567500.0,301.64407559523136,153.0,0.0,0.0,,2025.08.20
8744ce846ffffff,2,781950.0,245.64652630907005,1093.0,34500.0,4.207317073170732,,2025.08.20
8744ce84affffff,2,495000.0,244.6965628356606,542.0,35250.0,8.968972204266322,,2025.08.20
8744ce84bffffff,2,1397000.0,254.65546051886258,171.0,-75500.0,-2.849056603773585,,2025.08.20
8744ce84dffffff,7,314900.0,178.27063447501405,98.0,0.0,0.0,,2025.08.20
8744ce850ffffff,1,567000.0,194.17808219178082,133.0,-18000.0,-3.076923076923077,,2025.08.20
8744ce852ffffff,5,590000.0,173.57512953367876,145.0,0.0,0.0,,2025.08.20
8744ce853ffffff,2,462950.0,230.40967974868698,1097.0,63000.0,21.007002334111373,,2025.08.20
8744ce854ffffff,6,739500.0,185.99219279271225,101.5,0.0,0.0,,2025.08.20
8744ce855ffffff,5,499900.0,201.73527037933817,162.0,71000.0,15.777777777777777,,2025.08.20
8744ce856ffffff,2,1197000.0,233.29693315468216,144.5,-253000.0,-18.05952380952381,,2025.08.20
8744ce858ffffff,1,425000.0,156.65315149281238,47.0,0.0,0.0,,2025.08.20
8744ce85cffffff,2,830000.0,469.2773501810998,92.5,-32500.0,-3.5399600743443242,,2025.08.20
8744ce85effffff,1,399900.0,122.51838235294117,48.0,-20100.0,-4.785714285714286,,2025.08.20
8744ce860ffffff,1,2550000.0,414.97152156224575,84.0,0.0,0.0,,2025.08.20
8744ce862ffffff,5,599999.0,410.15546875,169.0,0.0,0.0,,2025.08.20
8744ce863ffffff,4,424999.5,169.84520437070012,40.0,-0.5,-0.000125,,2025.08.20
8744ce86cffffff,1,1999900.0,1203.309265944645,38.0,0.0,0.0,,2025.08.20
8744ce86dffffff,3,697000.0,232.33301064859631,330.0,0.0,0.0,,2025.08.20
8744ce86effffff,1,499900.0,175.71177504393674,19.0,0.0,0.0,,2025.08.20
8744ce870ffffff,18,442450.0,202.78717150123475,96.0,-500.0,-0.25,,2025.08.20
8744ce871ffffff,5,404000.0,208.54335016835017,294.0,-29501.0,-5.619238095238095,,2025.08.20
8744ce872ffffff,12,389250.0,209.08587257617728,57.0,0.0,0.0,,2025.08.20
8744ce873ffffff,4,824950.0,360.29167620792305,213.0,-34750.0,-5.005540402318445,,2025.08.20
8744ce874ffffff,1,390000.0,188.67924528301887,1142.0,-84900.0,-17.877447883765,,2025.08.20
8744ce876ffffff,4,412500.0,207.77024496617724,102.5,0.0,0.0,,2025.08.20
8744ce88bffffff,2,342500.0,285.41666666666663,73.5,-16950.0,-4.365393856301066,,2025.08.20
8744ce8c1ffffff,1,250000.0,234.9624060150376,27.0,0.0,0.0,,2025.08.20
8744ce8c2ffffff,10,639400.0,249.7293037280702,152.0,-37500.0,-6.125551061489366,,2025.08.20
8744ce8c3ffffff,9,529000.0,242.17236104028558,63.0,0.0,0.0,,2025.08.20
8744ce8c5ffffff,1,374900.0,223.2876712328767,37.0,-15000.0,-3.847140292382662,,2025.08.20
8744ce8c6ffffff,2,674450.0,218.83347868511845,2529.5,225000.0,56.390977443609025,,2025.08.20
8744ce8c8ffffff,1,759900.0,140.1512357063814,1078.0,759900.0,inf,,2025.08.20
8744ce8caffffff,6,374500.0,264.97982925227507,56.0,-5000.0,-1.1113580795732385,,2025.08.20
8744ce8cbffffff,2,465000.0,229.2867254609542,133.5,-67500.0,-9.310344827586208,,2025.08.20
8744ce8cdffffff,3,415000.0,263.4920634920635,76.0,0.0,0.0,,2025.08.20
8744ce8ceffffff,3,400000.0,292.1747967479675,63.0,0.0,0.0,,2025.08.20
8744ce8d0ffffff,3,549500.0,248.75509280217292,99.0,-25500.0,-4.434782608695651,,2025.08.20
8744ce8d3ffffff,4,466450.0,195.83390045823694,75.0,-26050.0,-5.920226793248945,,2025.08.20
8744ce8d4ffffff,3,295900.0,177.63377926421404,817.0,10001.0,5.263711914273233,,2025.08.20
8744ce8d5ffffff,14,899450.0,246.08819489334195,83.0,0.0,0.0,,2025.08.20
8744ce8d6ffffff,1,574000.0,179.375,1063.0,574000.0,inf,,2025.08.20
8744ce8d8ffffff,1,250000.0,174.33751743375174,4293.0,104000.0,71.23287671232876,,2025.08.20
8744ce8d9ffffff,3,569000.0,216.34980988593156,60.0,-81000.0,-12.461538461538462,,2025.08.20
8744ce8daffffff,1,1500000.0,185.27667984189722,104.0,0.0,0.0,,2025.08.20
8744ce8dbffffff,1,424900.0,283.26666666666665,106.0,0.0,0.0,,2025.08.20
8744ce8ddffffff,8,462500.0,216.39580407161654,49.0,-7500.0,-1.6129032258064515,,2025.08.20
8744ce8deffffff,1,2490000.0,256.0937982104289,135.0,-510000.0,-17.0,,2025.08.20
8744ce8e0ffffff,1,685000.0,312.5,78.0,0.0,0.0,,2025.08.20
8744ce8e1ffffff,1,524900.0,189.35786435786434,1120.0,155900.0,42.24932249322493,,2025.08.20
8744ce8e2ffffff,2,462000.0,182.37442313418023,74.5,-9750.0,-1.9716885743174923,,2025.08.20
8744ce8e5ffffff,1,573900.0,186.33116883116884,262.0,-66100.0,-10.328125,,2025.08.20
8744ce8e6ffffff,3,615000.0,172.95442064799562,43.0,-19100.0,-2.942989214175655,,2025.08.20
8744ce8e8ffffff,7,559000.0,184.0909090909091,140.0,0.0,0.0,,2025.08.20
8744ce8e9ffffff,5,425000.0,255.4278416347382,48.0,0.0,0.0,,2025.08.20
8744ce8eaffffff,1,624900.0,271.4596003475239,1147.0,624900.0,inf,,2025.08.20
8744ce8ebffffff,1,2970000.0,325.0875656742557,1597.0,270000.0,10.0,,2025.08.20
8744ce8ecffffff,1,700000.0,188.27326519634212,2456.0,700000.0,inf,,2025.08.20
8744ce8eeffffff,14,366500.0,249.33035714285714,91.5,-1499.5,-0.41511240968377816,,2025.08.20
8744ce8f0ffffff,1,439000.0,258.08348030570255,1322.0,209000.0,90.8695652173913,,2025.08.20
8744ce8f1ffffff,2,396350.0,176.3964684561593,157.0,-25100.0,-5.579017559457657,,2025.08.20
8744ce8f2ffffff,1,225000.0,126.26262626262626,29.0,0.0,0.0,,2025.08.20
8744ce8f4ffffff,1,450000.0,194.0491591203105,121.0,0.0,0.0,,2025.08.20
8744ce8f5ffffff,1,649000.0,422.5260416666667,131.0,-201000.0,-23.647058823529413,,2025.08.20
8744ce900ffffff,17,1059700.0,291.5268225584594,180.0,0.0,0.0,,2025.08.20
8744ce901ffffff,15,367500.0,241.02373887240356,91.0,0.0,-0.78125,,2025.08.20
8744ce902ffffff,9,975000.0,272.80358142137663,184.0,-8000.0,-1.6985138004246285,,2025.08.20
8744ce903ffffff,8,960000.0,242.63497300115569,441.0,-15000.0,-2.405114092420594,1.0,2025.08.20
8744ce904ffffff,14,545000.0,260.21159064880743,129.5,-20050.0,-3.6454545454545455,1.0,2025.08.20
8744ce905ffffff,13,619950.0,252.10355987055016,104.0,0.0,0.0,,2025.08.20
8744ce906ffffff,5,1795000.0,478.6666666666667,420.0,-54900.0,-3.710843373493976,,2025.08.20
8744ce908ffffff,21,579000.0,198.46350832266324,112.0,0.0,0.0,,2025.08.20
8744ce909ffffff,4,491499.5,216.51716992303136,182.0,-2272.5,-0.3790636046794256,,2025.08.20
8744ce90affffff,6,469750.0,213.95677628710342,853.5,0.0,0.0,,2025.08.20
8744ce90bffffff,15,525000.0,195.30416221985058,135.0,-20000.0,-3.3333333333333335,,2025.08.20
8744ce90cffffff,9,479900.0,217.2181716208637,149.0,-21797.0,-3.3423353565603358,1.0,2025.08.20
8744ce90dffffff,2,499750.0,334.5593226747234,129.0,-62750.0,-10.040000000000001,,2025.08.20
8744ce90effffff,6,530000.0,204.68153550055848,1812.5,174055.0,55.79268049431455,,2025.08.20
8744ce911ffffff,5,1572500.0,351.2372463938079,337.0,-39999.0,-3.636276032978212,,2025.08.20
8744ce913ffffff,4,709900.0,316.05333225848665,494.0,-87550.0,-9.322727272727274,,2025.08.20
8744ce915ffffff,2,1105500.0,263.87277774256694,1294.0,258000.0,69.72972972972973,,2025.08.20
8744ce918ffffff,6,496200.0,220.00430711920563,184.5,-5000.0,-1.2503125781445361,,2025.08.20
8744ce919ffffff,7,464105.0,248.18449197860963,174.0,-70000.0,-13.381634662257099,,2025.08.20
8744ce91affffff,10,624500.0,214.51401879540555,511.0,23049.5,2.9164708088511064,,2025.08.20
8744ce91cffffff,7,440000.0,299.2501704158146,62.0,-10100.0,-2.3488372093023258,,2025.08.20
8744ce91dffffff,1,510000.0,175.86206896551724,38.0,-14900.0,-2.838635930653458,,2025.08.20
8744ce91effffff,19,985000.0,308.2010582010582,146.0,0.0,0.0,1.0,2025.08.20
8744ce920ffffff,25,522500.0,213.77137713771378,118.0,-10000.0,-2.000400080016003,2.0,2025.08.20
8744ce921ffffff,5,635000.0,221.30826478652565,110.0,0.0,0.0,,2025.08.20
8744ce922ffffff,20,676500.0,202.46065283976066,104.5,0.0,0.0,,2025.08.20
8744ce923ffffff,22,567450.0,224.57731562977844,86.0,0.0,0.0,,2025.08.20
8744ce924ffffff,22,758450.0,227.8534871726768,247.0,0.0,0.0,,2025.08.20
8744ce925ffffff,7,676000.0,220.75296304903554,2000.0,316000.0,94.05544441268934,,2025.08.20
8744ce926ffffff,16,862000.0,241.068445120419,237.0,0.0,0.0,,2025.08.20
8744ce928ffffff,31,431620.0,291.2600145666424,90.0,0.0,0.0,,2025.08.20
8744ce929ffffff,8,659000.0,240.2955526088495,2702.5,202500.0,42.73032673722963,,2025.08.20
8744ce92affffff,29,640550.0,255.4709748083242,109.0,0.0,0.0,,2025.08.20
8744ce92bffffff,7,640000.0,210.9704641350211,138.0,0.0,0.0,,2025.08.20
8744ce92cffffff,30,414950.0,244.770854424238,97.0,0.0,0.0,1.0,2025.08.20
8744ce92dffffff,14,697500.0,183.17943998342125,86.5,0.0,0.0,,2025.08.20
8744ce92effffff,5,769000.0,173.35437330928764,407.0,0.0,0.0,,2025.08.20
8744ce930ffffff,4,947500.0,325.79294941181945,217.5,29840.0,7.253890386483514,,2025.08.20
8744ce932ffffff,1,999500.0,422.08614864864865,755.0,-199500.0,-16.638865721434527,,2025.08.20
8744ce934ffffff,21,487500.0,176.38036809815952,140.0,0.0,0.9900990099009901,,2025.08.20
8744ce935ffffff,7,599700.0,194.4200202908353,149.0,0.0,0.0,,2025.08.20
8744ce936ffffff,21,415000.0,208.4673097534834,104.0,-4900.0,-1.1669445105977614,,2025.08.20
8744ce940ffffff,5,650000.0,196.76052073872236,105.0,-10000.0,-1.669449081803005,,2025.08.20
8744ce941ffffff,2,509950.0,186.32283194214241,1185.5,81647.5,25.742940337964768,,2025.08.20
8744ce942ffffff,3,564900.0,183.6475942782835,701.0,263900.0,122.17592592592592,,2025.08.20
8744ce943ffffff,1,406665.0,198.0832927423283,148.0,0.0,0.0,,2025.08.20
8744ce944ffffff,5,490000.0,192.68580416830514,277.0,-49000.0,-9.090909090909092,,2025.08.20
8744ce946ffffff,11,620450.0,209.84357115604732,139.0,-25000.0,-4.3478260869565215,,2025.08.20
8744ce94affffff,1,2689000.0,640.2380952380952,463.0,-311000.0,-10.366666666666667,,2025.08.20
8744ce94bffffff,2,492500.0,158.89342546063654,54.5,-19500.0,-3.25542570951586,,2025.08.20
8744ce94dffffff,1,299000.0,122.94407894736842,3984.0,215000.0,255.95238095238093,,2025.08.20
8744ce950ffffff,7,450000.0,225.22522522522522,104.0,-25000.0,-4.412413590233858,,2025.08.20
8744ce951ffffff,3,275000.0,280.61224489795916,119.0,0.0,0.0,,2025.08.20
8744ce952ffffff,5,450000.0,261.6279069767442,69.0,0.0,0.0,,2025.08.20
8744ce954ffffff,16,717450.0,239.04311548314672,133.5,-35100.0,-5.9461812657044355,,2025.08.20
8744ce955ffffff,15,729000.0,198.0,110.0,-5000.0,-0.9523809523809524,,2025.08.20
8744ce956ffffff,6,769949.5,213.05348715396408,313.0,-37550.0,-5.139572192513369,,2025.08.20
8744ce95dffffff,1,405990.0,144.78958630527816,995.0,0.0,0.0,,2025.08.20
8744ce960ffffff,10,675000.0,183.35896708152225,113.0,0.0,0.0,,2025.08.20
8744ce961ffffff,4,759450.0,173.53454051763816,1950.5,161550.0,30.367403900849396,,2025.08.20
8744ce962ffffff,21,949900.0,250.49365303244005,97.0,0.0,0.0,,2025.08.20
8744ce963ffffff,24,665995.0,212.64954588161604,149.5,-32180.0,-4.651162790697675,,2025.08.20
8744ce964ffffff,13,458000.0,239.11633563032024,62.0,0.0,0.0,,2025.08.20
8744ce965ffffff,3,885000.0,294.64285714285717,76.0,-80000.0,-7.083631165117941,1.0,2025.08.20
8744ce966ffffff,3,650000.0,228.39072382290934,28.0,-19000.0,-2.8400597907324365,,2025.08.20
8744ce969ffffff,1,985000.0,304.6705845963501,13.0,0.0,0.0,,2025.08.20
8744ce96bffffff,1,889900.0,193.12065972222223,147.0,-25100.0,-2.7431693989071038,,2025.08.20
8744ce96effffff,1,487500.0,228.65853658536585,363.0,-87500.0,-15.217391304347828,,2025.08.20
8744ce970ffffff,15,900000.0,235.1609657947686,160.0,0.0,0.0,1.0,2025.08.20
8744ce971ffffff,12,492000.0,211.45372867185569,157.0,-17500.0,-3.5239880059970012,1.0,2025.08.20
8744ce972ffffff,8,987500.0,238.90720065133422,137.5,-50.0,-0.004545454545454545,,2025.08.20
8744ce973ffffff,17,565000.0,207.78239516433698,146.0,-25000.0,-4.3478260869565215,,2025.08.20
8744ce974ffffff,10,777500.0,243.49603146391502,154.5,-2500.0,-0.2777777777777778,,2025.08.20
8744ce975ffffff,19,625000.0,221.52361942781104,244.0,0.0,0.0,,2025.08.20
8744ce976ffffff,4,848500.0,241.0725787242044,21.5,0.0,0.0,,2025.08.20
8744ce988ffffff,1,1890000.0,405.75354229282954,138.0,-110000.0,-5.5,,2025.08.20
8744ce989ffffff,18,435000.0,245.1822912195608,66.5,0.0,0.0,,2025.08.20
8744ce98cffffff,1,415000.0,199.1362763915547,48.0,-24000.0,-5.466970387243736,,2025.08.20
8744ce98dffffff,13,699900.0,204.21324161650904,111.0,-23500.0,-2.0,,2025.08.20
8744ce9a8ffffff,18,599500.0,276.0531608005001,154.5,0.0,0.0,,2025.08.20
8744ce9a9ffffff,6,554950.0,206.51461970245938,863.5,-2500.0,-0.38461538461538464,,2025.08.20
8744ce9aaffffff,6,1375400.0,361.1753137371611,227.0,14000.0,1.0219724067450178,,2025.08.20
8744ce9abffffff,1,1085000.0,307.71412365286443,83.0,-50000.0,-4.405286343612335,,2025.08.20
8744ce9acffffff,4,774000.0,267.04650234895985,147.5,-35500.0,-1.2536203264876256,,2025.08.20
8744ce9adffffff,2,962000.0,249.01831982065994,392.0,-88000.0,-7.129973474801061,,2025.08.20
8744ceb20ffffff,1,1450000.0,428.23390431187244,3423.0,965000.0,198.96907216494844,,2025.08.20
8744ceb24ffffff,4,1775000.0,269.9546310892383,735.5,-412450.0,-21.347923285092367,,2025.08.20
8744ceb25ffffff,3,999999.0,322.5806451612903,280.0,0.0,0.0,,2025.08.20
8744ceb35ffffff,1,775000.0,421.88350571584107,224.0,-185000.0,-19.270833333333336,,2025.08.20
8744ceb95ffffff,2,674000.0,279.67933931750974,201.0,-175000.0,-20.73962374391559,,2025.08.20
8744ceba6ffffff,3,625000.0,205.456936226167,147.0,-19000.0,-2.7576197387518144,,2025.08.20
8744cebb4ffffff,2,649900.0,412.5073520964963,121.0,-32550.0,-4.647665436958535,,2025.08.20
8744cebb6ffffff,3,442000.0,248.89258028792912,250.0,-34000.0,-9.47075208913649,,2025.08.20
8744ea003ffffff,3,589914.0,207.64308342133052,35.0,0.0,0.0,,2025.08.20
8744ea004ffffff,1,579900.0,253.0104712041885,144.0,-20000.0,-3.3338889814969157,,2025.08.20
8744ea005ffffff,2,319900.0,204.539641943734,16.0,0.0,0.0,,2025.08.20
8744ea00cffffff,1,278000.0,152.41228070175438,12.0,0.0,0.0,,2025.08.20
8744ea012ffffff,4,494457.0,233.96724190130186,63.5,0.0,0.0,,2025.08.20
8744ea016ffffff,1,299900.0,175.79132473622508,36.0,0.0,0.0,,2025.08.20
8744ea01affffff,1,599900.0,197.01149425287358,402.0,-20100.0,-3.2419354838709675,,2025.08.20
8744ea01dffffff,1,299500.0,162.24268689057422,39.0,0.0,0.0,,2025.08.20
8744ea01effffff,1,795000.0,668.0672268907563,39.0,-30000.0,-3.6363636363636362,,2025.08.20
8744ea022ffffff,1,579900.0,246.55612244897958,26.0,0.0,0.0,,2025.08.20
8744ea031ffffff,1,410000.0,214.09921671018276,810.0,410000.0,inf,,2025.08.20
8744ea035ffffff,1,499900.0,371.94940476190476,294.0,-50000.0,-9.092562284051645,,2025.08.20
8744ea056ffffff,1,320000.0,164.52442159383034,1425.0,320000.0,inf,,2025.08.20
8744ea080ffffff,1,640000.0,355.55555555555554,167.0,-40000.0,-5.88235294117647,,2025.08.20
8744ea083ffffff,1,589914.0,195.52999668544913,394.0,-10000.0,-1.6669055898012048,,2025.08.20
8744ea085ffffff,1,1950000.0,391.25200642054574,57.0,0.0,0.0,,2025.08.20
8744ea089ffffff,3,449000.0,196.02240896358543,2862.0,175000.0,87.16131721550646,,2025.08.20
8744ea08affffff,1,410000.0,187.72893772893772,231.0,-28000.0,-6.392694063926941,,2025.08.20
8744ea08cffffff,1,595000.0,338.8382687927107,30.0,0.0,0.0,,2025.08.20
8744ea093ffffff,1,100000.0,74.4047619047619,100.0,0.0,0.0,,2025.08.20
8744ea099ffffff,1,749000.0,210.57070565082935,33.0,0.0,0.0,,2025.08.20
8744ea09affffff,2,517450.0,221.92389455782313,15.5,0.0,0.0,,2025.08.20
8744ea09cffffff,1,949900.0,299.0869017632242,76.0,-50100.0,-5.01,,2025.08.20
8744ea0a1ffffff,1,2100000.0,150.0,1398.0,-800000.0,-27.586206896551722,,2025.08.20
8744ea0a2ffffff,2,549500.0,136.97506439430057,1594.5,130050.0,33.354706334957676,,2025.08.20
8744ea0a6ffffff,1,349900.0,134.57692307692307,306.0,0.0,0.0,,2025.08.20
8744ea0a9ffffff,1,495000.0,183.33333333333334,692.0,20000.0,4.2105263157894735,,2025.08.20
8744ea0aaffffff,2,489950.0,256.9967161954446,3063.5,228000.0,76.27969220475075,,2025.08.20
8744ea0abffffff,3,455000.0,182.81653746770027,76.0,-20000.0,-10.0,,2025.08.20
8744ea0adffffff,3,389900.0,187.00239808153478,19.0,-19100.0,-4.669926650366748,,2025.08.20
8744ea0c0ffffff,2,489500.0,164.41625173100942,183.5,-134450.0,-16.226787560117597,,2025.08.20
8744ea0c2ffffff,1,300000.0,154.95867768595042,48.0,0.0,0.0,,2025.08.20
8744ea0c3ffffff,4,352450.0,186.8382104194858,843.5,150500.0,271.2906264719736,,2025.08.20
8744ea0c4ffffff,1,225000.0,133.92857142857142,33.0,0.0,0.0,,2025.08.20
8744ea0c5ffffff,6,308500.0,161.17574269082962,107.0,0.0,0.0,,2025.08.20
8744ea0ccffffff,1,2700000.0,586.9565217391304,1393.0,-1295000.0,-32.41551939924906,,2025.08.20
8744ea0cdffffff,1,260000.0,160.0985221674877,257.0,0.0,0.0,,2025.08.20
8744ea0d0ffffff,2,959500.0,280.5306905370844,607.0,-85000.0,9.979644916883409,,2025.08.20
8744ea0d2ffffff,4,285200.0,164.8749278629046,1404.0,49050.0,50.61919504643962,,2025.08.20
8744ea0d3ffffff,6,277450.0,156.50143184421535,59.0,-3500.0,-1.3070395194186855,,2025.08.20
8744ea0d4ffffff,1,399900.0,162.95843520782395,505.0,399900.0,inf,,2025.08.20
8744ea0d6ffffff,2,359900.0,213.4638196915777,12.0,0.0,0.0,,2025.08.20
8744ea0d8ffffff,1,67899.0,84.87375,1557.0,-15100.0,-18.19299027699129,,2025.08.20
8744ea0d9ffffff,1,400000.0,246.76125848241827,50.0,0.0,0.0,,2025.08.20
8744ea0daffffff,1,398500.0,156.27450980392157,2415.0,398500.0,inf,,2025.08.20
8744ea0dbffffff,2,129997.5,110.5420918367347,43.5,-162500.0,-51.85188614603974,,2025.08.20
8744ea0ddffffff,6,529907.0,198.61150861471577,78.0,0.0,0.0,,2025.08.20
8744ea0e2ffffff,2,444250.0,163.6472013758599,1715.5,444250.0,inf,,2025.08.20
8744ea0e8ffffff,1,259000.0,157.83059110298598,5036.0,212000.0,451.063829787234,,2025.08.20
8744ea0eaffffff,5,275000.0,181.36363636363637,34.0,0.0,0.0,,2025.08.20
8744ea0ecffffff,1,249000.0,115.27777777777777,105.0,0.0,0.0,,2025.08.20
8744ea0edffffff,2,544950.0,247.31707884692958,142.5,-14500.0,-2.7938342967244703,,2025.08.20
8744ea0eeffffff,16,317450.0,151.5713750778089,128.5,9000.0,2.424807949603511,,2025.08.20
8744ea0f1ffffff,1,499900.0,152.96817625458996,8.0,0.0,0.0,,2025.08.20
8744ea0f2ffffff,4,745914.0,206.38805969359447,205.0,0.0,0.0,,2025.08.20
8744ea0f4ffffff,2,265400.0,155.27245517906692,353.0,0.0,0.0,,2025.08.20
8744ea112ffffff,1,239900.0,170.38352272727272,47.0,0.0,0.0,,2025.08.20
8744ea11bffffff,1,209900.0,124.94047619047619,37.0,0.0,0.0,,2025.08.20
8744ea182ffffff,3,325000.0,185.50228310502283,194.0,0.0,0.0,,2025.08.20
8744ea189ffffff,1,170000.0,102.65700483091787,38.0,0.0,0.0,,2025.08.20
8744ea18bffffff,1,499900.0,435.45296167247386,89.0,0.0,0.0,,2025.08.20
8744ea195ffffff,1,374900.0,232.2800495662949,35.0,-5000.0,-1.3161358252171624,,2025.08.20
8744ea19bffffff,1,550000.0,298.2646420824295,121.0,0.0,0.0,,2025.08.20
8744ea19cffffff,1,475000.0,316.6666666666667,166.0,0.0,0.0,,2025.08.20
8744ea19dffffff,1,300000.0,176.99115044247787,41.0,0.0,0.0,,2025.08.20
8744ea1a6ffffff,1,739900.0,138.66191904047977,40.0,0.0,0.0,,2025.08.20
8744ea1b3ffffff,1,243900.0,164.24242424242425,221.0,-16000.0,-6.156213928434013,,2025.08.20
8744ea1b5ffffff,2,300000.0,169.65123291342803,142.0,-7500.0,-1.875,,2025.08.20
8744ea283ffffff,2,487450.0,229.11280846063454,32.5,-2500.0,-0.5683109797681292,,2025.08.20
8744ea28cffffff,1,225000.0,450.0,157.0,0.0,0.0,,2025.08.20
8744ea292ffffff,1,525000.0,210.0,21.0,0.0,0.0,,2025.08.20
8744ea293ffffff,4,745914.0,196.78809519905553,194.0,0.0,0.0,,2025.08.20
8744ea296ffffff,1,399000.0,302.50189537528433,184.0,-26000.0,-6.11764705882353,,2025.08.20
8744ea29cffffff,1,290000.0,223.07692307692307,49.0,0.0,0.0,,2025.08.20
8744ea29dffffff,1,440000.0,231.82297154899894,19.0,0.0,0.0,,2025.08.20
8744ea2a0ffffff,1,499999.0,259.87474012474013,189.0,-129001.0,-20.508903020667727,,2025.08.20
8744ea2a2ffffff,4,269950.0,151.50705787312558,80.5,0.0,0.0,,2025.08.20
8744ea2a6ffffff,1,229000.0,163.57142857142858,775.0,29100.0,14.557278639319659,,2025.08.20
8744ea2b0ffffff,1,439900.0,200.04547521600728,126.0,0.0,0.0,,2025.08.20
8744ea2b1ffffff,4,414700.0,158.47647164072285,1393.5,70000.0,41.17647058823529,,2025.08.20
8744ea2b5ffffff,11,299900.0,179.41176470588235,337.0,0.0,0.0,,2025.08.20
8744ea2f2ffffff,1,379900.0,126.63333333333334,85.0,-20000.0,-5.0012503125781445,,2025.08.20
8744ea380ffffff,1,279900.0,166.60714285714286,112.0,0.0,0.0,,2025.08.20
8744ea391ffffff,1,579000.0,145.221971407073,125.0,-20000.0,-3.33889816360601,,2025.08.20
8744ea392ffffff,1,475000.0,181.8529862174579,1215.0,475000.0,inf,,2025.08.20
8744ea396ffffff,1,453000.0,304.640215198386,25.0,0.0,0.0,,2025.08.20
8744ea39bffffff,1,1700000.0,251.29342202512933,893.0,500001.0,41.66678472232061,,2025.08.20
8744ea39effffff,1,215000.0,114.36170212765957,811.0,23000.0,11.979166666666668,,2025.08.20
8744ea400ffffff,23,300000.0,158.6489252814739,200.0,0.0,0.0,1.0,2025.08.20
8744ea401ffffff,27,439000.0,207.41912798874824,133.0,-15000.0,-4.495392222971454,,2025.08.20
8744ea402ffffff,12,340758.0,156.52918092919927,127.0,7000.0,2.1538461538461537,1.0,2025.08.20
8744ea403ffffff,18,341900.0,161.0566448801743,96.0,-2500.0,-0.6666666666666667,,2025.08.20
8744ea404ffffff,1,1499000.0,237.93650793650792,299.0,-400000.0,-21.0637177461822,,2025.08.20
8744ea405ffffff,5,334900.0,197.63358778625954,168.0,-14100.0,-4.040114613180515,,2025.08.20
8744ea406ffffff,2,562995.0,245.63865190799763,83.5,0.0,0.0,,2025.08.20
8744ea408ffffff,7,309900.0,187.92,128.0,-5000.0,-1.2690355329949239,,2025.08.20
8744ea409ffffff,1,565000.0,193.16239316239316,9.0,0.0,0.0,,2025.08.20
8744ea40affffff,10,355000.0,167.83765292814093,136.0,0.0,0.0,2.0,2025.08.20
8744ea40bffffff,5,464995.0,252.6639344262295,287.0,0.0,0.0,,2025.08.20
8744ea40cffffff,1,521750.0,210.46793061718435,279.0,16700.0,3.3066033066033063,,2025.08.20
8744ea40dffffff,3,284900.0,167.49688667496886,134.0,0.0,0.0,,2025.08.20
8744ea40effffff,16,544450.0,218.65354154165777,444.0,0.0,0.0,1.0,2025.08.20
8744ea410ffffff,21,474900.0,187.22430295464002,87.0,0.0,0.0,,2025.08.20
8744ea411ffffff,34,409950.0,178.66916218573127,140.5,0.0,0.0,1.0,2025.08.20
8744ea412ffffff,15,444455.0,186.70318725099602,86.0,-10000.0,-2.3815194093831864,,2025.08.20
8744ea413ffffff,36,395000.0,172.85363453466692,141.5,-2750.0,-0.6025641025641025,,2025.08.20
8744ea414ffffff,2,427000.0,217.51664431141032,1813.0,94000.0,68.61313868613139,,2025.08.20
8744ea415ffffff,10,411877.5,171.37249946389733,18.0,0.0,0.0,,2025.08.20
8744ea416ffffff,3,459900.0,180.1410105757932,276.0,-115100.0,-20.017391304347825,,2025.08.20
8744ea418ffffff,3,333000.0,156.51678998292545,69.0,0.0,0.0,,2025.08.20
8744ea41bffffff,5,750000.0,224.98634625887493,207.0,0.0,0.0,,2025.08.20
8744ea41cffffff,19,369516.0,168.83116883116884,180.0,-10000.0,-2.2988505747126435,2.0,2025.08.20
8744ea41dffffff,13,325000.0,180.5635838150289,148.0,0.0,0.0,,2025.08.20
8744ea41effffff,14,334105.5,172.78813769909624,184.5,0.0,0.0,,2025.08.20
8744ea420ffffff,1,299900.0,147.87968441814596,7.0,0.0,0.0,,2025.08.20
8744ea422ffffff,3,999995.0,258.5971036979571,108.0,0.0,0.0,,2025.08.20
8744ea423ffffff,2,392850.0,175.23040068478224,2798.0,94950.0,45.23582658408766,,2025.08.20
8744ea424ffffff,1,343000.0,190.76751946607342,76.0,-7000.0,-2.0,,2025.08.20
8744ea425ffffff,1,398222.0,212.38506666666666,3572.0,218222.0,121.23444444444445,,2025.08.20
8744ea428ffffff,3,299999.0,178.57083333333333,72.0,0.0,0.0,,2025.08.20
8744ea429ffffff,3,339900.0,140.93045112781954,48.0,0.0,0.0,,2025.08.20
8744ea42affffff,9,268000.0,192.72529858849077,55.0,0.0,0.0,1.0,2025.08.20
8744ea42bffffff,8,444993.0,166.2188789534933,44.0,-9085.5,-2.041163513021731,,2025.08.20
8744ea42cffffff,1,549900.0,126.00824931255728,13.0,0.0,0.0,,2025.08.20
8744ea42dffffff,1,599900.0,187.82091421415154,35.0,0.0,0.0,,2025.08.20
8744ea42effffff,8,359950.0,193.8932692077739,62.0,-7500.0,-2.5109899498268016,1.0,2025.08.20
8744ea430ffffff,7,776035.0,230.9050894085282,67.0,0.0,0.0,,2025.08.20
8744ea431ffffff,2,720490.0,250.97815768054093,157.5,0.0,0.0,,2025.08.20
8744ea433ffffff,4,102005.5,73.15104802604803,152.5,0.0,0.0,,2025.08.20
8744ea434ffffff,6,530000.0,224.69475467436314,222.0,-499.5,-0.08325013875023125,,2025.08.20
8744ea436ffffff,4,690467.5,207.39598062322455,92.5,-12000.0,-1.848998459167951,,2025.08.20
8744ea441ffffff,1,680000.0,212.5,302.0,25000.0,3.816793893129771,,2025.08.20
8744ea448ffffff,3,359900.0,201.10192837465564,44.0,0.0,0.0,,2025.08.20
8744ea449ffffff,1,1750000.0,334.54406423246036,189.0,-100000.0,-5.405405405405405,,2025.08.20
8744ea44affffff,1,300000.0,144.23076923076923,105.0,0.0,0.0,,2025.08.20
8744ea44dffffff,4,579900.0,206.95017884484326,352.5,-13000.0,-4.717742705273693,1.0,2025.08.20
8744ea450ffffff,1,579900.0,178.54064039408868,25.0,0.0,0.0,,2025.08.20
8744ea452ffffff,3,475000.0,196.61222020568664,55.0,-25000.0,-7.142857142857142,,2025.08.20
8744ea454ffffff,2,484900.0,219.69857770329264,28.0,-10000.0,-1.5153811183512653,,2025.08.20
8744ea456ffffff,5,463500.0,141.09067850348762,203.0,-47000.0,-5.5561729081009,,2025.08.20
8744ea458ffffff,2,272500.0,123.59820758258259,465.0,-47500.0,-12.443064182194616,,2025.08.20
8744ea45cffffff,1,325000.0,84.00103385887826,602.0,325000.0,inf,,2025.08.20
8744ea460ffffff,3,695000.0,149.78601997146933,360.0,-55000.0,-7.333333333333333,,2025.08.20
8744ea462ffffff,1,339900.0,207.63591936469152,93.0,-15000.0,-4.22654268808115,,2025.08.20
8744ea469ffffff,1,689000.0,189.6504266446463,90.0,-50000.0,-6.7658998646820026,,2025.08.20
8744ea470ffffff,4,329950.0,168.0630335257497,276.0,-7000.0,-2.005730659025788,,2025.08.20
8744ea471ffffff,2,1214950.0,482.4743760333934,189.0,-115000.0,-7.299944437983745,,2025.08.20
8744ea472ffffff,7,339900.0,165.72403705509507,49.0,0.0,0.0,,2025.08.20
8744ea473ffffff,1,319900.0,196.98275862068965,91.0,-30000.0,-8.573878250928837,,2025.08.20
8744ea474ffffff,1,995000.0,168.72986264202137,49.0,-55000.0,-5.238095238095238,,2025.08.20
8744ea475ffffff,2,307450.0,182.62861631328548,82.5,-8000.0,-2.8378857750975524,,2025.08.20
8744ea476ffffff,1,1849900.0,563.6502132845826,97.0,-50000.0,-2.631717458813622,,2025.08.20
8744ea481ffffff,8,482500.0,153.65488638830595,822.5,54800.0,17.97310593637258,,2025.08.20
8744ea482ffffff,20,362500.0,217.67129293662313,73.5,-4000.0,-1.3103450549454814,,2025.08.20
8744ea483ffffff,13,749900.0,231.95735374521595,225.0,0.0,0.0,,2025.08.20
8744ea484ffffff,2,684300.0,223.8375929499915,33.0,-2500.0,-0.6668444918644971,,2025.08.20
8744ea485ffffff,3,375000.0,195.62841530054644,61.0,0.0,0.0,1.0,2025.08.20
8744ea486ffffff,1,798600.0,220.66869300911853,19.0,0.0,0.0,,2025.08.20
8744ea488ffffff,7,434900.0,178.125,114.0,-5000.0,-1.1366219595362583,,2025.08.20
8744ea489ffffff,7,629999.0,180.90081220772828,115.0,-10001.0,-1.56265625,,2025.08.20
8744ea48affffff,6,476450.0,163.72881731878272,282.5,-9550.0,-1.84479182101052,1.0,2025.08.20
8744ea48bffffff,7,569999.0,146.15358974358975,132.0,-16500.0,-4.038461538461538,,2025.08.20
8744ea48cffffff,11,564000.0,179.93973310374517,229.0,0.0,0.0,,2025.08.20
8744ea48dffffff,6,359500.0,139.59207758169515,55.5,0.0,0.0,,2025.08.20
8744ea48effffff,6,399900.0,217.00943547097393,74.0,-5000.5,-1.3193268404225091,,2025.08.20
8744ea490ffffff,17,540000.0,250.17253278122843,168.0,0.0,0.0,1.0,2025.08.20
8744ea491ffffff,26,542500.0,225.52354877231818,136.0,-2500.0,-0.8067118425298484,,2025.08.20
8744ea492ffffff,3,1099000.0,256.4162389174055,222.0,0.0,0.0,,2025.08.20
8744ea493ffffff,5,855000.0,236.91044776119404,103.0,0.0,0.0,1.0,2025.08.20
8744ea494ffffff,9,500000.0,234.9624060150376,72.0,-4000.0,-1.1299435028248588,,2025.08.20
8744ea495ffffff,16,799450.0,235.94179504899753,74.0,0.0,0.0,,2025.08.20
8744ea496ffffff,8,557450.0,229.85848689540614,88.5,-5500.0,-1.0413334302748292,1.0,2025.08.20
8744ea498ffffff,8,1015000.0,252.11150106574112,61.0,0.0,0.0,,2025.08.20
8744ea499ffffff,5,475000.0,208.08510638297872,3336.0,175100.0,70.06802721088435,,2025.08.20
8744ea49affffff,3,925000.0,211.18721461187215,160.0,-64000.0,-6.471183013144591,,2025.08.20
8744ea49bffffff,9,674900.0,188.67924528301887,215.0,0.0,0.0,,2025.08.20
8744ea49cffffff,24,602950.0,225.81014329292736,101.0,-20000.0,-2.703442838553931,,2025.08.20
8744ea49dffffff,11,574900.0,226.97795071335926,65.0,0.0,0.0,,2025.08.20
8744ea49effffff,8,1175000.0,234.3716104456373,120.0,0.0,0.0,,2025.08.20
8744ea4a0ffffff,5,380000.0,275.6994404476419,60.0,0.0,0.0,,2025.08.20
8744ea4a1ffffff,5,410000.0,243.06025727826676,62.0,0.0,0.0,,2025.08.20
8744ea4a2ffffff,6,508000.0,184.38627340598916,76.0,-150.0,-0.033340742387197156,,2025.08.20
8744ea4a3ffffff,2,581199.5,254.8760953346856,316.5,108749.5,47.282538755800445,,2025.08.20
8744ea4a4ffffff,1,335000.0,227.89115646258503,1101.0,335000.0,inf,,2025.08.20
8744ea4a5ffffff,2,362450.0,230.3381539148664,57.0,-7550.0,-2.126760563380282,,2025.08.20
8744ea4a6ffffff,2,224500.0,146.04090218844317,330.5,-25450.0,-7.273506716204629,,2025.08.20
8744ea4a8ffffff,3,389000.0,231.17569352708057,4207.0,305000.0,118.91279728199319,,2025.08.20
8744ea4a9ffffff,5,574900.0,195.8670260557053,80.0,0.0,0.0,,2025.08.20
8744ea4aaffffff,10,407450.0,190.36899256607245,56.5,-7550.5,-1.9776053639846742,,2025.08.20
8744ea4abffffff,11,624900.0,200.73883713459685,176.0,0.0,0.0,1.0,2025.08.20
8744ea4acffffff,8,439900.0,201.68789701120375,306.0,0.0,0.0,,2025.08.20
8744ea4adffffff,16,435735.0,183.65440575465948,149.5,0.0,0.0,1.0,2025.08.20
8744ea4aeffffff,3,775000.0,229.95618838992334,190.0,0.0,0.0,,2025.08.20
8744ea4b1ffffff,1,1800000.0,278.3361682387506,103.0,0.0,0.0,,2025.08.20
8744ea4b3ffffff,1,1095000.0,257.6470588235294,140.0,-205000.0,-15.769230769230768,,2025.08.20
8744ea4b4ffffff,1,779900.0,145.85749018141013,2049.0,329900.0,73.31111111111112,,2025.08.20
8744ea4b6ffffff,3,662900.0,212.28417775261818,77.0,-32000.0,-4.604979133688301,,2025.08.20
8744ea4c0ffffff,33,979000.0,494.8884758364312,281.0,0.0,0.0,,2025.08.20
8744ea4c1ffffff,4,597500.0,452.6578073089701,216.5,-40000.0,-6.837606837606838,,2025.08.20
8744ea4c2ffffff,21,785000.0,508.399209486166,204.0,0.0,0.0,,2025.08.20
8744ea4c3ffffff,21,1190000.0,390.625,719.0,0.0,0.0,,2025.08.20
8744ea4c4ffffff,2,602500.0,244.4949303035949,45.5,-20000.0,-3.28909612625538,,2025.08.20
8744ea4c5ffffff,7,522900.0,150.33834586466165,567.0,-12090.0,-2.259855324398587,,2025.08.20
8744ea4c6ffffff,1,370000.0,223.02591922845087,120.0,-5000.0,-1.3333333333333335,,2025.08.20
8744ea4ccffffff,1,1350000.0,,760.0,1344500.0,24445.454545454548,,2025.08.20
8744ea4ceffffff,2,499400.0,275.60706401766004,82.5,-500.0,-0.10002000400080016,,2025.08.20
8744ea4d0ffffff,3,599000.0,193.33333333333334,55.0,-11000.0,-4.016,1.0,2025.08.20
8744ea4d2ffffff,5,289900.0,152.55530129672007,84.0,0.0,0.0,,2025.08.20
8744ea4d3ffffff,19,254000.0,161.875,155.0,0.0,0.0,2.0,2025.08.20
8744ea4d4ffffff,4,382500.0,221.70152974080872,273.0,154977.5,233.33333333333334,1.0,2025.08.20
8744ea4d5ffffff,7,567000.0,177.72511848341233,37.0,0.0,0.0,1.0,2025.08.20
8744ea4d6ffffff,4,559000.0,191.07505431223927,74.5,0.0,0.0,,2025.08.20
8744ea4d8ffffff,2,259500.0,203.05164319248826,76.0,-18500.0,-6.654676258992806,1.0,2025.08.20
8744ea4dbffffff,1,179000.0,99.44444444444444,135.0,-86000.0,-32.45283018867924,,2025.08.20
8744ea4dcffffff,2,755500.0,205.57823129251702,498.0,0.0,0.0,,2025.08.20
8744ea4ddffffff,3,2950000.0,879.2846497764531,98.0,0.0,0.0,,2025.08.20
8744ea4deffffff,2,649000.0,125.11243334014921,1160.0,99550.0,22.12713936430318,,2025.08.20
8744ea4e0ffffff,15,825000.0,214.95083863504917,170.0,0.0,0.0,,2025.08.20
8744ea4e1ffffff,5,649700.0,177.56388981081977,360.0,-9590.0,-1.4545950947231112,,2025.08.20
8744ea4e2ffffff,2,1054682.5,244.89645039771042,1324.0,425050.0,106.289072268067,,2025.08.20
8744ea4e3ffffff,7,811500.0,238.6764705882353,92.0,-17500.0,-2.1109770808202653,,2025.08.20
8744ea4e4ffffff,6,629950.0,207.87563038467817,855.0,142550.0,23.568725987823175,,2025.08.20
8744ea4e5ffffff,3,574000.0,132.6554194592096,153.0,-26500.0,-4.450041981528128,1.0,2025.08.20
8744ea4e6ffffff,5,685610.0,203.08950477055885,160.0,-40.0,-0.005833880259607671,,2025.08.20
8744ea4eaffffff,3,729900.0,238.29578844270324,50.0,0.0,0.0,,2025.08.20
8744ea4ecffffff,2,589850.0,194.61738934464455,44.0,-34950.0,-6.803167218228273,,2025.08.20
8744ea4eeffffff,3,654700.0,230.4199385455787,266.0,-9145.0,-1.3369003501231644,,2025.08.20
8744ea4f0ffffff,10,887400.0,253.08132902186145,867.0,92550.0,20.196191575302944,,2025.08.20
8744ea4f1ffffff,4,847000.0,168.14020600455578,128.0,-52900.0,-5.884247808994601,,2025.08.20
8744ea4f2ffffff,5,779000.0,200.20446413358323,259.0,-10000.0,-3.076923076923077,,2025.08.20
8744ea4f3ffffff,12,1199000.0,274.73119937891636,130.5,0.0,0.0,,2025.08.20
8744ea4f4ffffff,1,349900.0,141.14562323517546,483.0,-40000.0,-10.2590407796871,,2025.08.20
8744ea4f5ffffff,7,600000.0,201.6370106761566,65.0,0.0,0.0,,2025.08.20
8744ea501ffffff,11,286500.0,218.1709503885236,73.0,-8400.0,-2.8484231943031535,,2025.08.20
8744ea503ffffff,2,298450.0,180.69072776184913,215.5,-11300.0,-3.7876191719994776,,2025.08.20
8744ea508ffffff,2,592450.0,193.48571958456972,79.0,-6500.0,-1.051779935275081,,2025.08.20
8744ea509ffffff,1,585000.0,213.11475409836066,188.0,-34900.0,-5.6299403129537025,,2025.08.20
8744ea50affffff,1,319900.0,209.63302752293578,81.0,0.0,0.0,,2025.08.20
8744ea50cffffff,6,443900.0,159.63401506996772,162.5,0.0,0.0,,2025.08.20
8744ea50effffff,7,442900.0,153.54654844838507,119.0,0.0,0.0,,2025.08.20
8744ea510ffffff,1,327900.0,158.86627906976744,128.0,-11100.0,-3.2743362831858405,,2025.08.20
8744ea512ffffff,6,301950.0,119.26909014264878,188.5,-10000.0,-6.002004008016032,,2025.08.20
8744ea513ffffff,1,779000.0,202.02282157676348,308.0,-421000.0,-35.083333333333336,,2025.08.20
8744ea514ffffff,3,365000.0,203.91061452513966,341.0,-20000.0,-5.194805194805195,,2025.08.20
8744ea515ffffff,1,299000.0,221.97475872308834,155.0,-27000.0,-8.282208588957054,,2025.08.20
8744ea519ffffff,2,279950.0,180.30913978494624,1485.0,10500.0,2.800370159492748,,2025.08.20
8744ea51affffff,2,349999.5,173.1055421554345,971.5,50050.0,14.304086881966278,,2025.08.20
8744ea51bffffff,1,989000.0,452.63157894736844,1239.0,231000.0,30.474934036939317,,2025.08.20
8744ea51cffffff,3,339000.0,182.64014466546112,84.0,-20000.0,-3.8095238095238098,,2025.08.20
8744ea51dffffff,1,270000.0,168.1195516811955,1730.0,70100.0,35.06753376688344,,2025.08.20
8744ea51effffff,1,565000.0,205.8287795992714,103.0,0.0,0.0,,2025.08.20
8744ea52affffff,1,147500.0,109.74702380952381,29.0,0.0,0.0,,2025.08.20
8744ea52bffffff,2,697350.0,271.97730622043593,329.0,-86400.0,-10.345541531129092,,2025.08.20
8744ea52effffff,1,2100000.0,302.4193548387097,4283.0,705000.0,50.53763440860215,,2025.08.20
8744ea530ffffff,2,381450.0,219.21769349243752,169.5,26450.0,11.25531914893617,,2025.08.20
8744ea531ffffff,1,50000.0,16.666666666666668,478.0,-4900.0,-8.925318761384334,,2025.08.20
8744ea532ffffff,1,239900.0,139.8018648018648,3388.0,140000.0,140.14014014014015,,2025.08.20
8744ea534ffffff,1,465000.0,137.04686118479222,800.0,-210000.0,-31.11111111111111,,2025.08.20
8744ea535ffffff,1,359900.0,216.93791440626885,587.0,-55100.0,-13.277108433734941,,2025.08.20
8744ea536ffffff,1,379900.0,201.005291005291,40.0,0.0,0.0,,2025.08.20
8744ea54dffffff,2,350000.0,129.8642609694526,134.0,-12500.0,-2.7777777777777777,,2025.08.20
8744ea54effffff,1,1275000.0,597.7496483825598,1506.0,-15000.0,-1.1627906976744187,,2025.08.20
8744ea554ffffff,2,1477000.0,324.622803077815,407.5,-343000.0,-15.819819819819822,,2025.08.20
8744ea555ffffff,2,532945.0,245.1380480165358,208.0,-29550.0,-5.234440282755905,,2025.08.20
8744ea556ffffff,1,574900.0,164.25714285714287,923.0,-74100.0,-11.417565485362095,,2025.08.20
8744ea558ffffff,1,649999.0,239.67514749262537,119.0,0.0,0.0,,2025.08.20
8744ea55affffff,2,449450.0,178.96769080824527,637.5,184450.0,inf,,2025.08.20
8744ea55bffffff,4,317500.0,161.60002493379068,1644.0,55000.0,61.111111111111114,1.0,2025.08.20
8744ea55cffffff,1,329900.0,207.35386549340038,54.0,-10000.0,-2.9420417769932334,,2025.08.20
8744ea55dffffff,1,680500.0,243.81941956288068,419.0,-59500.0,-8.04054054054054,,2025.08.20
8744ea55effffff,1,599900.0,171.7434869739479,314.0,-50100.0,-7.707692307692307,,2025.08.20
8744ea563ffffff,2,649450.0,212.90702177138468,1066.0,107000.0,23.17247918169754,,2025.08.20
8744ea568ffffff,1,249900.0,226.3586956521739,113.0,0.0,0.0,,2025.08.20
8744ea56affffff,3,275000.0,237.5,41.0,0.0,0.0,,2025.08.20
8744ea56cffffff,2,229450.0,145.0106292517007,146.5,-5450.0,-2.180872348939576,,2025.08.20
8744ea56dffffff,2,242000.0,159.10218253968253,84.0,0.0,0.0,,2025.08.20
8744ea580ffffff,1,849900.0,243.10640732265446,195.0,-50000.0,-5.5561729081009,,2025.08.20
8744ea581ffffff,2,496996.5,226.5135433209811,680.5,160187.0,inf,,2025.08.20
8744ea582ffffff,6,525750.0,183.6143090695367,90.0,-8000.0,-1.5575177062616223,1.0,2025.08.20
8744ea583ffffff,2,449000.0,183.29050057923297,33.0,-13000.0,-2.2608695652173916,,2025.08.20
8744ea586ffffff,4,622499.5,178.1373978464998,118.5,-12450.5,-1.9157562701954147,,2025.08.20
8744ea588ffffff,1,699000.0,208.3457526080477,95.0,-10000.0,-1.4104372355430184,,2025.08.20
8744ea589ffffff,1,339900.0,224.95036399735275,13.0,0.0,0.0,,2025.08.20
8744ea58affffff,1,720000.0,175.1824817518248,27.0,-40000.0,-5.263157894736842,,2025.08.20
8744ea58bffffff,3,355000.0,183.84256861729673,110.0,0.0,0.0,,2025.08.20
8744ea58cffffff,6,581946.5,194.6176283905894,99.0,-5500.0,-1.1453120757205477,,2025.08.20
8744ea58dffffff,1,2195000.0,552.3402113739305,76.0,0.0,0.0,,2025.08.20
8744ea58effffff,4,574946.5,198.0311088290857,88.0,-2968.0,-0.4779934581892616,,2025.08.20
8744ea590ffffff,1,264900.0,184.98603351955308,357.0,-35100.0,-11.700000000000001,,2025.08.20
8744ea591ffffff,3,685000.0,200.90845562543674,205.0,-33000.0,-4.471544715447155,,2025.08.20
8744ea592ffffff,2,509499.5,211.4531271667613,30.0,-2000.5,-0.5815406976744186,,2025.08.20
8744ea593ffffff,6,648424.5,186.67030504610122,178.5,0.0,0.0,,2025.08.20
8744ea594ffffff,1,350000.0,222.36340533672174,12.0,0.0,0.0,,2025.08.20
8744ea595ffffff,4,649299.5,155.8129316612141,384.5,-30200.5,-4.109893789595985,,2025.08.20
8744ea596ffffff,3,680000.0,222.44030094864246,24.0,0.0,0.0,,2025.08.20
8744ea598ffffff,3,624900.0,175.7805907172996,83.0,0.0,0.0,,2025.08.20
8744ea599ffffff,6,574900.0,200.74342533466793,303.5,0.0,0.0,,2025.08.20
8744ea59affffff,2,687499.5,387.29426749561617,43.0,-2500.5,-0.7577272727272728,,2025.08.20
8744ea59bffffff,2,602000.0,170.98433141168087,264.5,-52500.0,-7.642140863724517,,2025.08.20
8744ea59cffffff,3,679000.0,158.2114600815152,51.0,-15600.0,-2.2458969190901237,,2025.08.20
8744ea59dffffff,1,834900.0,256.9713758079409,395.0,-5000.0,-0.5953089653530182,,2025.08.20
8744ea5a0ffffff,3,315000.0,168.99141630901286,111.0,0.0,0.0,,2025.08.20
8744ea5a1ffffff,1,475000.0,205.44982698961937,20.0,0.0,0.0,,2025.08.20
8744ea5a3ffffff,1,699900.0,232.5249169435216,321.0,-175100.0,-20.01142857142857,,2025.08.20
8744ea5a4ffffff,5,325000.0,180.9576837416481,22.0,0.0,0.0,,2025.08.20
8744ea5a8ffffff,1,525000.0,217.75197013687267,2004.0,205086.0,64.10660364973086,,2025.08.20
8744ea5aaffffff,1,249900.0,159.375,15.0,0.0,0.0,,2025.08.20
8744ea5abffffff,3,445000.0,159.84195402298852,329.0,-19901.0,-6.221006564551422,,2025.08.20
8744ea5acffffff,1,1599900.0,188.93481341521021,1401.0,9900.0,0.6226415094339622,,2025.08.20
8744ea5adffffff,3,425000.0,212.4493927125506,43.0,0.0,0.0,,2025.08.20
8744ea5b3ffffff,1,449500.0,223.07692307692307,101.0,-44500.0,-9.008097165991904,,2025.08.20
8744ea600ffffff,6,313500.0,154.40092361383404,84.0,-2500.0,-0.847457627118644,1.0,2025.08.20
8744ea601ffffff,9,309900.0,166.9719827586207,531.0,0.0,0.0,,2025.08.20
8744ea602ffffff,5,239900.0,189.6219135802469,171.0,-5000.0,-2.0408163265306123,,2025.08.20
8744ea604ffffff,9,305000.0,154.38230383973288,175.0,0.0,0.0,,2025.08.20
8744ea605ffffff,15,320000.0,154.0909090909091,160.0,0.0,0.0,,2025.08.20
8744ea608ffffff,7,338900.0,158.25621042377009,96.0,-1090.0,-0.30447777870890247,,2025.08.20
8744ea60cffffff,3,299000.0,120.55555555555556,114.0,0.0,0.0,,2025.08.20
8744ea60dffffff,17,244990.0,172.89343683839095,49.0,0.0,0.0,1.0,2025.08.20
8744ea60effffff,7,397000.0,228.75,41.0,0.0,0.0,,2025.08.20
8744ea610ffffff,17,274990.0,162.23598820058996,81.0,0.0,0.0,,2025.08.20
8744ea611ffffff,2,747750.0,197.83438506685496,593.5,-7000.0,-2.2617124394184165,,2025.08.20
8744ea612ffffff,15,360000.0,159.46652719665272,218.0,0.0,0.0,1.0,2025.08.20
8744ea613ffffff,12,262500.0,164.50132191914201,79.5,-2500.0,-0.6426735218508998,,2025.08.20
8744ea614ffffff,19,372990.0,159.77564102564102,176.0,0.0,0.0,1.0,2025.08.20
8744ea615ffffff,6,299450.0,184.86307749052435,65.0,0.0,0.0,,2025.08.20
8744ea616ffffff,7,295000.0,164.5287228109314,285.0,-9100.0,-2.852664576802508,1.0,2025.08.20
8744ea618ffffff,8,277450.0,201.70998632010944,92.0,0.0,0.0,,2025.08.20
8744ea619ffffff,3,320000.0,235.9882005899705,48.0,0.0,0.0,,2025.08.20
8744ea61affffff,3,330000.0,170.80745341614906,15.0,0.0,0.0,,2025.08.20
8744ea61cffffff,6,292450.0,159.12458504726854,869.0,125000.0,inf,,2025.08.20
8744ea61dffffff,3,250000.0,118.09145129224652,49.0,0.0,0.0,,2025.08.20
8744ea61effffff,15,309900.0,162.26551226551226,190.0,-5000.0,-1.5,1.0,2025.08.20
8744ea620ffffff,2,353950.0,190.76861359054078,407.5,-23500.0,-4.12280701754386,,2025.08.20
8744ea621ffffff,1,664900.0,276.9262807163682,149.0,5000.0,0.7576905591756327,,2025.08.20
8744ea622ffffff,5,594900.0,201.79267342166796,80.0,-1000.0,-0.38476337052712584,,2025.08.20
8744ea623ffffff,1,625000.0,282.29448961156277,97.0,0.0,0.0,,2025.08.20
8744ea628ffffff,1,399800.0,278.21851078636047,5621.0,284800.0,247.65217391304347,,2025.08.20
8744ea629ffffff,1,339999.0,189.73158482142858,38.0,-10001.0,-2.8574285714285717,,2025.08.20
8744ea62affffff,11,339900.0,196.53045489591364,158.0,0.0,0.0,1.0,2025.08.20
8744ea62bffffff,3,300000.0,173.8673139158576,44.0,-15000.0,-6.524575902566333,,2025.08.20
8744ea62cffffff,1,349999.0,184.59862869198312,112.0,60000.0,20.689726516298332,,2025.08.20
8744ea62dffffff,1,129000.0,191.96428571428572,28.0,0.0,0.0,,2025.08.20
8744ea62effffff,4,311249.5,145.60887882074428,76.0,0.0,0.0,,2025.08.20
8744ea631ffffff,3,429900.0,234.85139022051774,92.0,-5000.0,-1.3336889837289942,,2025.08.20
8744ea632ffffff,13,326900.0,181.61111111111111,463.0,0.0,0.0,,2025.08.20
8744ea633ffffff,2,524933.5,171.93568349484667,2193.5,104433.5,114.7620879120879,,2025.08.20
8744ea634ffffff,3,645000.0,245.34043362495245,187.0,55000.0,8.59375,,2025.08.20
8744ea635ffffff,1,470000.0,194.85903814262022,202.0,-50000.0,-9.615384615384617,,2025.08.20
8744ea636ffffff,1,589900.0,191.2155591572123,3012.0,250000.0,73.55104442483083,,2025.08.20
8744ea640ffffff,1,270000.0,143.23607427055703,84.0,-30000.0,-10.0,,2025.08.20
8744ea641ffffff,1,499000.0,114.29225836005497,90.0,-701000.0,-58.416666666666664,,2025.08.20
8744ea645ffffff,1,439900.0,242.10236653824987,26.0,0.0,0.0,,2025.08.20
8744ea650ffffff,2,286450.0,256.009455554419,51.0,0.0,0.0,,2025.08.20
8744ea654ffffff,1,309900.0,161.40625,49.0,-40000.0,-11.431837667905116,,2025.08.20
8744ea655ffffff,1,850000.0,358.0454928390901,682.0,-150000.0,-15.0,,2025.08.20
8744ea656ffffff,2,357000.0,182.7796695174744,650.0,-92000.0,-15.358931552587645,,2025.08.20
8744ea65effffff,1,309000.0,187.27272727272728,37.0,0.0,0.0,,2025.08.20
8744ea660ffffff,1,825000.0,175.68143100511074,2944.0,356000.0,75.90618336886993,,2025.08.20
8744ea661ffffff,1,270000.0,166.46115906288532,40.0,-5000.0,-1.8181818181818181,,2025.08.20
8744ea663ffffff,2,484500.0,255.6311274509804,219.0,-94500.0,-10.62992125984252,,2025.08.20
8744ea665ffffff,1,499900.0,169.34281842818427,20.0,0.0,0.0,,2025.08.20
8744ea666ffffff,1,239000.0,104.23026602703881,122.0,0.0,0.0,,2025.08.20
8744ea66effffff,1,464900.0,173.47014925373134,115.0,-10100.0,-2.126315789473684,,2025.08.20
8744ea673ffffff,1,389000.0,203.13315926892952,83.0,0.0,0.0,,2025.08.20
8744ea674ffffff,1,750000.0,303.275374039628,118.0,-49000.0,-6.132665832290362,,2025.08.20
8744ea675ffffff,4,797450.0,256.74792516521853,209.0,10000.0,1.4814814814814816,,2025.08.20
8744ea680ffffff,2,244450.0,210.7103786149163,160.5,-20050.0,-6.913793103448277,,2025.08.20
8744ea681ffffff,6,378450.0,171.12733647720205,152.5,-4000.0,-1.1334655709832813,,2025.08.20
8744ea682ffffff,2,329950.0,117.6535177602996,102.0,137500.0,inf,1.0,2025.08.20
8744ea683ffffff,7,299000.0,148.8095238095238,1179.0,160100.0,94.23190111830489,2.0,2025.08.20
8744ea685ffffff,1,325000.0,236.36363636363637,19.0,0.0,0.0,,2025.08.20
8744ea686ffffff,5,295000.0,168.488253319714,36.0,0.0,0.0,,2025.08.20
8744ea688ffffff,4,334950.0,167.3949618888269,2133.5,34500.0,71.7270472472961,,2025.08.20
8744ea689ffffff,8,304998.0,198.3934251624056,298.0,0.0,0.0,1.0,2025.08.20
8744ea68affffff,5,428900.0,163.46153846153845,75.0,-90.0,-0.02097951001188839,,2025.08.20
8744ea68bffffff,9,375000.0,158.17765916889059,1042.0,33000.0,9.377664109121909,,2025.08.20
8744ea68cffffff,16,352450.0,179.80696883924722,82.5,-2500.0,-0.6851192107426692,1.0,2025.08.20
8744ea68dffffff,3,309900.0,207.8159645232816,168.0,14900.0,5.0508474576271185,,2025.08.20
8744ea68effffff,10,354950.0,155.67163170834348,89.0,0.0,0.0,1.0,2025.08.20
8744ea690ffffff,18,304949.5,159.83696849526328,266.0,0.0,0.0,3.0,2025.08.20
8744ea691ffffff,5,400000.0,217.63085399449037,129.0,-12500.0,-3.067484662576687,,2025.08.20
8744ea692ffffff,21,304000.0,149.4635357006491,187.0,0.0,0.0,1.0,2025.08.20
8744ea693ffffff,7,384999.0,181.0515873015873,90.0,0.0,0.0,,2025.08.20
8744ea694ffffff,21,378210.0,164.46473029045643,98.0,0.0,0.0,,2025.08.20
8744ea695ffffff,1,699900.0,285.6734693877551,8.0,0.0,0.0,,2025.08.20
8744ea696ffffff,19,250000.0,165.07261410788382,170.0,0.0,0.0,2.0,2025.08.20
8744ea698ffffff,9,379900.0,199.4718309859155,146.0,0.0,0.0,1.0,2025.08.20
8744ea699ffffff,9,422000.0,163.92857142857142,116.0,-15000.0,-3.0,,2025.08.20
8744ea69affffff,4,375000.0,193.12663402644029,72.5,0.0,0.0,,2025.08.20
8744ea69bffffff,11,365000.0,175.74609189957366,83.0,0.0,0.0,,2025.08.20
8744ea69cffffff,22,394950.0,177.56539709599986,73.0,-2500.0,-0.6666666666666667,2.0,2025.08.20
8744ea69dffffff,10,312250.0,150.53732315149068,103.0,0.0,0.0,2.0,2025.08.20
8744ea69effffff,4,467495.0,164.1248994115576,380.5,167450.0,57.74137931034483,,2025.08.20
8744ea6a0ffffff,2,396500.0,234.1431768988587,43.0,-12500.0,-2.7777777777777777,,2025.08.20
8744ea6a1ffffff,47,427990.0,163.2182936202921,148.0,-900.0,-0.23382696804364772,2.0,2025.08.20
8744ea6a2ffffff,1,215000.0,179.6157059314954,302.0,-5000.0,-2.272727272727273,,2025.08.20
8744ea6a3ffffff,13,386900.0,192.0939147101102,48.0,0.0,0.0,,2025.08.20
8744ea6a4ffffff,2,380000.0,144.52011403230915,591.5,-52500.0,-9.722222222222223,,2025.08.20
8744ea6a5ffffff,6,293000.0,140.5119313660078,294.5,-20000.0,-6.287385991408901,2.0,2025.08.20
8744ea6a6ffffff,4,411750.0,192.1004571086808,749.0,154013.0,947.8664990685305,,2025.08.20
8744ea6a8ffffff,2,361449.5,197.77447219744278,181.0,-6500.0,-1.6965646016377618,,2025.08.20
8744ea6a9ffffff,17,449602.0,182.1319018404908,617.0,14900.0,3.01010101010101,,2025.08.20
8744ea6aaffffff,4,277400.0,133.32609395109395,372.0,-34550.0,-12.213211286705263,,2025.08.20
8744ea6abffffff,10,373900.0,172.85371101317082,124.0,0.0,0.0,,2025.08.20
8744ea6acffffff,11,355500.0,155.812324929972,102.0,0.0,0.4098360655737705,,2025.08.20
8744ea6adffffff,9,355000.0,174.37209302325581,26.0,0.0,0.0,,2025.08.20
8744ea6aeffffff,9,382990.0,147.6426533523538,114.0,33500.0,13.617886178861788,,2025.08.20
8744ea6b0ffffff,7,254900.0,180.76923076923077,755.0,0.0,0.0,1.0,2025.08.20
8744ea6b1ffffff,2,284950.0,103.31866398751782,4256.0,224125.0,470.97305353236703,1.0,2025.08.20
8744ea6b2ffffff,4,244950.0,179.56500194561994,1473.5,62550.0,42.66257068290561,,2025.08.20
8744ea6b3ffffff,3,475000.0,118.39481555333998,115.0,0.0,0.0,,2025.08.20
8744ea6b4ffffff,9,445000.0,163.84039900249377,84.0,0.0,0.0,,2025.08.20
8744ea6b5ffffff,5,455000.0,153.23096609085093,54.0,0.0,0.0,,2025.08.20
8744ea6b6ffffff,18,251000.0,156.8118444614991,146.5,-12050.0,-3.764705882352941,2.0,2025.08.20
8744ea6c4ffffff,9,340000.0,196.19157530294288,79.0,-100.0,-0.034482758620689655,,2025.08.20
8744ea6c5ffffff,1,324900.0,250.5011565150347,16.0,0.0,0.0,,2025.08.20
8744ea6c8ffffff,12,299450.0,199.78179551122196,181.0,-2200.0,-0.7335778592864288,2.0,2025.08.20
8744ea6c9ffffff,1,430000.0,135.64668769716087,267.0,-119900.0,-21.80396435715585,,2025.08.20
8744ea6ccffffff,27,334990.0,186.35346756152126,69.0,0.0,0.0,1.0,2025.08.20
8744ea6cdffffff,4,248200.0,206.07871097622353,70.0,0.0,0.0,,2025.08.20
8744ea6ceffffff,1,485000.0,259.0811965811966,27.0,0.0,0.0,,2025.08.20
8744ea6d0ffffff,1,249900.0,260.3125,30.0,0.0,0.0,,2025.08.20
8744ea6d2ffffff,1,319900.0,153.42925659472422,216.0,-5100.0,-1.5692307692307692,,2025.08.20
8744ea6d3ffffff,7,339000.0,163.53111432706223,134.0,0.0,0.0,1.0,2025.08.20
8744ea6d6ffffff,2,425450.0,179.29307783719548,621.0,242950.0,inf,,2025.08.20
8744ea6daffffff,6,347450.0,146.64574898785423,81.5,-100.0,-0.05002501250625312,,2025.08.20
8744ea6dcffffff,1,295000.0,210.26372059871704,128.0,-20000.0,-6.349206349206349,,2025.08.20
8744ea6ddffffff,2,305000.0,199.0546218487395,1535.5,107500.0,inf,,2025.08.20
8744ea6deffffff,5,355000.0,156.25978090766824,70.0,-5000.0,-1.4496955639315743,,2025.08.20
8744ea6e0ffffff,8,409450.0,214.657494017396,91.0,0.0,0.0,,2025.08.20
8744ea6e1ffffff,6,267250.0,180.00392486505297,145.0,-34249.5,-8.756293814546463,,2025.08.20
8744ea6e2ffffff,5,339999.0,214.32765707574868,420.0,-10000.0,-2.8571510204314867,,2025.08.20
8744ea6e3ffffff,5,454900.0,233.45549738219896,145.0,0.0,0.0,,2025.08.20
8744ea6e5ffffff,18,239990.0,169.3648553281581,97.0,-4800.0,-1.875078128255344,,2025.08.20
8744ea6e6ffffff,3,220000.0,137.29395604395606,56.0,-29900.0,-11.964785914365745,,2025.08.20
8744ea6e8ffffff,4,305000.0,187.67907501410042,579.5,64950.0,19.32787674530573,,2025.08.20
8744ea6eaffffff,3,236500.0,179.37219730941703,86.0,0.0,0.0,,2025.08.20
8744ea6ebffffff,10,255000.0,211.82725398493466,427.0,5250.0,1.8134715025906734,1.0,2025.08.20
8744ea6eeffffff,4,379950.0,211.62242140519146,89.5,-2500.0,-0.684931506849315,,2025.08.20
8744ea6f0ffffff,3,324900.0,199.65277777777777,63.0,0.0,0.0,,2025.08.20
8744ea6f1ffffff,5,394900.0,213.83333333333334,157.0,-40000.0,-8.001600320064012,,2025.08.20
8744ea6f4ffffff,1,450000.0,244.69820554649266,2269.0,450000.0,inf,,2025.08.20
8744ea6f5ffffff,2,275499.5,211.62957875457874,2043.5,10599.5,4.34659758866033,,2025.08.20
8744ea6f6ffffff,1,369000.0,201.30932896890343,832.0,-56000.0,-13.176470588235295,,2025.08.20
8744ea700ffffff,2,409900.0,151.48499430356446,944.5,22486.0,5.793805694194077,,2025.08.20
8744ea701ffffff,8,332500.0,151.14850819913073,87.5,0.0,0.0,,2025.08.20
8744ea702ffffff,4,339250.0,153.84714817538378,1937.5,219300.0,inf,,2025.08.20
8744ea703ffffff,7,275000.0,155.82075012177302,105.0,-23255.0,-6.776820970115545,,2025.08.20
8744ea704ffffff,10,398675.0,147.11359026369166,1163.0,235400.0,99.84468308014667,,2025.08.20
8744ea705ffffff,14,260000.0,177.43741765480897,590.5,74500.0,49.684256170780515,,2025.08.20
8744ea706ffffff,11,625000.0,184.9630021141649,68.0,0.0,0.0,1.0,2025.08.20
8744ea709ffffff,2,242500.0,136.25957160596028,107.5,-19950.0,-8.437889055382849,,2025.08.20
8744ea70affffff,2,337000.0,164.7183315101206,492.0,29500.0,9.365079365079366,,2025.08.20
8744ea70cffffff,9,234900.0,176.84615384615384,1412.0,35000.0,15.916325602546614,,2025.08.20
8744ea70dffffff,5,415000.0,164.2720672525793,79.0,0.0,0.0,,2025.08.20
8744ea70effffff,1,96000.0,75.23510971786834,4165.0,-3900.0,-3.903903903903904,,2025.08.20
8744ea711ffffff,1,139900.0,115.04934210526316,62.0,0.0,0.0,,2025.08.20
8744ea714ffffff,1,385000.0,213.88888888888889,54.0,0.0,0.0,,2025.08.20
8744ea715ffffff,3,269900.0,193.02325581395348,26.0,0.0,0.0,,2025.08.20
8744ea716ffffff,2,2079950.0,405.5873541469568,143.0,-35000.0,-10.60927553804183,,2025.08.20
8744ea718ffffff,7,266000.0,155.2754982415006,72.0,-10000.0,-4.767580452920143,1.0,2025.08.20
8744ea71affffff,4,383147.5,220.08537886284944,752.0,-27500.0,-6.960641817344273,,2025.08.20
8744ea71bffffff,7,669000.0,195.24665981500513,98.0,0.0,0.0,,2025.08.20
8744ea71dffffff,4,307000.0,157.14668623593457,92.5,-18000.0,-5.435338349498142,,2025.08.20
8744ea71effffff,9,259500.0,167.63565891472868,236.0,500.0,0.19305019305019305,,2025.08.20
8744ea720ffffff,8,263500.0,151.73879258816498,178.5,-6000.0,-4.746722115816604,,2025.08.20
8744ea721ffffff,6,407500.0,194.5768886864188,455.0,89500.0,37.28873367528829,,2025.08.20
8744ea722ffffff,1,498900.0,174.501573976915,14.0,0.0,0.0,,2025.08.20
8744ea723ffffff,6,313535.0,190.830797321972,205.5,-28425.0,-8.718169319958875,,2025.08.20
8744ea724ffffff,2,567450.0,191.56297147850103,100.5,0.0,0.0,,2025.08.20
8744ea725ffffff,5,769900.0,187.94423182066703,317.0,0.0,0.0,,2025.08.20
8744ea726ffffff,1,200000.0,133.6898395721925,2538.0,200000.0,inf,,2025.08.20
8744ea728ffffff,3,295000.0,195.75,159.0,5000.0,0.5882352941176471,,2025.08.20
8744ea729ffffff,3,299900.0,190.93686354378818,48.0,0.0,0.0,,2025.08.20
8744ea72affffff,3,247000.0,188.2426778242678,110.0,-5000.0,-2.0,,2025.08.20
8744ea72bffffff,1,265000.0,233.68606701940035,37.0,0.0,0.0,,2025.08.20
8744ea72cffffff,5,494700.0,255.0,271.0,6000.0,1.380897583429229,,2025.08.20
8744ea72dffffff,3,424900.0,162.98239040839266,1055.0,34986.0,9.208926230673258,,2025.08.20
8744ea72effffff,6,350000.0,181.50817106390545,91.0,0.0,0.0,,2025.08.20
8744ea730ffffff,6,562410.0,169.58431142012208,92.5,-5000.0,-1.6666666666666667,,2025.08.20
8744ea731ffffff,9,620995.0,167.06298200514138,112.0,0.0,0.0,,2025.08.20
8744ea732ffffff,3,300000.0,197.49835418038182,126.0,0.0,0.0,,2025.08.20
8744ea733ffffff,1,489900.0,174.52796579978624,257.0,0.0,0.0,,2025.08.20
8744ea734ffffff,1,679914.0,234.3722854188211,440.0,0.0,0.0,,2025.08.20
8744ea741ffffff,2,285000.0,209.32033527696794,48.0,0.0,0.0,,2025.08.20
8744ea742ffffff,13,369900.0,170.57569296375266,206.0,0.0,0.0,1.0,2025.08.20
8744ea743ffffff,4,399900.0,187.7706985674091,155.0,-7450.0,-2.5698516729906866,,2025.08.20
8744ea746ffffff,1,499999.0,234.41115799343646,27.0,0.0,0.0,,2025.08.20
8744ea74affffff,1,249900.0,222.33096085409252,70.0,-10000.0,-3.8476337052712584,,2025.08.20
8744ea750ffffff,4,362000.0,177.41060599523487,1437.5,120500.0,61.35226603884638,,2025.08.20
8744ea751ffffff,5,439000.0,183.8860103626943,507.0,20000.0,5.715918833952558,,2025.08.20
8744ea752ffffff,1,289000.0,234.19773095623987,2381.0,154100.0,114.23276501111934,,2025.08.20
8744ea754ffffff,2,619950.0,193.91979578392622,144.5,384950.0,inf,,2025.08.20
8744ea756ffffff,1,545000.0,455.685618729097,197.0,-5000.0,-0.9090909090909091,,2025.08.20
8744ea758ffffff,1,499999.0,164.90732189973616,2197.0,174999.0,53.84584615384615,,2025.08.20
8744ea75bffffff,1,285000.0,219.90740740740742,15.0,0.0,0.0,,2025.08.20
8744ea75cffffff,16,384900.0,185.82459818308874,127.5,0.0,0.0,,2025.08.20
8744ea75dffffff,11,395000.0,155.1293103448276,1831.0,244375.0,166.66666666666669,,2025.08.20
8744ea75effffff,1,365000.0,291.76658673061553,49.0,0.0,0.0,,2025.08.20
8744ea760ffffff,1,534900.0,257.65895953757223,3585.0,274900.0,105.73076923076923,,2025.08.20
8744ea761ffffff,4,602300.0,300.0,27.0,0.0,0.0,,2025.08.20
8744ea766ffffff,1,299900.0,190.29187817258884,113.0,-125100.0,-29.43529411764706,,2025.08.20
8744ea770ffffff,1,249900.0,156.57894736842104,4162.0,174901.0,233.20444272590302,,2025.08.20
8744ea771ffffff,7,275000.0,155.17241379310346,103.0,-6000.0,-1.4251781472684086,1.0,2025.08.20
8744ea772ffffff,1,240504.0,160.97991967871485,79.0,-32396.0,-11.871015023818249,,2025.08.20
8744ea775ffffff,3,415000.0,182.8193832599119,302.0,0.0,0.0,,2025.08.20
8744ea780ffffff,4,432250.0,142.111180645713,123.5,-20050.0,-4.499375780274656,,2025.08.20
8744ea782ffffff,2,344950.0,317.674530111239,127.5,-12500.0,-3.125,,2025.08.20
8744ea783ffffff,1,629900.0,177.93785310734464,36.0,0.0,0.0,,2025.08.20
8744ea784ffffff,6,507447.5,168.89197792074094,605.5,201247.5,64.14094395046047,,2025.08.20
8744ea785ffffff,4,486650.0,175.09662295597963,117.0,-20050.0,-4.188992731048805,,2025.08.20
8744ea786ffffff,8,658257.5,193.83469770515,869.0,2500.0,0.4629629629629629,,2025.08.20
8744ea788ffffff,2,595000.0,177.30074369581826,1040.0,280000.0,inf,,2025.08.20
8744ea789ffffff,3,220000.0,120.68019747668679,3938.0,100000.0,96.68737060041408,,2025.08.20
8744ea78affffff,3,525000.0,116.80327868852459,1485.0,525000.0,153.33333333333334,,2025.08.20
8744ea78bffffff,1,625000.0,279.26720285969617,440.0,-74900.0,-10.701528789827117,,2025.08.20
8744ea78cffffff,19,379900.0,157.0952380952381,163.0,0.0,0.0,1.0,2025.08.20
8744ea78dffffff,1,3750000.0,235.00658018424517,112.0,0.0,0.0,,2025.08.20
8744ea78effffff,4,585000.0,162.1839028201103,348.0,93500.0,5.860970217193393,,2025.08.20
8744ea791ffffff,2,554950.0,126.94836776941924,184.5,-44500.0,-9.687498050965074,,2025.08.20
8744ea792ffffff,1,849000.0,134.2504743833017,5202.0,350000.0,70.14028056112225,,2025.08.20
8744ea793ffffff,3,730930.0,196.96308272702777,168.0,-75.0,-0.010757700720765949,,2025.08.20
8744ea794ffffff,1,319900.0,136.30166169578186,5266.0,194900.0,155.92,,2025.08.20
8744ea795ffffff,8,617500.0,199.92884906624658,504.5,52550.0,10.087719298245613,,2025.08.20
8744ea798ffffff,3,495000.0,189.72786508240705,130.0,-11000.0,-2.091254752851711,,2025.08.20
8744ea799ffffff,3,269000.0,203.78787878787878,202.0,0.0,0.0,,2025.08.20
8744ea79affffff,4,519900.0,224.4877999596693,424.0,116950.0,748.1355932203389,,2025.08.20
8744ea79bffffff,5,650000.0,175.80577647551277,27.0,0.0,0.0,,2025.08.20
8744ea79cffffff,5,499900.0,138.45363472900078,338.0,55095.0,14.289797084881394,,2025.08.20
8744ea79dffffff,4,344900.0,148.547848536804,254.5,-27250.0,-6.752873563218391,,2025.08.20
8744ea79effffff,3,209900.0,160.96625766871165,1790.0,209900.0,inf,1.0,2025.08.20
8744ea7a0ffffff,5,825000.0,189.26940639269407,791.0,780000.0,1733.3333333333333,,2025.08.20
8744ea7a1ffffff,3,675000.0,194.54329774614473,346.0,631500.0,1390.9090909090908,,2025.08.20
8744ea7a2ffffff,1,370000.0,190.82001031459515,497.0,108144.0,41.29903458389344,,2025.08.20
8744ea7a5ffffff,1,315000.0,157.5,76.0,-10000.0,-3.076923076923077,,2025.08.20
8744ea7a8ffffff,16,487183.5,205.50680421002772,373.5,0.0,0.0,,2025.08.20
8744ea7a9ffffff,2,352450.0,160.28704508920336,3328.5,201500.0,132.1308897994317,,2025.08.20
8744ea7aaffffff,14,649450.0,197.0937431161682,339.0,-5500.0,-1.1573426573426575,,2025.08.20
8744ea7abffffff,36,387500.0,177.56609147208815,349.0,0.0,0.0,,2025.08.20
8744ea7acffffff,4,270450.0,194.40912321509336,21.0,-1550.0,-0.5555555555555556,,2025.08.20
8744ea7adffffff,2,1209950.0,446.4749020597495,215.5,0.0,0.0,,2025.08.20
8744ea7aeffffff,1,518000.0,172.3793677204659,768.0,518000.0,inf,,2025.08.20
8744ea7b1ffffff,11,400000.0,180.67655236329935,225.0,4000.0,1.0392309690828787,,2025.08.20
8744ea7b3ffffff,5,734900.0,189.2608807622972,226.0,-25780.0,-3.52822028795095,,2025.08.20
8744eac4cffffff,1,459000.0,443.4782608695652,2298.0,459000.0,inf,,2025.08.20
8744eac6bffffff,1,349000.0,157.2072072072072,149.0,-50900.0,-12.728182045511376,,2025.08.20
8744eac9bffffff,1,320000.0,191.61676646706587,52.0,0.0,0.0,,2025.08.20
8744eacb3ffffff,1,349000.0,138.93312101910828,69.0,-10000.0,-2.785515320334262,,2025.08.20
8744eacdaffffff,1,342490.0,146.05117270788912,70.0,0.0,0.0,,2025.08.20
8744eacdbffffff,1,345000.0,83.4946757018393,244.0,-80000.0,-18.823529411764707,,2025.08.20
8744ead92ffffff,1,459900.0,154.3288590604027,44.0,-15000.0,-3.1585596967782688,,2025.08.20
